OR,82,ABIES BALSAMEA NANA,Dwarf Balsam Fir                                                                                    
OR,51315,ABIES CONCOLOR CANDICANS,Candicans White Fir                                                                                 
OR,1285,ACER F AUTUMN BLAZE R,Autumn Blaze®  Maple                                                                                
OR,485,ACER GIN RED RHAPSODY R,Red Rhapsody®  Amur Maple                                                                           
OR,845,ACER PAL EMPEROR I R,Emperor I®  Japanese Maple                                                                          
OR,01039MST,ACER PAL RED DRAGON R,Red Dragon®  Japanese Maple                                                                         
OR,60205,ACER PSEUDOSIEBOLDIANUM,Korean Maple                                                                                        
GA,1341,ACHILLEA MILL PAPRIKA,Paprika Common Yarrow                                                                               
GA,6241,ACHILLEA MILL SUMMER BERRIES,Summer Berries Yarrow                                                                               
OR,1351,ACHILLEA X MOONSHINE,Moonshine Yarrow                                                                                    
OR,80301,AJUGA CHOCOLATE CHIP,Chocolate Chip Carpet Bugle                                                                         
GA,1931,AJUGA REPTANS CATLIN'S GIANT,Catlin's Giant Carpet Bugle                                                                         
GA,00074UT,ANEMONE PULSATILLA,Pasque Flower                                                                                       
GA,65991,ANEMONE SEPTEMBER CHARM,September Charm Japanese Anemone                                                                    
OR,2741,ANEMONE SYLVESTRIS,Snowdrop Anemone                                                                                    
GA,15931,ANEMONE X HONORINE JOBERT,Honorine Jobert Japanese Anemone                                                                    
OR,38561,ANEMONE X SERENADE,Serenade Japanese Anemone                                                                           
OR,29351,AQUILEGIA CAE ORIGAMI MIX,Origami Mix Columbine                                                                               
OR,55482,ARALIA CORDATA GOTEMBA,Gotemba Golden Japanese Spikenard                                                                   
OR,3041,ARMERIA MAR BLOODSTONE,Bloodstone Thrift                                                                                   
OR,2691,ARMERIA MAR COTTON TAIL,Cotton Tail Thrift                                                                                  
OR,3075,ARONIA BRILLIANTISSIMA,Brilliant Red Chokeberry                                                                            
GA,1011,ARTEMISIA SCHM SILVER MOUND,Silvermound Artemisia                                                                               
OR,3401,ASTER ALMA POTSCHKE,Alma Potschke New England Aster                                                                     
CA,30091,ASTER FARMINGTON PPAF,Farmington Michaelmas Daisy                                                                         
CA,3391,ASTER NOVI-BELGII ALERT,Alert New York Aster                                                                                
GA,3411,ASTER PURPLE DOME,Purple Dome New England Aster                                                                       
OR,3611,ASTER TRIUMPH,Triumph Aster                                                                                       
OR,3521,ASTILBE CHINENSIS PUMILA,Chinese Astilbe                                                                                     
OR,3621,ASTILBE CHINENSIS VISIONS,Visions Astilbe                                                                                     
GA,3621,ASTILBE CHINENSIS VISIONS,Visions Astilbe                                                                                     
OR,27501,ASTILBE COLOR FLASH R PP17343,Color Flash®  Astilbe                                                                               
GA,27501,ASTILBE COLOR FLASH R PP17343,Color Flash®  Astilbe                                                                               
GA,3511,ASTILBE DEUTSCHLAND,Deutschland Astilbe                                                                                 
OR,3501,ASTILBE FANAL,Fanal Astilbe                                                                                       
GA,1621,ASTILBE GRANAT,Granat Astilbe                                                                                      
OR,1631,ASTILBE HENNIE GRAAFLAND,Hennie Graafland Star Astilbe                                                                       
OR,34331,ASTILBE MAGGIE DALEY,Maggie Daley Astilbe                                                                                
GA,1671,ASTILBE MONTGOMERY,Montgomery Astilbe                                                                                  
OR,1681,ASTILBE RED SENTINEL,Red Sentinel Astilbe                                                                                
GA,3541,ASTILBE RHEINLAND,Rheinland Astilbe                                                                                   
GA,59151,ASTILBE VISION IN PINK PP11860,Visions in Pink Astilbe                                                                             
GA,16341,ASTILBE VISION IN RED PP11965,Vision In Red Astilbe                                                                               
GA,2781,BAPTISIA 'PURPLE SMOKE',Purple Smoke False Indigo                                                                           
CA,2191,BAPTISIA AUSTRALIS,Blue False Indigo                                                                                   
GA,2191,BAPTISIA AUSTRALIS,Blue False Indigo                                                                                   
OR,12031,BER GOLDN NUGGET TM P9577 CBR,Golden Nugget™  Dwarf Japanese Barberry                                                             
OR,12032,BER GOLDN NUGGET TM P9577 CBR,Golden Nugget™  Dwarf Japanese Barberry                                                             
CA,074741S,BER SUNJOY R GOLD PILLAR PPAF,Sunjoy®  Gold Pillar Barberry                                                                       
OR,080771S,BER SUNJOY R MINI SALSA PPAF,Sunjoy®  Mini Salsa Barberry                                                                        
OR,2241,BER T CONCORDE,Concorde Japanese Barberry                                                                          
CA,2241,BER T CONCORDE,Concorde Japanese Barberry                                                                          
OR,2242,BER T CONCORDE,Concorde Japanese Barberry                                                                          
OR,12051,BER T CRIMSON PYGMY,Crimson Pygmy Dwarf Japanese Barberry                                                               
OR,12052,BER T CRIMSON PYGMY,Crimson Pygmy Dwarf Japanese Barberry                                                               
OR,35232,BER T GOLDEN RUBY R PP16203,Golden Ruby®  Barberry                                                                              
OR,12102,BER T HELMOND PILLAR,Helmond Pillar Barberry                                                                             
CA,20702,BER T LIME GLOW,Lime Glow Japanese Barberry                                                                         
OR,62931,BER T ORANGE ROCKET PP18411,Orange Rocket Barberry                                                                              
CA,62931,BER T ORANGE ROCKET PP18411,Orange Rocket Barberry                                                                              
OR,12202,BER T ROSE GLOW,Rose Glow Japanese Barberry                                                                         
OR,11932,BER T SUNSATION R PP11332 CBR,Sunsation®  Japanese Barberry                                                                       
CA,013055BH,BOUG PURPLE QUEEN R,Purple Queen®  Bougainvillea                                                                        
CA,013215BH,BOUG RASPBERRY ICE,Raspberry Ice Bougainvillea                                                                         
CA,35381,BRUNNERA MAC JACK FROST P13859,Jack Frost Siberian Bugloss                                                                         
OR,13651,BRUNNERA MAC VARIEGATA,Variegated Siberian Bugloss                                                                         
GA,074411S,BUD LO&BEHLD R BLU CHP PP19991,Blue Chip Dwarf Summer Lilac                                                                        
CA,13782,BUDDLEJA DAV BLACK KNIGHT,Black Knight Butterfly Bush                                                                         
GA,077391S,BUDDLEJA MISS MOLLY PPAF,Miss Molly Summer Lilac                                                                             
OR,013821S,BUXUS GREEN MOUNTAIN,Green Mountain Boxwood                                                                              
OR,13822,BUXUS GREEN MOUNTAIN,Green Mountain Boxwood                                                                              
CA,13822,BUXUS GREEN MOUNTAIN,Green Mountain Boxwood                                                                              
CA,13825,BUXUS GREEN MOUNTAIN,Green Mountain Boxwood                                                                              
OR,013825PY,BUXUS GREEN MOUNTAIN,Green Mountain Boxwood                                                                              
OR,013891S,BUXUS GREEN VELVET,Green Velvet Boxwood                                                                                
OR,13892,BUXUS GREEN VELVET,Green Velvet Boxwood                                                                                
OR,02235UT,CAMPANULA CAR DEEP BLUE CLIPS,Deep Blue Clips Bellflower                                                                          
GA,02235UT,CAMPANULA CAR DEEP BLUE CLIPS,Deep Blue Clips Bellflower                                                                          
OR,22361,CAMPANULA PORTENSCHLAGIANA,Dalmatian Bellflower                                                                                
CA,22711,CAMPSIS BALBOA SUNSET R,Balboa Sunset®  Trumpet Creeper                                                                     
CA,22551,CAMPSIS MADAME GALEN,Trumpet Creeper                                                                                     
OR,24032,CHAM PIS FIL GOLDEN CHARM,Golden Charm Thread-Branch Cypress                                                                  
OR,24191,CHELONE HOT LIPS,Hot Lips Turtlehead                                                                                 
GA,6351,CHRY (LEU) SUP REAL DREAM PPAF,Real Dream Shasta Daisy                                                                             
GA,26621,CHRYS (LEUCANTH) X SUP AGLAIA,Aglaia Shasta Daisy                                                                                 
OR,23021,CHRYS (LEUCANTH) X SUP BECKY,Becky Shasta Daisy                                                                                  
GA,23021,CHRYS (LEUCANTH) X SUP BECKY,Becky Shasta Daisy                                                                                  
GA,4221,CHRYS (LEUCANTH) X SUP SNOWCAP,Snowcap Shasta Daisy                                                                                
GA,00423UT,CHRYS (LEUCANTH) X SUP SNWLADY,Snow Lady Shasta Daisy                                                                              
OR,39512,CIMI S BLACK NEGLIGEE (ACTAEA),Black Negligee Snakeroot                                                                            
CA,26005,CITRUS IMPROVED MEYER LEMON,Improved Meyer Lemon                                                                                
OR,27251,CLEM INTEGRIFOLIA CAERULEA,Bushy Blue Bell Clematis                                                                            
OR,27472,CLEM PANICULATA,Sweet Autumn Clematis                                                                               
OR,21862,CLEM SAPPHIRE INDIGO TMPP17012,Sapphire Indigo™  Clematis                                                                          
OR,089921S,CLEM SWEET SUMMER LOVE PPAF,Sweet Summer Love Clematis                                                                          
OR,38002,CLEM TEX PRINCESS DIANA,Princess Diana Clematis                                                                             
OR,51481,CLEM VANCOUVER TM DANIELLE,Vancouver™  Danielle Clematis                                                                       
OR,51482,CLEM VANCOUVER TM DANIELLE,Vancouver™  Danielle Clematis                                                                       
OR,48741,CLEM VANCOUVER TM STARRY NGHTS,Vancouver™  Starry Nights Clematis                                                                  
OR,48742,CLEM VANCOUVER TM STARRY NGHTS,Vancouver™  Starry Nights Clematis                                                                  
OR,33492,CLEM X HANIA,Hania Clematis                                                                                      
OR,27262,CLEM X JACKMANII,Jackman Clematis                                                                                    
OR,44482,CLEM X JACKMANII SUPERBA,Jackman Superba Clematis                                                                            
OR,34432,CLEM X KILIAN DONAHUE,Kilian Donahue Clematis                                                                             
OR,27462,CLEM X NIOBE,Niobe Clematis                                                                                      
OR,26372,CLEM X TOKI,Toki Clematis                                                                                       
GA,074462S,CLETHRA AL SUGARTINA TM P21561,Sugartina™  Summersweet                                                                             
CA,31721,CORDYLINE BAUERI,Bauer's Dracaena Palm                                                                               
GA,28981,COREOPSIS AURICULATA ZAMPHIR,Zamphir Dwarf Tickseed                                                                              
GA,6751,COREOPSIS GRAND SUNFIRE,Sunfire Tickseed                                                                                    
CA,27961,COREOPSIS VERT MOONBEAM,Moonbeam Threadleaf Tickseed                                                                        
GA,27961,COREOPSIS VERT MOONBEAM,Moonbeam Threadleaf Tickseed                                                                        
OR,27971,COREOPSIS VERT ZAGREB,Zagreb Threadleaf Tickseed                                                                          
CA,27971,COREOPSIS VERT ZAGREB,Zagreb Threadleaf Tickseed                                                                          
GA,27971,COREOPSIS VERT ZAGREB,Zagreb Threadleaf Tickseed                                                                          
GA,17361,COREOPSIS X TQUILA SNRIS P9875,Tequila Sunrise Tickseed                                                                            
OR,27862,CORNUS ALBA IVORYHALO TM,Ivory Halo®  Dogwood                                                                                
OR,45281,CORNUS ALBA PRAIRIE FIRE AUREA,Prairie Fire Dogwood                                                                                
OR,45285,CORNUS ALBA PRAIRIE FIRE AUREA,Prairie Fire Dogwood                                                                                
OR,074801S,CORNUS S ARCTIC FIRE TM P18523,Arctic Fire™  Red Twig Dogwood                                                                      
OR,080841S,CORNUS STO PUCKERED UP TM PPAF,Pucker Up!™  Red Twig Dogwood                                                                       
OR,080842S,CORNUS STO PUCKERED UP TM PPAF,Pucker Up!™  Red Twig Dogwood                                                                       
OR,17455,CORYLUS AV CONTORTA-OWN ROOT,Harry Lauder's Walking Stick                                                                        
OR,28552,COT APICULATUS TOM THUMB,Tom Thumb Cranberry Cotoneaster                                                                     
OR,16612,COTINUS C GOLDEN SPIRIT P13082,Golden Spirit Smoke Tree                                                                            
OR,28145,COTINUS COG ROYAL PURPLE,Royal Purple Smoke Tree                                                                             
CA,75551,DELPHINIUM G MORPHO GRAND BLUE,Morpho Grand Blue Larkspur                                                                          
GA,4591,DELPHINIUM GRAND BLUE MIRROR,Blue Mirror Delphinium                                                                              
OR,56422,DEUTZIA SET CORYMBIFLORA,Chinese Snow Flower                                                                                 
GA,6891,DIAN EVRLST TM BGDY BLH P23150,EverLast™  Burgundy Blush Maiden Pink                                                               
GA,6901,DIAN EVRLST TM LLAC+EYE P23318,EverLast™  Lilac + Eye Maiden Pink                                                                  
GA,6951,DIAN EVRLST TM ORCHID P23364,EverLast™  Orchid Maiden Pink                                                                       
OR,67631,DIANTHUS BAR OESCHBERG,Oeschberg Sweet William                                                                             
GA,59681,DIANTHUS FIRE STAR PP14895,Fire Star Maiden Pink                                                                               
OR,31331,DIANTHUS FROSTY FIRE,Frosty Fire Cheddar Pink                                                                            
CA,31331,DIANTHUS FROSTY FIRE,Frosty Fire Cheddar Pink                                                                            
GA,4721,DIANTHUS GRAT FIREWITCH,Firewitch Cheddar Pink                                                                              
OR,4901,DICENTRA SP VALENTINE R P22739,Valentine®  Bleeding Heart                                                                          
GA,4901,DICENTRA SP VALENTINE R P22739,Valentine®  Bleeding Heart                                                                          
OR,35622,DICENTRA SPEC GOLD HEART,Gold Heart Bleeding Heart                                                                           
GA,4841,DICENTRA SPECTABILIS,Bleeding Heart                                                                                      
GA,75861,DICENTRA SPECTABILIS ALBA,White Bleeding Heart                                                                                
OR,31611,DICENTRA X LUXURIANT,Luxuriant Fringed Bleeding Heart                                                                    
GA,31611,DICENTRA X LUXURIANT,Luxuriant Fringed Bleeding Heart                                                                    
GA,4871,DIGITALIS PURPUREA FOXY,Foxy Foxglove                                                                                       
GA,4881,DIGITALIS X MERTONENSIS,Strawberry Foxglove                                                                                 
GA,7051,ECHIN 'SUPREME CANTALOUPE',Supreme Cantaloupe Cone Flower                                                                      
OR,32271,ECHIN PXIE MEADWBRTE TM P18546,Pixie Meadowbrite™  Coneflower                                                                      
GA,87021,ECHINACEA CHEYENNE SPIRIT,Cheyenne Spirit Echinacea                                                                           
GA,08702UT,ECHINACEA CHEYENNE SPIRIT,Cheyenne Spirit Echinacea                                                                           
GA,39571,ECHINACEA FRAGRNT ANGEL P16054,Fragrant Angel Coneflower                                                                           
GA,37511,ECHINACEA GREEN EYES PP17172,Green Eyes Coneflower                                                                               
OR,77121,ECHINACEA NOW CHEESIER PPAF,Now Cheesier Coneflower                                                                             
GA,47511,ECHINACEA PNK DBL DLITE P18803,Pink Double Delight Cone Flower                                                                     
GA,00299UT,ECHINACEA POWWOW R WILDBERRY,PowWow®  Wild Berry Coneflower                                                                      
GA,59741,ECHINACEA PUR HOT PAPAYA PPAF,Hot Papaya Coneflower                                                                               
GA,31771,ECHINACEA PUR MAGNUS,Magnus Purple Coneflower                                                                            
OR,39581,ECHINACEA PUR MERLOT PP18814,Merlot Coneflower                                                                                   
GA,39591,ECHINACEA RASPBRY TART PP18560,Raspberry Tart Coneflower                                                                           
OR,36281,ECHINACEA SUNDOWN TM PP17659,Sundown Big Sky™  Series Coneflower                                                                 
GA,36281,ECHINACEA SUNDOWN TM PP17659,Sundown Big Sky™  Series Coneflower                                                                 
GA,48651,ECHINACEA TIKI TORCH PP18839,Tiki Torch Coneflower                                                                               
OR,57301,ECHINACEA TOMATO SOUP PPAF,Tomato Soup Coneflower                                                                              
GA,57301,ECHINACEA TOMATO SOUP PPAF,Tomato Soup Coneflower                                                                              
OR,33602,EUO ALATUS COMPACTUS,Dwarf Burning Bush                                                                                  
OR,33651,EUO F CANADALE GOLD,Canadale Gold Wintercreeper                                                                         
OR,34302,EUO F GOLDEN PRINCE R,Golden Prince®  Wintercreeper                                                                       
CA,34502,EUO F MOONSHADOW,Moonshadow Wintercreeper                                                                            
OR,46682,EUPATORIUM PHANTOM PP18354,Phantom Joe Pye Weed                                                                                
GA,83621,FERN-ADIANTUM PEDATUM,American Maidenhair Fern                                                                            
GA,19241,FERN-ATHYRIUM F LADY IN RED,Lady In Red Fern                                                                                    
GA,18761,FERN-ATHYRIUM GHOST,Ghost Fern                                                                                          
OR,36261,FERN-DRYOPTERIS FELIX-MAS ROB,Robust Male Fern                                                                                    
CA,36451,FERN-MATTEUCCIA STRUTHIOPTERIS,European Ostrich Fern                                                                               
GA,36451,FERN-MATTEUCCIA STRUTHIOPTERIS,European Ostrich Fern                                                                               
GA,36411,FERN-OSMUNDA CINNAMOMEA,Cinnamon Fern                                                                                       
GA,5091,FERN-THELYPTERIS DECUR-PINNATA,Japanese Beech Fern                                                                                 
CA,88831,GAILLARDIA ARIZONA RED SHADES,Arizona Red Shades Blanket Flower                                                                   
CA,35711,GAILLARDIA ARIZONA SUN,Arizona Sun Blanket Flower                                                                          
GA,35421,GAILLARDIA BURGUNDY,Burgundy Blanket Flower                                                                             
OR,23211,GAILLARDIA FANFARE PP15892,Fanfare Blanket Flower                                                                              
CA,37611,GAILLARDIA GOBLIN,Goblin Blanket Flower                                                                               
GA,4051,GAILLARDIA MESA BRIGHT BICOLOR,Mesa Bright Bicolor Blanket Flower                                                                  
CA,36441,GAILLARDIA ORNGS&LEMONS P17092,Oranges & Lemons Blanket Flower                                                                     
GA,36441,GAILLARDIA ORNGS&LEMONS P17092,Oranges & Lemons Blanket Flower                                                                     
OR,48591,GAZANIA LIN COLORADO GOLD R,Colorado Gold®  Treasure Flower                                                                     
OR,38241,GERANIUM CIN BALLERINA,Ballerina Cranesbill                                                                                
OR,38281,GERANIUM CIN SUBCAULESCENS,Black-Eyed Magenta Cranesbill                                                                       
CA,23081,GERANIUM ROZANNE PP12175,Rozanne Cranesbill                                                                                  
OR,5231,GERANIUM SANGUINEUM MAX FREI,Max Frei Bloody Cranesbill                                                                          
OR,38331,GERANIUM X CAN BIOKOVO,Biokovo Cranesbill                                                                                  
OR,35601,GEUM COCC WERNER ARENDS,Werner Arends Avens                                                                                 
OR,33975,GINKGO BIL JADE BUTTERFLIES,Jade Butterfly Maidenhair Tree                                                                      
CA,67791,GR-BOUT BLOND AMBITION PP22048,Blonde Ambition Blue Grama Grass                                                                    
OR,44551,GR-CAL ACUT AVALANCHE,Avalanche Feather Reed Grass                                                                        
OR,14011,GR-CAL ACUT KARL FOERSTER,Foerster's Feather Reed Grass                                                                       
CA,14011,GR-CAL ACUT KARL FOERSTER,Foerster's Feather Reed Grass                                                                       
GA,14011,GR-CAL ACUT KARL FOERSTER,Foerster's Feather Reed Grass                                                                       
OR,14012,GR-CAL ACUT KARL FOERSTER,Foerster's Feather Reed Grass                                                                       
CA,14012,GR-CAL ACUT KARL FOERSTER,Foerster's Feather Reed Grass                                                                       
OR,14071,GR-CAL ACUT OVERDAM,Overdam Feather Reed Grass                                                                          
CA,14071,GR-CAL ACUT OVERDAM,Overdam Feather Reed Grass                                                                          
OR,14072,GR-CAL ACUT OVERDAM,Overdam Feather Reed Grass                                                                          
OR,14081,GR-CALAMAGROSTIS  BRACHYTRICA,Korean Feather Reed Grass                                                                           
OR,14082,GR-CALAMAGROSTIS  BRACHYTRICA,Korean Feather Reed Grass                                                                           
CA,24091,GR-CHASMANTHIUM LATIFOLIUM,Northern Sea Oats                                                                                   
OR,28051,GR-ERIANTHUS RAVENNAE,Hardy Pampas Grass                                                                                  
CA,28051,GR-ERIANTHUS RAVENNAE,Hardy Pampas Grass                                                                                  
CA,28052,GR-ERIANTHUS RAVENNAE,Hardy Pampas Grass                                                                                  
CA,36671,GR-FESTUCA GLAUCA ELIJAH BLUE,Elijah Blue Fescue                                                                                  
OR,35911,GR-HAKONECHLOA MACRA ALL GOLD,All Gold Japanese Forest Grass                                                                      
CA,35911,GR-HAKONECHLOA MACRA ALL GOLD,All Gold Japanese Forest Grass                                                                      
OR,03591UT,GR-HAKONECHLOA MACRA ALL GOLD,All Gold Japanese Forest Grass                                                                      
OR,38681,GR-HAKONECHLOA MACRA AUREOLA,Golden Japanese Forest Grass                                                                        
OR,03868UT,GR-HAKONECHLOA MACRA AUREOLA,Golden Japanese Forest Grass                                                                        
OR,39971,GR-HELICTOTRICHON SEMPERVIRENS,Blue Oat Grass                                                                                      
CA,39971,GR-HELICTOTRICHON SEMPERVIRENS,Blue Oat Grass                                                                                      
OR,61761,GR-MIS SIN PURPURASCENS,Purple Silver Grass                                                                                 
CA,61551,GR-MIS SIN STRICTUS,Porcupine Grass                                                                                     
OR,61701,GR-MOLINIA CAER VARIEGATA,Variegated Moor Grass                                                                               
CA,61791,GR-PAN VIR HEAVY METAL,Heavy Metal Blue Switch Grass                                                                       
OR,63881,GR-PAN VIR SHENANDOAH,Shenandoah Switch Grass                                                                             
CA,63881,GR-PAN VIR SHENANDOAH,Shenandoah Switch Grass                                                                             
CA,63882,GR-PAN VIR SHENANDOAH,Shenandoah Switch Grass                                                                             
OR,63885,GR-PAN VIR SHENANDOAH,Shenandoah Switch Grass                                                                             
GA,63885,GR-PAN VIR SHENANDOAH,Shenandoah Switch Grass                                                                             
CA,64262,GR-PENN ALO HAMELN,Dwarf Fountain Grass                                                                                
CA,64271,GR-PENN SET RUBRUM,Purple Fountain Grass                                                                               
GA,64271,GR-PENN SET RUBRUM,Purple Fountain Grass                                                                               
CA,64275,GR-PENN SET RUBRUM,Purple Fountain Grass                                                                               
CA,5791,GR-SCHIZACHYRIUM SCO THE BLUES,The Blues Little Bluestem                                                                           
CA,5792,GR-SCHIZACHYRIUM SCO THE BLUES,The Blues Little Bluestem                                                                           
OR,89051,HELLE WINDCLIFF DBL PINK SDLNG,Windcliff Double Pink Lenten Rose                                                                   
OR,89081,HELLE WINDCLIFF SLATY BLUE SDL,Windcliff Slaty Blue Lenten Rose                                                                    
OR,67281,HELLE WJEWELS R BLACK DIAMOND,Winter Jewels®  Black Diamond Lenten Rose                                                           
OR,67231,HELLE WJEWELS R PAINTED,Winter Jewels®  Painted Lenten Rose                                                                 
OR,17991,HELLEBORUS RED LADY,Red Lady Lenten Rose                                                                                
CA,72991,HELLEBORUS X PINK FROST PPAF,Gold Collection®  Pink Frost Lenten Rose                                                            
OR,83961,HEM CHICAGO APACHE,Chicago Apache Daylily                                                                              
OR,40361,HEM FAIRY TALE PINK,Fairy Tale Pink Daylily                                                                             
CA,39831,HEM GOLDEN ZEBRA R PP14221,Golden Zebra®  Daylily                                                                              
OR,40511,HEM HAPPY RETURNS,Happy Returns Dwarf Daylily                                                                         
OR,40071,HEM JOAN SENIOR,Joan Senior Daylily                                                                                 
OR,40091,HEM LITTLE BUSINESS,Little Business Dwarf Daylily                                                                       
GA,40091,HEM LITTLE BUSINESS,Little Business Dwarf Daylily                                                                       
OR,40121,HEM LITTLE GRAPETTE,Little Grapette Dwarf Daylily                                                                       
OR,83981,HEM PINK PLAYMATE,Pink Playmate Daylily                                                                               
OR,40631,HEM PRAIRIE BLUE EYES,Prairie Blue Eyes Daylily                                                                           
OR,76281,HEM RUBY SPIDER,Ruby Spider Daylily                                                                                 
OR,40111,HEM STELLA DE ORO,Stella De Oro Dwarf Daylily                                                                         
GA,40111,HEM STELLA DE ORO,Stella De Oro Dwarf Daylily                                                                         
OR,6631,HEM STRAWBERRY CANDY,Strawberry Candy Daylily                                                                            
OR,83931,HEM SWIRLING WATER,Swirling Water Daylily                                                                              
CA,39611,HEUCHERA BLACK BEAUTY PP13288,Black Beauty Coral Bells                                                                            
GA,39611,HEUCHERA BLACK BEAUTY PP13288,Black Beauty Coral Bells                                                                            
GA,54911,HEUCHERA FIRE CHIEF PP21880,Fire Chief Coral Bells                                                                              
CA,47531,HEUCHERA GEORGIA PEACH PP19375,Georgia Peach Coral Bells                                                                           
OR,18661,HEUCHERA GREEN SPICE,Green Spice Coral Bells                                                                             
GA,29531,HEUCHERA LIME RICKEY PP16210,Lime Rickey Coral Bells                                                                             
OR,53681,HEUCHERA MAHOGANY PPAF,Mahogany Coral Bells                                                                                
OR,28871,HEUCHERA MARMALADE PP15945,Marmalade Coral Bells                                                                               
GA,54531,HEUCHERA MIDNIGHT BAYOU P21858,Midnight Bayou Coral Bells                                                                          
OR,45721,HEUCHERA MIDNIGHT ROSE PP18551,Midnight Rose Coral Bells                                                                           
CA,45721,HEUCHERA MIDNIGHT ROSE PP18551,Midnight Rose Coral Bells                                                                           
OR,37541,HEUCHERA OBSIDIAN PP14836,Obsidian Coral Bells                                                                                
GA,37541,HEUCHERA OBSIDIAN PP14836,Obsidian Coral Bells                                                                                
GA,40451,HEUCHERA PALACE PURPLE,Palace Purple Coral Bells                                                                           
CA,47541,HEUCHERA PEACH FLAMBEE PP17195,Peach Flambe Coral Bells                                                                            
GA,70361,HEUCHERA PISTACHE PP19585,Pistache Coral Bells                                                                                
CA,40721,HEUCHERA PLUM PUDDING,Plum Pudding Coral Bells                                                                            
GA,40721,HEUCHERA PLUM PUDDING,Plum Pudding Coral Bells                                                                            
OR,36691,HEUCHERA ROSE MAJESTY PP17414,Rose Majesty Coral Bells                                                                            
CA,20121,HEUCHERA SILVER SCROLLS P12066,Silver Scrolls Coral Bells                                                                          
CA,49711,HEUCHERA SOUTHERN COMFORT PPAF,Southern Comfort Coral Bells                                                                        
GA,49711,HEUCHERA SOUTHERN COMFORT PPAF,Southern Comfort Coral Bells                                                                        
OR,46641,HEUCHERA VIL CARAMEL PP16560,Caramel Coral Bells                                                                                 
GA,33531,HEUCHERELLA STOPLIGHT PP16835,Stoplight Foamy Bells                                                                               
CA,34712,HIB MOS DAVE FLEMING PP21392,Dave Fleming Hibiscus                                                                               
CA,34722,HIB MOS JAMES FLEMING PP21434,James Fleming Hibiscus                                                                              
CA,92092,HIB MOS SNOWFLAME PPAF,Snowflame Hibiscus                                                                                  
CA,36322,HIB MOS STARDUST PP21479,Stardust Hibiscus                                                                                   
CA,34732,HIB MOS STRWBRY SWIRL PP21542,Strawberry Swirl Fleming Hibiscus                                                                   
GA,25205,HIB R ERIN RACHEL,Erin Rachel Hibiscus                                                                                
GA,41305,HIB R HULA GIRL,Hula Girl Hibiscus                                                                                  
GA,23241,HIB X DISCO BELLE PINK,Disco Belle Pink Hibiscus                                                                           
OR,31871,HOSTA ABIQUA DRINKING GOURD,Aquiba Drinking Gourd Plantain Lily                                                                 
GA,36981,HOSTA APHRODITE,Aphrodite Plantain Lily                                                                             
GA,6861,HOSTA BIG DADDY,Big Daddy Plantain Lily                                                                             
OR,16761,HOSTA CHERRY BERRY,Cherry Berry Plantain Lily                                                                          
OR,16762,HOSTA CHERRY BERRY,Cherry Berry Plantain Lily                                                                          
GA,25101,HOSTA CHRISTMAS TREE,Christmas Tree Plantain Lily                                                                        
OR,93062,HOSTA ENTERPRISE,Enterprise Hosta                                                                                    
OR,41471,HOSTA EOLA SAPPHIRE,Eola Sapphire Plantain Lily                                                                         
OR,41472,HOSTA EOLA SAPPHIRE,Eola Sapphire Plantain Lily                                                                         
OR,41475,HOSTA EOLA SAPPHIRE,Eola Sapphire Plantain Lily                                                                         
GA,17491,HOSTA FIRE & ICE,Fire And Ice Plantain Lily                                                                          
OR,42981,HOSTA FIRST FROST,First Frost Plantain Lily                                                                           
OR,41691,HOSTA FRANCEE,Francee Plantain Lily                                                                               
OR,52631,HOSTA FROSTY RIBBONS TM PPAF,Frosty Ribbons™  Hosta                                                                              
OR,41531,HOSTA GINKO CRAIG,Ginko Craig Plantain Lily                                                                           
OR,41771,HOSTA GOLDEN PRAYERS,Golden Prayers Plantain Lily                                                                        
GA,19911,HOSTA GREAT EXPECTATIONS,Great Expectations Plantain Lily                                                                    
OR,17522,HOSTA GUACAMOLE,Guacamole Plantain Lily                                                                             
OR,31891,HOSTA HADSPEN BLUE,Hadspen Blue Plantain Lily                                                                          
OR,17531,HOSTA JUNE,June Plantain Lily                                                                                  
OR,41821,HOSTA KROSSA REGAL,Krossa Regal Plantain Lily                                                                          
OR,47791,HOSTA LITTLE DARLING R PPAF,Little Darling®  Hosta                                                                              
GA,41651,HOSTA NIGHT BEFORE CHRISTMAS,Night Before Christmas Plantain Lily                                                                
GA,28391,HOSTA OLIVE BAILEY LANGDON,Olive Bailey Langdon Plantain Lily                                                                  
OR,28395,HOSTA OLIVE BAILEY LANGDON,Olive Bailey Langdon Plantain Lily                                                                  
OR,41881,HOSTA PATRIOT,Patriot Plantain Lily                                                                               
GA,41881,HOSTA PATRIOT,Patriot Plantain Lily                                                                               
OR,7011,HOSTA REGAL SPLENDOR,Regal Splendor Plantain Lily                                                                        
OR,39472,HOSTA ROSEDALE GOLDEN GOOSE,Rosedale Golden Goose Plantain Lily                                                                 
GA,44671,HOSTA STAINED GLASS PPAF,Stained Glass Plantain Lily                                                                         
OR,83971,HOSTA SUM & SUBSTANCE,Sum & Substance Hosta                                                                               
OR,83975,HOSTA SUM & SUBSTANCE,Sum & Substance Hosta                                                                               
OR,75161,HOSTA THE RAZOR'S EDGE,The Razor's Edge Plantain Lily                                                                      
OR,16301,HOSTA TOKUDAMA FLAVOCIRCINALIS,Flavocircinalis Plantain Lily                                                                       
OR,41851,HOSTA WIDE BRIM,Wide Brim Plantain Lily                                                                             
OR,88391,HUMULUS X CRYSTAL,Crystal Hop                                                                                         
OR,88392,HUMULUS X CRYSTAL,Crystal Hop                                                                                         
OR,074532S,HYD A INVINCE SPIRIT R PP20765,Invincibelle®  Spirit Hydrangea                                                                     
CA,074532S,HYD A INVINCE SPIRIT R PP20765,Invincibelle®  Spirit Hydrangea                                                                     
OR,41712,HYD ARB ANNABELLE,Annabelle Hydrangea                                                                                 
OR,41715,HYD ARB ANNABELLE,Annabelle Hydrangea                                                                                 
OR,074522S,HYD ARB INCREDIBALL R PP20571,Incrediball®  Smooth Hydrangea                                                                      
CA,074522S,HYD ARB INCREDIBALL R PP20571,Incrediball®  Smooth Hydrangea                                                                      
GA,017311S,HYD M ENDLESS SUMMER R PP15298,Endless Summer®  Hydrangea                                                                          
GA,017312S,HYD M ENDLESS SUMMER R PP15298,Endless Summer®  Hydrangea                                                                          
OR,089951S,HYD P LITTLE QUICK FIRE R PPAF,Little Quick Fire™  Hardy Hydrangea                                                                 
CA,089951S,HYD P LITTLE QUICK FIRE R PPAF,Little Quick Fire™  Hardy Hydrangea                                                                 
GA,089951S,HYD P LITTLE QUICK FIRE R PPAF,Little Quick Fire™  Hardy Hydrangea                                                                 
OR,089952S,HYD P LITTLE QUICK FIRE R PPAF,Little Quick Fire™  Hardy Hydrangea                                                                 
CA,089952S,HYD P LITTLE QUICK FIRE R PPAF,Little Quick Fire™  Hardy Hydrangea                                                                 
GA,089952S,HYD P LITTLE QUICK FIRE R PPAF,Little Quick Fire™  Hardy Hydrangea                                                                 
OR,42022,HYD PAN ANGEL'S BLUSH R P10751,Angel's Blush®  Hydrangea                                                                           
OR,080951S,HYD PAN BOBO R PP22782,Bobo®  Hardy Hydrangea                                                                              
CA,080951S,HYD PAN BOBO R PP22782,Bobo®  Hardy Hydrangea                                                                              
OR,080952S,HYD PAN BOBO R PP22782,Bobo®  Hardy Hydrangea                                                                              
CA,080952S,HYD PAN BOBO R PP22782,Bobo®  Hardy Hydrangea                                                                              
GA,080952S,HYD PAN BOBO R PP22782,Bobo®  Hardy Hydrangea                                                                              
CA,089941S,HYD PAN FIRE LIGHT TM PPAF,Fire Light™  Hardy Hydrangea                                                                        
CA,024371S,HYD PAN LIMELIGHT PP12874,Limelight Hardy Hydrangea                                                                           
OR,024372S,HYD PAN LIMELIGHT PP12874,Limelight Hardy Hydrangea                                                                           
CA,24375,HYD PAN LIMELIGHT PP12874,Limelight Hardy Hydrangea                                                                           
OR,029921S,HYD PAN LITTLE LIME PPAF,Little Lime™  Hardy Hydrangea                                                                       
CA,029921S,HYD PAN LITTLE LIME PPAF,Little Lime™  Hardy Hydrangea                                                                       
OR,029922S,HYD PAN LITTLE LIME PPAF,Little Lime™  Hardy Hydrangea                                                                       
OR,074611S,HYD PAN PINKY WINKY TM PP16166,Pinky Winky™  Hardy Hydrangea                                                                       
CA,074612S,HYD PAN PINKY WINKY TM PP16166,Pinky Winky™  Hardy Hydrangea                                                                       
CA,074601S,HYD PAN QUICK FIRE R PP16812,Quick Fire®  Hardy Hydrangea                                                                        
GA,074602S,HYD PAN QUICK FIRE R PP16812,Quick Fire®  Hardy Hydrangea                                                                        
OR,35012,HYD PET MIRANDA,Miranda Climbing Hydrangea                                                                          
OR,41705,HYD PETIOLARIS,Climbing Hydrangea                                                                                  
GA,074622S,HYPERICUM SUNNY BLVD TM P20045,Sunny Boulevard™  St. John's Wort                                                                   
OR,45092,ILEX X BERRI-MAGIC R KIDS,Berri-Magic®  Kids' Holly Combination                                                               
OR,16471,IRIS EN CASCADE SPICE,Cascade Spice Japanese Iris                                                                         
OR,44011,IRIS EN VARIEGATA,Variegated Japanese Water Iris                                                                      
GA,44011,IRIS EN VARIEGATA,Variegated Japanese Water Iris                                                                      
OR,45981,IRIS PALLIDA VARIEGATA,Variegated Sweet Iris                                                                               
OR,46441,IRIS SIB CAESAR'S BROTHER,Caesar's Brother Siberian Iris                                                                      
OR,46011,IRIS SIB RUFFLED VELVET,Ruffled Velvet Siberian Iris                                                                        
GA,46875,JUN C BLUE POINT,Blue Point Juniper                                                                                  
CA,048002PP,JUN C MINT JULEP R,Mint Julep®  Juniper                                                                                
CA,48005,JUN C MINT JULEP R,Mint Julep®  Juniper                                                                                
CA,048005OP,JUN C MINT JULEP R,Mint Julep®  Juniper                                                                                
CA,048005PP,JUN C MINT JULEP R,Mint Julep®  Juniper                                                                                
CA,048005SP,JUN C MINT JULEP R,Mint Julep®  Juniper                                                                                
CA,48132,JUN C SEA OF GOLD R PP17622,Sea Of Gold®  Juniper                                                                               
GA,48132,JUN C SEA OF GOLD R PP17622,Sea Of Gold®  Juniper                                                                               
CA,49252,JUN H BLUE CHIP,Blue Chip Juniper                                                                                   
CA,49902,JUN H ICEE BLUE R P9639,Icee Blue®  Juniper                                                                                 
CA,50302,JUN H PRINCE OF WALES,Prince Of Wales Juniper                                                                             
CA,50202,JUN H YOUNGSTOWN,Youngstown Andorra Juniper                                                                          
CA,50902,JUN PRO NANA,Dwarf Japanese Garden Juniper                                                                       
OR,51752,JUN SA CALGARY CARPET R,Calgary Carpet®  Juniper                                                                            
CA,51752,JUN SA CALGARY CARPET R,Calgary Carpet®  Juniper                                                                            
CA,51652,JUN SA MOOR-DENSE R,Moor-Dense®  Juniper                                                                                
CA,52705,JUN SC MEDORA,Medora Juniper                                                                                      
CA,54005,JUN SC SKYROCKET,Skyrocket Juniper                                                                                   
CA,54007,JUN SC SKYROCKET,Skyrocket Juniper                                                                                   
CA,053105PT,JUN SC TOLL BLU WEEPING,Tolleson's Blue Weeping Juniper                                                                     
CA,53307,JUN SC WICHITA BLUE,Wichita Blue Juniper                                                                                
OR,53392,JUN SQUA BLUE STAR,Blue Star Juniper                                                                                   
CA,53655,JUN V BLUE ARROW,Blue Arrow Juniper                                                                                  
CA,53659,JUN V BLUE ARROW,Blue Arrow Juniper                                                                                  
GA,54145,JUN V GREY OWL,Grey Owl Juniper                                                                                    
OR,074662S,KOLKWITZIA AMA DREAM CATCHR TM,Dream Catcher™  Beauty Bush                                                                         
CA,24901,LAMIUM M PURPLE DRAGON P15890,Purple Dragon Dead Nettle                                                                           
OR,9081,LAMIUM ORCHID FROST PP11122,Orchid Frost Spotted Dead Nettle                                                                    
GA,056953PT,LANTANA CONFETTI TM,Confetti™  Spreading Lantana                                                                        
OR,57275,LARIX DECIDUA PENDULA,Weeping European Larch                                                                              
CA,57311,LAVANDULA ANG MUNSTEAD,Munstead Lavender                                                                                   
OR,57881,LIATRIS SPI KOBOLD,Kobold Gayfeather                                                                                   
GA,57881,LIATRIS SPI KOBOLD,Kobold Gayfeather                                                                                   
OR,32182,LIGULARIA BR M CRAWFORD P16123,Brit Marie Crawford Ligularia                                                                       
GA,9281,LIGULARIA STEN THE ROCKET,Rocket Ligularia                                                                                    
OR,9841,LOBELIA COMPLIMENT RED,Compliment Red Lobelia                                                                              
GA,72511,LOBELIA X SPE RUSSIAN PRINCESS,Russian Princess Lobelia                                                                            
GA,086361S,LONICERA P SCENTSATION PP16240,Scentsation Honeysuckle                                                                             
OR,84391,LONICERA PCHES & CREAM PP21839,Peaches and Cream Honeysuckle                                                                       
CA,67831,LONICERA SEMP MAJOR WHEELER,Major Wheeler Coral Honeysuckle                                                                     
CA,59271,LONICERA X BRO DROPMORE SCARLT,Dropmore Scarlet Trumpet Honeysuckle                                                                
CA,58991,LONICERA X GOLDFLAME,Goldflame Honeysuckle                                                                               
OR,62311,LYSIMACHIA NUMMULARIA AUREA,Golden Creeping Jenny                                                                               
GA,62311,LYSIMACHIA NUMMULARIA AUREA,Golden Creeping Jenny                                                                               
CA,05942M,MAG X ELIZABETH,Elizabeth Magnolia                                                                                  
GA,61205,MAN ALICE DU PONT,Alice Du Pont Mandevilla                                                                            
CA,61241,MAN RED RIDING HOOD,Red Riding Hood Mandevilla                                                                          
CA,61245,MAN RED RIDING HOOD,Red Riding Hood Mandevilla                                                                          
GA,45011,MAN SUN PAR R CRIMSON PP15539,Sun Parasol®  Crimson Mandevilla                                                                    
CA,045012BH,MAN SUN PAR R CRIMSON PP15539,Sun Parasol®  Crimson Mandevilla                                                                    
CA,09238UT,MAN SUN PAR R GARDEN CRIMSON,Sun Parasol®  Garden Crimson Mandevilla                                                             
GA,09238UT,MAN SUN PAR R GARDEN CRIMSON,Sun Parasol®  Garden Crimson Mandevilla                                                             
GA,57085,MAN SUN PAR R GIANT PNK P15202,Sun Parasol®  Giant Pink Mandevilla                                                                 
GA,61235,MAN SUN PAR R GNT CRIM P17736,Sun Parasol®  Giant Crimson Mandevilla                                                              
CA,057092BH,MAN SUN PAR R PRTY CRMN P16449,Sun Parasol®  Pretty Crimson Mandevilla                                                             
GA,57071,MAN SUN PAR R PRTY PNK P19399,Sun Parasol®  Pretty Pink Mandevilla                                                                
CA,057072BH,MAN SUN PAR R PRTY PNK P19399,Sun Parasol®  Pretty Pink Mandevilla                                                                
GA,072642BH,MAN SUN PAR R WHITE PP22695,Sun Parasol®  White Mandevilla                                                                      
GA,61295,MAN TANGO TWIRL R P14290,Tango Twirl®  Mandevilla                                                                            
OR,36165,METASEQUOIA G OGON GOLD RUSH,Gold Rush Dawn Redwood                                                                              
OR,38502,MICROBIOTA FUZZBALL TM P20012,Fuzzball™  Siberian Carpet Cypress                                                                  
GA,61821,MONARDA JACOB CLINE,Jacob Cline Bee Balm                                                                                
OR,25861,MONARDA RASPBERRY WINE,Raspberry Wine Bee Balm                                                                             
OR,47251,MUKDENIA ROS CRIMSON FANS,Red-Leafed Mukdenia                                                                                 
OR,82581,NEPETA LITTLE TRUDY R PP18904,Little Trudy®  Catmint                                                                              
OR,81741,NEPETA NERVOSA PINK CAT,Pink Cat Catmint                                                                                    
OR,62281,NEPETA X FAASS WALKER'S LOW,Walker's Low Catmint                                                                                
CA,68481,OENOTHERA FREM SHIMMER PP19663,Shimmer Evening Primrose                                                                            
OR,63351,PACHYSANDRA TERM GREEN SHEEN,Green Sheen Japanese Spurge                                                                         
CA,63351,PACHYSANDRA TERM GREEN SHEEN,Green Sheen Japanese Spurge                                                                         
OR,47085,PAEONIA ITOH KEIKO TM (PK D D),Keiko™ (Adored) Itoh Peony                                                                          
OR,68585,PAEONIA ITOH MORNING LILAC,Morning Lilac Itoh Peony                                                                            
OR,52595,PAEONIA ITOH TAKARA TM PP22374,Takara™  (Treasure) Itoh Peony                                                                      
CA,47075,PAEONIA ITOH YUMI TM PAF (YLW),Yumi™  (Beauty) Itoh Peony                                                                          
OR,24242,PAEONIA X BLAZE (RED),Blaze Peony                                                                                         
OR,50282,PAEONIA X BUCKEYE BELLE (RED),Buckeye Belle Herbaceous Peony                                                                      
OR,36332,PAEONIA X INSPECTEUR LAVERGNE,Inspecteur Lavergne Peony                                                                           
OR,63742,PAEONIA X KANSAS (RED),Kansas Double Peony                                                                                 
OR,46072,PAEONIA X RASPBERRY SUNDAE(PK),Raspberry Sundae Peony                                                                              
CA,63651,PALM-CHAMAEROPS HUMILIS,Mediterranean Fan Palm                                                                              
CA,081521S,PARTH Q RED WALL TM PPAF,Red Wall™  Virginia Creeper                                                                         
CA,2501,PARTH TRI VEITCHII,Boston Ivy                                                                                          
GA,47551,PENSTEMON DARK TOWERS PP20013,Dark Towers Penstemon                                                                               
GA,63951,PENSTEMON DIGITALIS HUSKER RED,Husker Red Penstemon                                                                                
GA,67781,PENSTEMON X PIKES PEAK PURPL R,Pikes Peak Purple®  Penstemon                                                                       
GA,66811,PENSTEMON X PRETTY PETTICOAT,Pretty Petticoat Beardtongue                                                                        
OR,64211,PEROVSKIA ATRIPLICIFOLIA,Russian Sage                                                                                        
CA,64211,PEROVSKIA ATRIPLICIFOLIA,Russian Sage                                                                                        
GA,64211,PEROVSKIA ATRIPLICIFOLIA,Russian Sage                                                                                        
OR,84781,PEROVSKIA LACEY BLUE PP20845,Lacey Blue Russian Sage                                                                             
CA,10591,PEROVSKIA LITTLE SPIRE P11643,Little Spire Russian Sage                                                                           
CA,64412,PHILADELPHUS VIR DWF SNOWFLAKE,Dwarf Snowflake Mock Orange                                                                         
GA,10631,PHLOX PAN DAVID,David Garden Phlox                                                                                  
OR,64531,PHLOX PAN ICE CAP,Ice Cap Garden Phlox                                                                                
OR,64611,PHLOX PAN RED EYES,Red Eyes Garden Phlox                                                                               
CA,31211,PHLOX VLCNO R PK RD EYE P16341,Volcano®  Pink Red Eye Phlox                                                                        
CA,23691,PHLOX VLCNO R PK WT EYE P16722,Volcano®  Pink White Eye Phlox                                                                      
CA,23701,PHLOX VLCNO R PL WT EYE P16437,Volcano®  Purple White Eye Phlox                                                                    
CA,23711,PHLOX VLCNO R RED PP16721,Volcano®  Red Phlox                                                                                 
CA,23731,PHLOX VLCNO R WHITE PP16436,Volcano®  White Phlox                                                                               
OR,074675PT,PHYSOCARPUS COPPRTNA TM P16371,Coppertina™  Ninebark                                                                               
OR,029941S,PHYSOCARPUS SUMR WINE R P14821,Summer Wine®  Ninebark                                                                              
OR,089981S,PHYSOCARPUS TINY WINE TM PPAF,Tiny Wine™  Ninebark                                                                                
OR,089982S,PHYSOCARPUS TINY WINE TM PPAF,Tiny Wine™  Ninebark                                                                                
CA,089982S,PHYSOCARPUS TINY WINE TM PPAF,Tiny Wine™  Ninebark                                                                                
OR,64545,PICEA ABIES CUPRESSINA,Columnar Norway Spruce                                                                              
OR,64552,PICEA ABIES LITTLE GEM,Little Gem Norway Spruce                                                                            
OR,064575ST,PICEA ABIES PENDULA,Weeping Norway Spruce                                                                               
OR,64622,PICEA GL CONICA,Dwarf Alberta Spruce                                                                                
OR,64652,PICEA GL DENSATA,Black Hills Spruce                                                                                  
OR,64692,PICEA PUN GLOBOSA,Dwarf Globe Blue Spruce                                                                             
OR,64695,PICEA PUN GLOBOSA,Dwarf Globe Blue Spruce                                                                             
OR,064695PT,PICEA PUN GLOBOSA,Dwarf Globe Blue Spruce                                                                             
OR,49095,PINUS MUGO BIG TUNA,Big Tuna Mugo Pine                                                                                  
OR,49072,PINUS MUGO MOPS,Mops Mugo Pine                                                                                      
OR,06552MOP,PINUS SYL FRENCH BLUE,French Blue Scotch Pine                                                                             
OR,20981,PLATYCODON GR ZWERG,Dwarf Balloon Flower                                                                                
OR,36561,POLE STAIRWAY TO HEAVEN P15187,Stairway To Heaven Jacob's Ladder                                                                   
GA,65361,POLEMONIUM BRISE D'ANJOU P9781,Variegated Jacob's Ladder                                                                           
OR,66692,POTENTILLA ABBOTSWOOD,Abbotswood Potentilla                                                                               
OR,66802,POTENTILLA GOLD STAR,Gold Star Potentilla                                                                                
OR,66772,POTENTILLA RED ACE,Red Ace Potentilla                                                                                  
OR,66742,POTENTILLA SUNSET,Sunset Potentilla                                                                                   
OR,11061,PULMONARIA RASP SPLASH PP12138,Raspberry Splash Lungwort                                                                           
OR,35611,PULMONARIA TREVI FOUNTN P13047,Trevi Fountain Lungwort                                                                             
OR,9802,RHOD (H-1) P.J.M.,P.J.M. Rhododendron                                                                                 
OR,9971,RHOD (H-1) PURPLE GEM,Purple Gem Rhododendron                                                                             
OR,20195,RHOD (H-1) RTR MARCH MADNESS,March Madness Rhododendron                                                                          
OR,69892,RHUS AROMATICA GRO-LOW,Gro-Low Fragrant Sumac                                                                              
CA,36382,ROSA FLWR CAR R PNK SUP P16276,Flower Carpet®  Pink Supreme Ground Cover Rose                                                      
GA,36382,ROSA FLWR CAR R PNK SUP P16276,Flower Carpet®  Pink Supreme Ground Cover Rose                                                      
CA,71602,ROSA FLWR CAR R RED P11308,Flower Carpet®  Red Groundcover Rose                                                                
OR,36312,ROSA FLWR CAR R SCARLET P17373,Flower Carpet®  Scarlet Groundcover Rose                                                            
CA,36312,ROSA FLWR CAR R SCARLET P17373,Flower Carpet®  Scarlet Groundcover Rose                                                            
GA,36312,ROSA FLWR CAR R SCARLET P17373,Flower Carpet®  Scarlet Groundcover Rose                                                            
GA,042822S,ROSA KNCK OUT R DBL PNK P18507,Pink Double Knock Out®  Rose                                                                        
GA,030902S,ROSA KNCK OUT R DBL RD P16202,Double Knock Out®  Rose                                                                             
CA,080721S,ROSA OSO EASY R MNGO SALSA PAF,Oso Easy®  Mango Salsa Rose                                                                         
CA,074981S,ROSA OSO EASY R PAPRIKA PPAF,Oso Easy®  Paprika Rose                                                                             
OR,58912,ROSA-CL-WILLIAM BAFFIN,William Baffin Climbing Rose                                                                        
CA,67871,RUBUS PRIME-JIM R BKBRY P16989,Prime-Jim®  Blackberry                                                                              
OR,71111,RUDBECKIA ERLY BRD GLD PP20286,Early Bird Gold Gloriosa Daisy                                                                      
CA,71111,RUDBECKIA ERLY BRD GLD PP20286,Early Bird Gold Gloriosa Daisy                                                                      
OR,71011,RUDBECKIA FULGIDA GOLDSTURM,Goldsturm Black Eyed Susan                                                                          
CA,71011,RUDBECKIA FULGIDA GOLDSTURM,Goldsturm Black Eyed Susan                                                                          
GA,71011,RUDBECKIA FULGIDA GOLDSTURM,Goldsturm Black Eyed Susan                                                                          
GA,55421,RUDBECKIA HIR CHERRY BRANDY,Cherry Brandy Gloriosa Daisy                                                                        
GA,70571,RUDBECKIA HIR CHIM CHIMINEE,Chim Chiminee Black-Eyed Susan                                                                      
GA,11691,RUDBECKIA HIR INDIAN SUMMER,Indian Summer Black-Eyed Susan                                                                      
OR,19541,SALVIA NEM MARCUS R PP13322,Marcus®  Meadow Sage                                                                                
GA,19541,SALVIA NEM MARCUS R PP13322,Marcus®  Meadow Sage                                                                                
OR,20411,SALVIA NEMOROSA CARADONNA,Caradonna Meadow Sage                                                                               
CA,70591,SALVIA NEMOROSA EAST FRIESLAND,East Friesland Meadow Sage                                                                          
OR,44341,SALVIA SENSATION RSE TM P18230,Sensation Rose Meadow Sage                                                                          
GA,11761,SALVIA X SYL BLUE HILL,Blue Hill Meadow Sage                                                                               
OR,70261,SALVIA X SYL MAY NIGHT,May Night Sage                                                                                      
GA,70261,SALVIA X SYL MAY NIGHT,May Night Sage                                                                                      
GA,30321,SALVIA X SYL SNOW HILL,Snow Hill Meadow Sage                                                                               
OR,035942S,SAMBUCUS BLACK LACE TM PP15575,Black Lace™  Elderberry                                                                             
OR,35945,SAMBUCUS BLACK LACE TM PP15575,Black Lace™  Elderberry                                                                             
OR,19995,SAMBUCUS BLK BEAUTY TM PP12305,Black Beauty™  Elderberry                                                                           
GA,70971,SCABIOSA COL BUTTERFLY BLUE,Butterfly Blue Pincushion Flower                                                                    
GA,71661,SCABIOSA COL PINK MIST,Pink Mist Pincushion Flower                                                                         
CA,29141,SEDUM BLUE SPRUCE,Blue Spruce Stonecrop                                                                               
OR,70941,SEDUM BRONZE CARPET,Bronze Carpet Stonecrop                                                                             
CA,70941,SEDUM BRONZE CARPET,Bronze Carpet Stonecrop                                                                             
OR,54641,SEDUM CRYSTAL PINK PPAF,Crystal Pink Stonecrop                                                                              
OR,49971,SEDUM MR. GOODBUD PPAF,Mr. Goodbud Stonecrop                                                                               
OR,44871,SEDUM RUP ANGELINA PPAF,Angelina Stonecrop                                                                                  
CA,44871,SEDUM RUP ANGELINA PPAF,Angelina Stonecrop                                                                                  
GA,44871,SEDUM RUP ANGELINA PPAF,Angelina Stonecrop                                                                                  
OR,63681,SEDUM SIEBOLDII,October Daphne Stonecrop                                                                            
OR,70911,SEDUM VERA JAMESON,Vera Jameson Stonecrop                                                                              
CA,70741,SEDUM X AUTUMN JOY,Autumn Joy Stonecrop                                                                                
GA,70741,SEDUM X AUTUMN JOY,Autumn Joy Stonecrop                                                                                
GA,11011,SISYRINCHIUM ANG BLUE NOTE TM,Blue Note™  Blue-Eyed Grass                                                                         
OR,075011S,SPIRAEA DBLPLAY R ARTIST PPAF,Double Play®  Artist Spirea                                                                         
OR,075012S,SPIRAEA DBLPLAY R ARTIST PPAF,Double Play®  Artist Spirea                                                                         
OR,075031S,SPIRAEA DBLPLAY R BIGBANG PPAF,Double Play®  Big Bang Spirea                                                                       
OR,075032S,SPIRAEA DBLPLAY R BIGBANG PPAF,Double Play®  Big Bang Spirea                                                                       
OR,075021S,SPIRAEA DBLPLAY R GOLD PPAF,Double Play®  Gold Spirea                                                                           
OR,71251,SPIRAEA JAP LITTLE PRINCESS,Little Princess Spirea                                                                              
OR,71252,SPIRAEA JAP LITTLE PRINCESS,Little Princess Spirea                                                                              
OR,71571,SPIRAEA JAP MAGIC CARPET P9363,Magic Carpet Spirea                                                                                 
OR,71572,SPIRAEA JAP MAGIC CARPET P9363,Magic Carpet Spirea                                                                                 
OR,71581,SPIRAEA JAP NEON FLASH,Neon Flash Spirea                                                                                   
OR,71582,SPIRAEA JAP NEON FLASH,Neon Flash Spirea                                                                                   
OR,71151,SPIRAEA X ANTHONY WATERER,Anthony Waterer Spirea                                                                              
OR,71152,SPIRAEA X ANTHONY WATERER,Anthony Waterer Spirea                                                                              
OR,71171,SPIRAEA X GOLDFLAME,Goldflame Spirea                                                                                    
CA,71612,SPIRAEA X VAN RENAISSANCE,Renaissance Spirea                                                                                  
OR,074681S,SYRINGA BLOOMERNG R PUR P20575,Bloomerang®  Purple Lilac                                                                           
OR,074682S,SYRINGA BLOOMERNG R PUR P20575,Bloomerang®  Purple Lilac                                                                           
OR,74685,SYRINGA BLOOMERNG R PUR P20575,Bloomerang®  Purple Lilac                                                                           
OR,72815,THUJA OC DEGROOT'S SPIRE,Degroot's Spire Arborvitae                                                                          
CA,072835PT,THUJA OC FILIFORMIS,Weeping Threadleaf Arborvitae                                                                       
OR,72862,THUJA OC GOLDEN GLOBE,Golden Globe Arborvitae                                                                             
OR,72922,THUJA OC HETZ MIDGET,Hetz Midget Arborvitae                                                                              
OR,72935,THUJA OC HOLMSTRUP,Holmstrup Eastern Arborvitae                                                                        
OR,72872,THUJA OC LITTLE GIANT,Little Giant Dwarf Arborvitae                                                                       
CA,070051ST,TRACH JASMINOIDES,Star Jasmine                                                                                        
CA,070055ST,TRACH JASMINOIDES,Star Jasmine                                                                                        
GA,72611,TRADESCANTIA BLU&GLD(SWT KATE),Blue & Gold Spiderwort                                                                              
OR,77141,TROLLIUS CULT NEW MOON,New Moon Globe Flower                                                                               
OR,80362,VACCINIUM CORYMBOSUM CHANDLER,Chandler Midseason Blueberry                                                                        
OR,73402,VACCINIUM CORYMBOSUM NORTHLAND,Northland Midseason Blueberry                                                                       
OR,73742,VACCINIUM CORYMBOSUM PATRIOT,Patriot Early Season Blueberry                                                                      
OR,81702,VACCINIUM X JELLY BEAN TM PPAF,Jelly Bean™  Blueberry                                                                              
CA,88841,VERONICA FIRST LOVE PPAF,First Love Speedwell                                                                                
OR,79551,VERONICA HYB TIDAL POOL PPAF,Tidal Pool Prostrate Speedwell                                                                      
OR,79481,VERONICA HYB WHITE WATER PPAF,Whitewater Speedwell                                                                                
OR,17391,VERONICA ROYAL CANDLES PP18932,Royal Candles Speedwell                                                                             
GA,17391,VERONICA ROYAL CANDLES PP18932,Royal Candles Speedwell                                                                             
OR,73621,VERONICA SPICATA RED FOX,Red Fox Spike Speedwell                                                                             
OR,074251S,VIB DEN BLUE MUFFIN R,Blue Muffin®  Arrowwood Viburnum                                                                    
OR,74652,VIB OPULUS NANUM,Dwarf Cranberry Bush                                                                                
OR,75102,VIB OPULUS STERILE,Eastern Snowball                                                                                    
CA,76131,VINCA MINOR BOWLES',Bowles' Common Periwinkle                                                                           
CA,76221,VITIS LAB EASTERN CONCORD,Eastern Concord Grape                                                                               
CA,76251,VITIS LAB NIAGARA,Niagara Grape                                                                                       
OR,76392,WEIGELA FL DARK HORSE PP14381,Dark Horse Weigela                                                                                  
OR,075082S,WEIGELA FL GHOST TM PP20025,Ghost™  Weigela                                                                                     
OR,76432,WEIGELA FL MINUET,Minuet Weigela                                                                                      
OR,074711S,WEIGELA FL MY MONET R PP16824,My Monet®  Weigela                                                                                  
OR,074712S,WEIGELA FL MY MONET R PP16824,My Monet®  Weigela                                                                                  
OR,76542,WEIGELA FL PINK POPPET,Pink Poppet Weigela                                                                                 
OR,76522,WEIGELA FL RED PRINCE,Red Prince Weigela                                                                                  
OR,077511S,WEIGELA FL SPILLED WINE TM PAF,Spilled Wine™  Weigela                                                                              
OR,077512S,WEIGELA FL SPILLED WINE TM PAF,Spilled Wine™  Weigela                                                                              
OR,076561S,WEIGELA FL WINE&ROSES R P10772,Wine & Roses®  Weigela                                                                              
OR,076562S,WEIGELA FL WINE&ROSES R P10772,Wine & Roses®  Weigela                                                                              
OR,17572,WEIGELA MAGICAL R FNTSY P13567,Magical®  Fantasy Weigela                                                                           
OR,080941S,WEIGELA SONIC BLOOM TM PNK PAF,Sonic Bloom™  Pink Reblooming Weigela                                                               
OR,080942S,WEIGELA SONIC BLOOM TM PNK PAF,Sonic Bloom™  Pink Reblooming Weigela                                                               
OR,080931S,WEIGELA SONIC BLOOM TM RED PAF,Sonic Bloom™  Red Reblooming Weigela                                                                
OR,080932S,WEIGELA SONIC BLOOM TM RED PAF,Sonic Bloom™  Red Reblooming Weigela                                                                
CA,17341,WISTERIA MAC BLUE MOON,Blue Moon Kentucky Wisteria                                                                         
CA,17345,WISTERIA MAC BLUE MOON,Blue Moon Kentucky Wisteria                                                                         
OR,90152,YUCCA FIL COLOR GUARD,Color Guard Adam's Needle                                                                           
GA,77231,YUCCA FIL GOLDEN SWORD,Golden Sword Yucca                                                                                  
CA,77221,YUCCA FIL IVORY TOWER,Ivory Tower Yucca                                                                                   
