Item,Size,Plant Name,Botanical Name,Common Name,Category 2
023325,#5,CEDRUS ATLANTICA HORSTMANN,Cedrus atlantica 'Horstmann'                                ,Horstmann Blue Atlas Cedar                                  ,Temperate conifer
024032,#2,CHAM PIS FIL GOLDEN CHARM,Chamaecyparis pisifera filifera 'Golden Charm'              ,Golden Charm Thread-Branch Cypress                          ,Chamaecyparis
030519,#15,CUP LEY EMERALD ISLE R,x Cupressocyparis leylandii 'Moncal'                        ,Emerald Isle®  Leyland Cypress,Cupressus & Juniper upright
084651,#1,JUN C DAUB'S FROSTED,Juniperus chinensis 'Daub's Frosted'                        ,Daub's Frosted Juniper                                      ,Juniper bush & spreader
048135,#5,JUN C SEA OF GOLD R PP17622,"Juniperus x pfitzeriana 'MonSan' P.P. #17,622               ",Sea Of Gold®  Juniper,Juniper bush & spreader
049902,#2,JUN H ICEE BLUE R P9639,"Juniperus horizontalis 'Monber' P.P. #9,639                 ",Icee Blue®  Juniper,Juniper bush & spreader
053659,#15,JUN V BLUE ARROW,Juniperus virginiana 'Blue Arrow'                           ,Blue Arrow Juniper                                          ,Cupressus & Juniper upright
04463M,#10 Squat,PICEA PUN ISELI FASTIGATE,Picea pungens 'Iseli fastigiate'                            ,Iseli Fastigiate Spruce                                     ,Picea
01939M,#10 Squat,PICEA PUN THE BLUES,Picea pungens 'The Blues'                                   ,The Blues Blue Spruce                                       ,Picea
04642M,#10 Squat,PINUS PARVIFLORA GLAUCA NANA,Pinus parviflora 'Glauca Nana'                              ,Dwarf Japanese White Pine                                   ,Pinus
072345,#5,TAXUS EMERALD SPREADR R P10335,"Taxus cuspidata 'Monloo' P.P. #10,335                       ",Emerald Spreader®  Japanese Yew,Hardy conifer
001885,#5,AGAPANTHUS X MIDKNIGHT BLUE R,Agapanthus x 'Monmid'                                       ,Midknight Blue®  Agapanthus,Grass-like plant
035233,#3,BER T GOLDEN RUBY R PP16203,"Berberis thunbergii 'Goruzam' P.P. #16,203                  ",Golden Ruby®  Barberry,Berberis
035242,#2,BER T PYGMY RUBY TM,Berberis thunbergii 'Pygruzam'                              ,Pygmy Ruby™  Barberry,Berberis
074412S,SuperTwo,BUD LO&BEHLD R BLU CHP PP19991,"Buddleja Lo & Behold®  'Blue Chip' P.P.# 19,991",Blue Chip Dwarf Summer Lilac                                ,Deciduous sumr flower'g shrub
077412S,SuperTwo,BUD LO&BEHLD R PRPL HAZE PPAF,Buddleja (B. davidii x (B. davidii x B. globosa)) x (B. davi,Lo & Behold®  Purple Haze Summer Lilac,Deciduous sumr flower'g shrub
077392S,SuperTwo,BUDDLEJA MISS MOLLY PPAF,"Buddleja x 'Miss Molly' P.P.A.F., C.B.R.A.F.                ",Miss Molly Summer Lilac                                     ,Deciduous sumr flower'g shrub
092895,#5,CARY CLA KORBALL BLU BALLOON R,Caryopteris x clandonensis 'Korball' Blue Balloon® ,Blue Balloon®  Bluebeard,Deciduous sumr flower'g shrub
074492S,SuperTwo,HIB SYR LIL' KIM TM PP19547,"Hibiscus syriacus 'Antong Two' P.P. #19,547, C.B.R.A.F.     ",Lil' Kim™  Rose of Sharon,Deciduous sumr flower'g shrub
077445,#5,HYD ABRACADABRA TM ORB PP21635,"Hydrangea macrophylla 'Hororb' P.P. #21,635                 ",Abracadabra™  Orb Hydrangea,Hydrangea
092755,#5,HYD M ENCHANTRESS R PPAF,Hydrangea macrophylla 'Monmar' P.P.A.F.                     ,Enchantress®  Hydrangea,Hydrangea
074562S,SuperTwo,HYD MAC CTYLN TM PARIS PP10906,"Hydrangea macrophylla	'Paris Rapa' P.P. #10,906             ",Cityline®  Paris Bigleaf Hydrangea,Hydrangea
074542S,SuperTwo,HYD MAC CTYLN TM RIO,"Hydrangea macrophylla	'Ragra'                               ",Cityline®  Rio Bigleaf Hydrangea,Hydrangea
074572S,SuperTwo,HYD MAC CTYLN TM VENICE P10928,"Hydrangea macrophylla 'Venice Raven' P.P. #10,928           ",Cityline®  Venice Bigleaf Hydrangea,Hydrangea
077465,#5,HYD MAC LD R BIG EASY PPAF,"Hydrangea macrophylla 'Berner' P.P.A.F., C.B.R.A.F.         ",Let's Dance®  Big Easy Hydrangea,Hydrangea
089932S,SuperTwo,HYD MAC PARAPLU TM PPAF,                                                            ,                                                            ,Hydrangea
080955,#5,HYD PAN BOBO R PP22782,"Hydrangea paniculata 'ILVOBO' P.P.# 22,782 Can. P.B.R.A.F.  ",Bobo®  Hardy Hydrangea,Hydrangea
089945,#5,HYD PAN FIRE LIGHT TM PPAF,Hydrangea paniculata 'SMHPFL' P.P.A.F. Can. P.B.R.A.F.      ,Fire Light™  Hardy Hydrangea,Hydrangea
029922S,SuperTwo,HYD PAN LITTLE LIME PPAF,Hydrangea paniculata 'Jane' P.P.A.F.                        ,Little Lime™  Hardy Hydrangea,Hydrangea
054709BH,#15 BUSH,LAG CATAWBA,Lagerstroemia indica 'Catawba'                              ,Catawba Crape Myrtle                                        ,Lagerstroemia
008865,#5,LAG DYNAMITE R P10296,Lagerstroemia indica 'Whit II' P.P.# 10296                  ,Dynamite®  Crape Myrtle,Lagerstroemia
009012,#2,LAG POCOMOKE,Lagerstroemia indica 'Pocomoke'                             ,Pocomoke Crape Myrtle                                       ,Lagerstroemia
068015,#5,PUNICA GR SMITH ANGLRD PP16578,"Punica granatum 'Smith' P.P.#16,578 Angel Red® ",Angel Red®  Pomegranate,Edible berries/fruit
079382,#2,RUBUS RSPBRY SHRTCKE TM P22141,"Rubus idaeus Raspberry Shortcake™  P.P. #22,141",Raspberry Shortcake™  Dwarf Thornless Raspberry,Edible berries/fruit
075012S,SuperTwo,SPIRAEA DBLPLAY R ARTIST PPAF,Spiraea japonica 'Galen' P.P.A.F.                           ,Double Play®  Artist Spirea,Deciduous sumr flower'g shrub
075021S,SuperOne TM,SPIRAEA DBLPLAY R GOLD PPAF,"Spiraea japonica 'Yan' P.P. # 21,615                        ",Double Play®  Gold Spirea,Deciduous sumr flower'g shrub
071202,#2,SPIRAEA DOLCHICA,Spiraea x bumalda 'Dolchica'                                ,Dolchica Spirea                                             ,Deciduous sumr flower'g shrub
056235,#5,VACC BOUNTIFUL BLUE R PP19381,"Vaccinium corymbosum 'FLX-2' P.P.# 19,381                   ",Bountiful Blue®  Blueberry,Edible berries/fruit
028343,#3,ABELIA GRA KALEIDOSCOPE P16988,"Abelia x grandiflora 'Kaleidoscope' P.P.# 16,988            ",Kaleidoscope Abelia                                         ,Evergreen sumr flower'g shrub
003015,#5,BUXUS CHICAGOLAND GREEN R,Buxus x 'Glencoe'                                           ,Chicagoland Green™  Boxwood,Evergreen small shrub/hedge
013955,#5,BUXUS J GREEN BEAUTY,Buxus microphylla japonica 'Green Beauty'                   ,Green Beauty Boxwood                                        ,Evergreen small shrub/hedge
013835,#5,BUXUS MIC WINTER GEM,Buxus microphylla japonica 'Winter Gem'                     ,Winter Gem Boxwood                                          ,Evergreen small shrub/hedge
013902,#2,BUXUS S GREEN TOWER R PP15243,"Buxus sempervirens 'Monrue' P.P. #15,243                    ",Green Tower®  Boxwood,Evergreen small shrub/hedge
057381,#1,CESTRUM AUR ORANGE PEEL,Cestrum 'Orange Peel'                                       ,Orange Peel Jessamine                                       ,Evergreen early flower'g shrub
044095,#5,GARDENIA FROSTPROOF,Gardenia jasminoides 'Frostproof'                           ,Frostproof Gardenia                                         ,Evergreen fragrant shrub
092655,#5,ILEX EMRLD COLONNADE R PP23905,"Ilex x 'RutHol1' P.P.#23,905                                ",Emerald Colonnade®  Holly,Ilex
074952S,SuperTwo,ILEX X CASTLE SPIRE R PP14310,"Ilex x meserveae 'Hachfee' P.P. #14,310                     ",Castle Spire®  Blue Holly,Ilex
074942S,SuperTwo,ILEX X CASTLE WALL TM PP14308,"Ilex x meserveae 'Heckenstar' P.P. #14,308                  ",Castle Wall™  Blue Holly,Ilex
019655,#5,ILEX X RED BEAUTY R PP14750,Ilex x 'Rutzan' P.P.# 14750                                 ,Red Beauty®  Holly,Ilex
023967,#7,ILEX X SANTA'S DELIGHT R,Ilex aquifolium 'Sadezam'                                   ,Santa's Delight®  English Holly,Ilex
021093,#3,ILEX X SCALLYWAG TM PP21941,"Ilex x meservae 'MonNieves' P.P.# 21,941                    ",Scallywag™  Holly,Ilex
037425,#5,LORO C EVER RED R,Loropetalum chinense 'Chang Nian Hong'                      ,Ever Red®  Fringe Flower,Evergreen early flower'g shrub
040202,#2,LORO C PIPA'S RED,Loropetalum chinense 'Pipa's Red'                           ,Pipa's Red Chinese Fringe Flower                            ,Evergreen early flower'g shrub
062222,#2,NAND D SIENNA SUNRISE R P14693,"Nandina domestica 'Monfar' P.P. #14,693                     ",Sienna Sunrise®  Heavenly Bamboo,Evergreen small shrub/hedge
063232,#2,OSMANTHUS HET GOSHIKI,Osmanthus heterophyllus 'Goshiki'                           ,Goshiki False Holly                                         ,Evergreen small shrub/hedge
065222,#2,PIERIS TAIWAN PRELUDE,Pieris japonica 'Prelude'                                   ,Prelude Lily Of The Valley                                  ,Evergreen early flower'g shrub
019095,#5,PRUNUS LAUR ETNA,Prunus laurocerasus 'Anbri'                                 ,Etna English Laurel                                         ,Evergreen large shrub/hedge
067101,#1,PRUNUS LAUR MT VERNON,Prunus laurocerasus 'Mount Vernon'                          ,Mount Vernon English Laurel                                 ,Evergreen large shrub/hedge
020491,#1,ROSMARINUS OFF ARP,Rosmarinus officinalis 'Arp'                                ,Arp Rosemary                                                ,Edible berries/fruit
070502,#2,SARCOCOCCA HUMILIS,Sarcococca hookeriana var. humilis                          ,Himalayan Sweet Box                                         ,Evergreen small shrub/hedge
071052,#2,SKIMMIA JAPONICA-FEMALE,Skimmia japonica (Female)                                   ,Japanese Skimmia (Female)                                   ,Evergreen shade shrub
071062,#2,SKIMMIA JAPONICA-MALE,Skimmia japonica (Male)                                     ,Japanese Skimmia (Male)                                     ,Evergreen shade shrub
071082,#2,SKIMMIA REEVESIANA,Skimmia reevesiana                                          ,Reeves Skimmia                                              ,Evergreen shade shrub
090152,#2,YUCCA FIL COLOR GUARD,Yucca filamentosa 'Color Guard'                             ,Color Guard Adam's Needle                                   ,Grass-like plant
022061,#1,FERN-ATHYRIUM BURG LACE P15072,Athyrium niponicum 'Burgundy Lace' P.P.# 15072              ,Burgundy Lace Painted Fern                                  ,Fern
018762,#2,FERN-ATHYRIUM GHOST,Athyrium 'Ghost'                                            ,Ghost Fern                                                  ,Fern
036262,#2,FERN-DRYOPTERIS FELIX-MAS ROB,Dryopteris filix-mas 'Robusta'                              ,Robust Male Fern                                            ,Fern
083721,#1,FERN-POLYSTICHUM POLYBLEPHARUM,Polystichum polyblepharum                                   ,Tassel Fern                                                 ,Fern
005093,#3,FERN-THELYPTERIS DECUR-PINNATA,Thelypteris decursive-pinnata                               ,Japanese Beech Fern                                         ,Fern
025215,#5,BAM-FARGESIA RUFA (CLUMP),Fargesia rufa                                               ,Sunset Glow Bamboo                                          ,Bambusa/bamboo
011447,#7,BAM-PHYLLO NIGRA (RUN),Phyllostachys nigra                                         ,Black Bamboo                                                ,Bambusa/bamboo
001421,#1,GR-ACORUS GR OGON,Acorus gramineus 'Ogon'                                     ,Golden Variegated Sweet Flag                                ,Small grasses
059031,#1,GR-ACORUS GRAMINEUS OBOROZUKI,Acorus gramineus 'Oborozuki'                                ,Grassy-Leaved Sweet Flag                                    ,Small grasses
067792,#2,GR-BOUT BLOND AMBITION PP22048,"Bouteloua gracilis 'Blonde Ambition' P.P. # 22,048          ",Blonde Ambition Blue Grama Grass                            ,Small grasses
022591,#1,GR-CAREX ELATA BOWLES GOLDEN,Carex elata 'Bowles Golden'                                 ,Bowles Golden Sedge                                         ,Sedge
036672,#2,GR-FESTUCA GLAUCA ELIJAH BLUE,Festuca glauca 'Elijah Blue'                                ,Elijah Blue Fescue                                          ,Small grasses
089291,#1,GR-HAKONECHLOA FUBUKI PP21757,"Hakonechloa macra 'Fubuki' PP# 21,757                       ",Fubuki Japanese Forest Grass                                ,Small grasses
035911,#1,GR-HAKONECHLOA MACRA ALL GOLD,Hakonechloa macra 'All Gold'                                ,All Gold Japanese Forest Grass                              ,Small grasses
038681,#1,GR-HAKONECHLOA MACRA AUREOLA,Hakonechloa macra 'Aureola'                                 ,Golden Japanese Forest Grass                                ,Small grasses
005455,#5,GR-MIS SIN DIXIELAND,Miscanthus sinensis 'Dixieland'                             ,Dwarf Variegated Maiden Grass                               ,Large grass
044582,#2,GR-MIS SIN GOLD BAR PP15193,"Miscanthus sinensis 'Gold Bar' P.P.# 15,193                 ",Gold Bar Maiden Grass                                       ,Small grasses
024672,#2,GR-MUHLEN CAP REGAL MIST R,Muhlenbergia capillaris 'Lenca'                             ,Regal Mist®  Pink Muhly,Large grass
064262,#2,GR-PENN ALO HAMELN,Pennisetum alopecuroides 'Hameln'                           ,Dwarf Fountain Grass                                        ,Small grasses
036541,#1,LIRIOPE EMRLD GODDESS R P15471,Liriope muscari 'Love Potion No. 13' P.P.# 15471            ,Emerald Goddess®  Lilyturf,Grass-like plant
063111,#1,OPHIOPOGON EBONY KNIGHT TM,Ophiopogon planiscapus 'Ebknizam'                           ,Ebony Knight™  Mondo Grass,Grass-like plant
078762S,SuperTwo,AZ BLM-A-THON TM DB PK PP21477,"Rhododendron x 'RLH1-2P8' P.P. #21,477                      ",Bloom-A-Thon®  Pink Double Reblooming Azalea,Azalea
078771S,SuperOne TM,AZ BLM-A-THON TM RED PP21562,"Rhododendron x 'RLH1-1P2' P.P. #21,562                      ",Bloom-A-Thon®  Red Reblooming Azalea,Azalea
078782S,SuperTwo,AZ BLM-A-THON TM WHITE PP21512,"Rhododendron x 'RLH1-3P3' P.P.#21,512                       ",Bloom-A-Thon®  White Reblooming Azalea,Azalea
002072,#2,AZALEA GR SILVER SWORD,Azalea x 'Silver Sword' (Girard hybrid)                     ,Silver Sword Azalea                                         ,Azalea
030462,#2,RHOD (H-1) ELVIIRA,Rhododendron 'Elviira' (H-1)                                ,Elviira Rhododendron                                        ,Rhododendron
018012,#2,RHOD (H-1) HAAGA,Rhododendron x 'Haaga' (H-1)                                ,Haaga Rhododendron                                          ,Rhododendron
030211,#1,RHOD (H-1) MIKKELI,Rhododendron x 'Mikkeli' (H-1)                              ,Mikkeli Rhododendron                                        ,Rhododendron
009971,#1,RHOD (H-1) PURPLE GEM,Rhododendron x 'Purple Gem' (H-1)                           ,Purple Gem Rhododendron                                     ,Rhododendron
010055,#5,RHOD (H-1) RAMAPO,Rhododendron x 'Ramapo' (H-1)                               ,Ramapo Rhododendron                                         ,Rhododendron
019775,#5,RHOD (H-1) RTR HOOPLA,Rhododendron x 'Hoopla' (H-1) Raise the Roof®  Series,Hoopla Rhododendron                                         ,Rhododendron
020195,#5,RHOD (H-1) RTR MARCH MADNESS,Rhododendron x 'March Madness' (H-1) Raise the Roof® ,March Madness Rhododendron                                  ,Rhododendron
019742,#2,RHOD (H-1) RTR SLAM DUNK,Rhododendron x 'Slam Dunk' (H-1) Raise the Roof®  Seri,Slam Dunk Rhododendron                                      ,Rhododendron
019892,#2,RHOD (H-1) WOJNAR'S PURPLE,Rhododendron x 'Wojnar's Purple' (H - 1)                    ,Wojnar's Purple Rhododendron                                ,Rhododendron
009452,#2,RHOD (H-2) IMPEDITUM,Rhododendron impeditum (H-2)                                ,Dwarf Purple Rhododendron                                   ,Rhododendron
009562,#2,RHOD (H-2) LOOKING GLASS,Rhododendron x 'Looking Glass' (H-2)                        ,Looking Glass Rhododendron                                  ,Rhododendron
010202,#2,RHOD (H-2) SCARLET WONDER DWRF,Rhododendron x 'Scarlet Wonder' (H-2)                       ,Scarlet Wonder Dwarf Rhododendron                           ,Rhododendron
026385,#5,RHOD (H-3) RAC ROCK ROSE,Rhododendron racemosum 'Rock Rose'                          ,Rock Rose Rhododendron                                      ,Rhododendron
010295,#5,RHOD (H-3) TAURUS,Rhododendron ('Jean Marie de Montague' {{#215}} R. strigillo,Taurus Rhododendron                                         ,Rhododendron
036292,#2,ROSA FLWR CAR R AMBER PPAF,Rosa x 'NOA97400A' P.P.A.F.                                 ,Flower Carpet®  Amber Groundcover Rose,Rosa
079572,#2,ROSA FLWR CAR R PNK SPLSH PPAF,Rosa x 'Noasplash' P.P.A.F.                                 ,Flower Carpet®  Pink Splash Groundcover Rose,Rosa
036382,#2,ROSA FLWR CAR R PNK SUP P16276,"Rosa x 'NOA250092' P.P. #16,276                             ",Flower Carpet®  Pink Supreme Ground Cover Rose,Rosa
036312,#2,ROSA FLWR CAR R SCARLET P17373,"Rosa x 'NOA83100B' P.P. #17,373                             ",Flower Carpet®  Scarlet Groundcover Rose,Rosa
074962S,SuperTwo,ROSA OSO EASY R CHERRYPIE PPAF,Rosa x 'Meiboulka' P.P.A.F.                                 ,Oso Easy®  Cherry Pie Rose,Rosa
075002S,SuperTwo,ROSA OSO EASY R HONEY BUN PPAF,"Rosa x 'Scrivjean' P.P. #21,611                             ",Oso Easy®  Honey Bun Rose,Rosa
080721S,SuperOne TM,ROSA OSO EASY R MNGO SALSA PAF,Rosa x 'ChewperAdventure' P.P.A.F. Can. P.B.R.A.F.          ,Oso Easy®  Mango Salsa Rose,Rosa
074982S,SuperTwo,ROSA OSO EASY R PAPRIKA PPAF,"Rosa x 'ChewMayTime' P.P. #18,347                           ",Oso Easy®  Paprika Rose,Rosa
080731S,SuperOne TM,ROSA OSO EASY R STBY CR P20601,"Rosa x 'Hormeteorie' P.P.#20,601 Can. P.B.R.A.F.            ",Oso Easy®  Strawberry Crush Rose,Rosa
074972S,SuperTwo,ROSA OSO HPY TM CNDY OH!P20471,"Rosa x 'ZleMatinCipar' P.P. #20,471                         ",Oso Happy™  Candy Oh! Landscape Rose,Rosa
090795ST,#5 STAKED,ROSA-CL-CECILE BRUNNER,Rosa x 'Cecile Brunner' (Climbing Type)                     ,Cecile Brunner Climbing Rose                                ,Rosa
037125ST,#5 STAKED,ROSA-CL-CRIMSON SKY TM PP18564,Rosa x 'Meigrappo' P.P.# 18654                              ,Crimson Sky™  Climbing Rose,Rosa
051105ST,#5 STAKED,ROSA-CL-EDEN CLIMBER R,Rosa x 'Meiviolin'                                          ,Eden Climber®  Rose,Rosa
051095ST,#5 STAKED,ROSA-CL-GARDEN SUN TM PPAF,Rosa x 'Meivaleir' P.P.A.F.                                 ,Garden Sun™  Climbing Rose,Rosa
069445ST,#5 STAKED,ROSA-CL-JOSEPH'S COAT,Rosa x 'Joseph's Coat'                                      ,Joseph's Coat Climbing Rose                                 ,Rosa
075415ST,#5 STAKED,ROSA-CL-SKY'S THE LIMIT TM PAF,Rosa 'WEKprimsoul'                                          ,Sky's The Limit™  Climbing Rose,Rosa
058912,#2,ROSA-CL-WILLIAM BAFFIN,Rosa x 'William Baffin'                                     ,William Baffin Climbing Rose                                ,Rosa
021245,#5,ACER PAL BUTTERFLY,Acer palmatum 'Butterfly'                                   ,Butterfly Japanese Maple                                    ,Japanese maple
033215,#5,ACER PAL KAGIRI NISHIKI,Acer palmatum 'Kagiri Nishiki'                              ,Kagiri Nishiki Japanese Maple                               ,Japanese maple
049405,#5,ACER PAL KAMAGATA,                                                            ,                                                            ,Japanese maple
018345,#5,ACER PAL OSAKAZUKI,Acer palmatum 'Osakazuki'                                   ,Osakazuki Japanese Maple                                    ,Japanese maple
000915,#5,ACER PAL SEIRYU,Acer palmatum 'Seiryu'                                      ,Seiryu Japanese Maple                                       ,Japanese maple
03033M,#10 Squat,ACER SHIR AUTUMN MOON,Acer shirasawanum 'Autumn Moon'                             ,Autumn Moon Fullmoon Maple                                  ,Tree fall/winter interest
012365,#5,BETULA PENDULA PURPLE RAIN R,Betula pendula 'Monle'                                      ,Purple Rain®  European White Birch,Ornamental tree
022775,#5,CARPINUS BET FASTIGIATA,Carpinus betulus 'Fastigiata'                               ,Pyramidal European Hornbeam                                 ,Deciduous shade tree
03039M,#10 Squat,CORNUS X VENUS R PP16309,"Cornus x 'KN30-8' P.P.# 16,309                              ",Venus®  Dogwood,Hardy flowering tree
031555,#5,DAPHNIPHYLLUM MACROPODUM,Daphniphyllum macropodum                                    ,Yuzuri-Ha Tree - Shogun®  Series,Evergreen shade tree
025675,#5,DAVIDIA INVOLUCRATA,Davidia involucrata                                         ,Dove Tree                                                   ,Hardy flowering tree
006665,#5,HEPTACODIUM MICONIOIDES,Heptacodium miconioides                                     ,Seven-Son Flower                                            ,Ornamental tree
020109,#15,MAG G TEDDY BEAR R PP13049,Magnolia grandiflora 'Southern Charm' P.P.# 13049           ,Teddy Bear®  Southern Magnolia,Evergreen shade tree
032985,#5,STYRAX FRAG FOUNTAIN TM P19664,Styrax japonicus 'Fragrant Fountain' P.P.# 19664            ,Fragrant Fountain Japanese Snowbell                         ,Temperate flowering tree
053125,#5,TROCHODENDRON ARALIOIDES,Trochodendron aralioides                                    ,Taiwanese Parasol Tree                                      ,Ornamental tree
056525,#5,ULMUS X FRONTIER,Ulmus (carpinifolia x parvifolia) 'Frontier'                ,Frontier Hybrid Elm                                         ,Deciduous shade tree
046252,#2 STAKED,CLEM LOUISE ROWE,Clematis x Louise Rowe                                      ,Louise Rowe Clematis                                        ,Clematis
021792,#2 STAKED,CLEM PIILU TM PPAF,Clematis x 'Little Duckling' P.P.A.F.                       ,Piilu™  Clematis,Clematis
021862,#2 STAKED,CLEM SAPPHIRE INDIGO TMPP17012,"Clematis 'Cleminov 51' P.P. # 17,012                        ",Sapphire Indigo™  Clematis,Clematis
038005,#5 STAKED,CLEM TEX PRINCESS DIANA,Clematis texensis 'Princess Diana'                          ,Princess Diana Clematis                                     ,Clematis
051481,#1 STAKED,CLEM VANCOUVER TM DANIELLE,Clematis x 'Danielle'                                       ,Vancouver™  Danielle Clematis,Clematis
046275,#5 STAKED,CLEM VANCOUVER TM FRGRNT STAR,Clematis x 'Fragrant Star'                                  ,Vancouver™  Fragrant Star Clematis,Clematis
048741,#1 STAKED,CLEM VANCOUVER TM STARRY NGHTS,Clematis x 'Starry Nights'                                  ,Vancouver™  Starry Nights Clematis,Clematis
038081,#1 STAKED,CLEM VIT BETTY CORNING,Clematis viticella 'Betty Corning'                          ,Betty Corning Clematis                                      ,Clematis
033492,#2 STAKED,CLEM X HANIA,Clematis x 'Hania'                                          ,Hania Clematis                                              ,Clematis
044481,#1 STAKED,CLEM X JACKMANII SUPERBA,Clematis x jackmanii 'Superba'                              ,Jackman Superba Clematis                                    ,Clematis
033512,#2 STAKED,CLEM X JULKA,Clematis x 'Julka'                                          ,Julka Clematis                                              ,Clematis
034432,#2 STAKED,CLEM X KILIAN DONAHUE,Clematis x 'Kilian Donahue'                                 ,Kilian Donahue Clematis                                     ,Clematis
055201,#1 STAKED,CLEM X MRS. SPENCER CASTLE,Clematis 'Mrs. Spencer Castle'                              ,Mrs. Spencer Castle Clematis                                ,Clematis
026375,#5 STAKED,CLEM X TOKI,Clematis x 'Toki'                                           ,Toki Clematis                                               ,Clematis
056212,#2 STAKED,CLEM X WESTERPLATTE,Clematis x 'Westerplatte'                                   ,Westerplatte Clematis                                       ,Clematis
038165,#5 STAKED,GELSEMIUM RANKINII,Gelsemium rankinii                                          ,Swamp Jessamine                                             ,Temperate vine
038101,#1 STAKED,GELSEMIUM SEMPERVIRENS,Gelsemium sempervirens                                      ,Carolina Jessamine                                          ,Temperate vine
088395,#5 STAKED,HUMULUS X CRYSTAL,Humulus x 'Crystal'                                         ,Crystal Hop                                                 ,Edible berries/fruit
088402,#2,HUMULUS X NEWPORT,Humulus lupulus 'Newport'                                   ,Newport Common Hop                                          ,Edible berries/fruit
075631,#1 STAKED,HYD INTEG TAIPING SHAN CLIMBNG,Hydrangea integrifolia 'Taiping Shan'                       ,Taiping Shan Evergreen Climbing Hydrangea                   ,Hydrangea
086361S,SuperOne TM,LONICERA P SCENTSATION PP16240,Lonicera periclymenum 'Scentsation' P.P.#16240              ,Scentsation Honeysuckle                                     ,Hardy vine
084395,#5 STAKED,LONICERA PCHES & CREAM PP21839,"Lonicera periclymenum 'Inov 86' P.P.#21,839                 ",Peaches and Cream Honeysuckle                               ,Hardy vine
059275,#5 STAKED,LONICERA X BRO DROPMORE SCARLT,Lonicera x brownii 'Dropmore Scarlet'                       ,Dropmore Scarlet Trumpet Honeysuckle                        ,Hardy vine
071961,#1 STAKED,PARTH HENRYANA,                                                            ,                                                            ,Hardy vine
081525,#5 STAKED,PARTH Q RED WALL TM PPAF,Parthenocissus quinquefolia 'Troki' P.P.A.F.                ,Red Wall™  Virginia Creeper,Hardy vine
002585,#5 STAKED,PARTH TRI GREEN SHOWERS,Parthenocissus tricuspidata 'Green Showers'                 ,Green Showers Boston Ivy                                    ,Hardy vine
