Loc,Item,Description,Botanical Name,Common Name,,,,,,,,,,,,,,,,,
CT,000953MD,ACER PAL CRIMSON QUEEN,Acer palmatum var. dissectum 'Crimson Queen'                ,Crimson Queen Japanese Maple                                ,,,,,,,,,,,,,,,,,
CT,400363,ACER PAL FIREGLOW,Acer palmatum 'Fireglow'                                    ,Fireglow Japanese Maple                                     ,,,,,,,,,,,,,,,,,
CT,00099MMD,ACER PAL GARNET,Acer palmatum var. dissectum 'Garnet'                       ,Garnet Japanese Maple                                       ,,,,,,,,,,,,,,,,,
CT,400393MD,ACER PAL RED SELECT,Acer palmatum var. dissectum 'Red Select'                   ,Red Select Japanese Maple                                   ,,,,,,,,,,,,,,,,,
CT,400393ST,ACER PAL RED SELECT,Acer palmatum var. dissectum 'Red Select'                   ,Red Select Japanese Maple                                   ,,,,,,,,,,,,,,,,,
CT,400395MD,ACER PAL RED SELECT,Acer palmatum var. dissectum 'Red Select'                   ,Red Select Japanese Maple                                   ,,,,,,,,,,,,,,,,,
CT,40039MMD,ACER PAL RED SELECT,Acer palmatum var. dissectum 'Red Select'                   ,Red Select Japanese Maple                                   ,,,,,,,,,,,,,,,,,
CT,400433MD,ACER PAL VIRIDIS,Acer palmatum var. dissectum 'Viridis'                      ,Viridis Japanese Maple                                      ,,,,,,,,,,,,,,,,,
CT,400457,ACER RUB ARMSTRONG GOLD,Acer rubrum 'JFS-KW78' P.P.A.F.                             ,Armstrong Gold™  Maple,,,,,,,,,,,,,,,,,
CT,058241,ACHILLEA APRICOT DLGHT PP18738,"Achillea millefolium 'Apricot Delight' P.P.# 18,738         ",Tutti Frutti Apricot Delight Yarrow                         ,,,,,,,,,,,,,,,,,
CT,029061,ACHILLEA MILL RED VELVET,Achillea millefolium 'Red Velvet'                           ,Red Velvet Yarrow                                           ,,,,,,,,,,,,,,,,,
CT,001351,ACHILLEA X MOONSHINE,Achillea x 'Moonshine'                                      ,Moonshine Yarrow                                            ,,,,,,,,,,,,,,,,,
CT,400521,AGASTACHE HYB BLUE BOA PP24050,"Agastache x 'Blue Boa' P.P. #24,050                         ",Blue Boa Hummingbird Mint                                   ,,,,,,,,,,,,,,,,,
CT,412511,AGASTACHE KUDOS CORAL PPAF,Agastache 'Kudos Coral' P.P.A.F.                            ,Kudos Coral Dwarf Hummingbird Mint                          ,,,,,,,,,,,,,,,,,
CT,412521,AGASTACHE KUDOS GOLD PPAF,Agastache 'Kudos Gold' P.P.A.F.                             ,Kudos Gold Dwarf Hummingbird Mint                           ,,,,,,,,,,,,,,,,,
CT,080301,AJUGA CHOCOLATE CHIP,Ajuga x 'Chocolate Chip'                                    ,Chocolate Chip Carpet Bugle                                 ,,,,,,,,,,,,,,,,,
CT,08030UT,AJUGA CHOCOLATE CHIP,Ajuga x 'Chocolate Chip'                                    ,Chocolate Chip Carpet Bugle                                 ,,,,,,,,,,,,,,,,,
CT,000591,AJUGA REPTANS BURGUNDY GLOW,Ajuga reptans 'Burgundy Glow'                               ,Burgundy Glow Carpet Bugle                                  ,,,,,,,,,,,,,,,,,
CT,001931,AJUGA REPTANS CATLIN'S GIANT,Ajuga reptans 'Catlin's Giant'                              ,Catlin's Giant Carpet Bugle                                 ,,,,,,,,,,,,,,,,,
CT,035341,AMSONIA HUBRICHTII,Amsonia hubrichtii                                          ,Arkansas Blue Star                                          ,,,,,,,,,,,,,,,,,
CT,06696UT,ANACYCLUS PYR DEP SILBERKISSEN,Anacyclus depressus 'Silberkissen'                          ,Silver Kisses Mount Atlas Daisy                             ,,,,,,,,,,,,,,,,,
CT,065991,ANEMONE SEPTEMBER CHARM,Anemone x hybrida 'September Charm'                         ,September Charm Japanese Anemone                            ,,,,,,,,,,,,,,,,,
CT,015931,ANEMONE X HONORINE JOBERT,Anemone x hybrida 'Honorine Jobert'                         ,Honorine Jobert Japanese Anemone                            ,,,,,,,,,,,,,,,,,
CT,038561,ANEMONE X SERENADE,Anemone x hybrida 'Serenade'                                ,Serenade Japanese Anemone                                   ,,,,,,,,,,,,,,,,,
CT,05907UT,ANTENNARIA DIOICA RUBRA,Antennaria dioica 'Rubra'                                   ,Pink Pussy-toes                                             ,,,,,,,,,,,,,,,,,
CT,037331,AQUILEGIA CAE ORIGAMI BLU & WT,Aquilegia x hybrida 'Origami Blue & White'                  ,Origami Blue & White Columbine                              ,,,,,,,,,,,,,,,,,
CT,045921,AQUILEGIA CAE ORIGAMI PNK & WT,Aquilegia x hybrida 'Origami Pink & White'                  ,Origami Pink & White Columbine                              ,,,,,,,,,,,,,,,,,
CT,036901,AQUILEGIA CAE ORIGAMI RED & WT,Aquilegia x hybrida 'Origami Red & White'                   ,Origami Red & White Columbine                               ,,,,,,,,,,,,,,,,,
CT,045931,AQUILEGIA CAE ORIGAMI YELLOW,Aquilegia x hybrida 'Origami Yellow'                        ,Origami Yellow Columbine                                    ,,,,,,,,,,,,,,,,,
CT,40070UT,ARABIS FER-CO OLD GOLD,Arabis ferdinandi-coburgi 'Old Gold'                        ,Old Gold Alpine Rock Cress                                  ,,,,,,,,,,,,,,,,,
CT,40071UT,ARABIS HYB RED SENSATION,Arabis blepharophylla 'Red Sensation'                       ,Red Sensation Rock Cress                                    ,,,,,,,,,,,,,,,,,
CT,025761,ARMERIA MAR NIFTY THRIFTY,Armeria maritima 'Nifty Thrifty'                            ,Nifty Thrifty Variegated Thrift                             ,,,,,,,,,,,,,,,,,
CT,02576UT,ARMERIA MAR NIFTY THRIFTY,Armeria maritima 'Nifty Thrifty'                            ,Nifty Thrifty Variegated Thrift                             ,,,,,,,,,,,,,,,,,
CT,01946UT,ARMERIA MAR RUBRIFOLIA,Armeria maritima 'Rubrifolia'                               ,Red Leaf Thrift                                             ,,,,,,,,,,,,,,,,,
CT,030091,ASTER FARMINGTON PPAF,Aster novi-belgii 'Baldco' P.P.A.F.                         ,Farmington Michaelmas Daisy                                 ,,,,,,,,,,,,,,,,,
CT,003381,ASTER FRIKARTII MOENCH,Aster x frikartii 'Moench'                                  ,Moench Frikartii Aster                                      ,,,,,,,,,,,,,,,,,
CT,412531,ASTER N-A VIBRANT DOME,"Aster novae-angliae 'Vibrant Dome' P.P.# 19,538             ",Vibrant Dome New England Aster                              ,,,,,,,,,,,,,,,,,
CT,023891,ASTER WOOD'S BLUE,Aster novi-belgii 'Wood's Blue'                             ,Wood's Blue New York Aster                                  ,,,,,,,,,,,,,,,,,
CT,001531,ASTER WOOD'S PINK,Aster novi-belgii 'Wood's Pink'                             ,Woods Pink New York Aster                                   ,,,,,,,,,,,,,,,,,
CT,412541,ASTILBE DELFT LACE,"Astilbe 'Delft Lace' P.P.# 19,839                           ",Delft Lace Astilbe                                          ,,,,,,,,,,,,,,,,,
CT,003502,ASTILBE FANAL,Astilbe x arendsii 'Fanal'                                  ,Fanal Astilbe                                               ,,,,,,,,,,,,,,,,,
CT,00350UT,ASTILBE FANAL,Astilbe x arendsii 'Fanal'                                  ,Fanal Astilbe                                               ,,,,,,,,,,,,,,,,,
CT,001631,ASTILBE HENNIE GRAAFLAND,Astilbe simplicifolia 'Hennie Graafland'                    ,Hennie Graafland Star Astilbe                               ,,,,,,,,,,,,,,,,,
CT,003531,ASTILBE SPRITE,Astilbe simplicifolia 'Sprite'                              ,Sprite Dwarf Astilbe                                        ,,,,,,,,,,,,,,,,,
CT,00353UT,ASTILBE SPRITE,Astilbe simplicifolia 'Sprite'                              ,Sprite Dwarf Astilbe                                        ,,,,,,,,,,,,,,,,,
CT,017601,ASTILBE VISION IN WHITE P18965,"Astilbe chinensis 'Vision In White P.P. #18,965             ",Vision in White Astilbe                                     ,,,,,,,,,,,,,,,,,
CT,023191,ASTRANTIA ABBEY ROAD PP14961,Astrantia major 'Abbey Road' P.P.# 14961                    ,Abbey Road Masterwort                                       ,,,,,,,,,,,,,,,,,
CT,400863,AZALEA EX ARNESON RUBY,Azalea 'Arneson Ruby'                                       ,Arneson Ruby Azalea                                         ,,,,,,,,,,,,,,,,,
CT,400982S,AZALEA LAVENDER JANE TM,Azalea x 'HOMLED' P.P.A.F.                                  ,Lavender Jane™  Azalea,,,,,,,,,,,,,,,,,
CT,400873,AZALEA NL CANDY LIGHTS PPAF,Azalea x 'Candy Lights' (P.P.A.F.)                          ,Candy Lights™  Deciduous Azalea,,,,,,,,,,,,,,,,,
CT,400883,AZALEA NL LEMON LIGHTS,                                                            ,                                                            ,,,,,,,,,,,,,,,,,
CT,008363,AZALEA NL MANDARIN LIGHTS,Azalea x 'Mandarin Lights' (Northern Lights Hybrid)         ,Mandarin Lights Azalea                                      ,,,,,,,,,,,,,,,,,
CT,400903,AZALEA NL TRI-LIGHTS TM PPAF,                                                            ,                                                            ,,,,,,,,,,,,,,,,,
CT,401003,AZALEA POUKHANENSE COMP,Azalea yedoense var. poukhanense 'Compacta'                 ,Compact Korean Azalea                                       ,,,,,,,,,,,,,,,,,
CT,401012S,AZALEA PURE WHITE JULIA TM,Azalea x 'HOMLEA' P.P.A.F.                                  ,Pure White Julia™  Azalea,,,,,,,,,,,,,,,,,
CT,402581S,BAM-FARGESIA SCABRIDA,Fargesia scabrida                                           ,Scabrida Bamboo                                             ,,,,,,,,,,,,,,,,,
CT,074742S,BER SUNJOY R GOLD PILLAR PPAF,"Berberis thunbergii 'Maria' P.P. #18,082                    ",Sunjoy®  Gold Pillar Barberry,,,,,,,,,,,,,,,,,
CT,002242,BER T CONCORDE,Berberis thunbergii 'Concorde'                              ,Concorde Japanese Barberry                                  ,,,,,,,,,,,,,,,,,
CT,012052,BER T CRIMSON PYGMY,Berberis thunbergii 'Crimson Pygmy' ('Atropurpurea Nana')   ,Crimson Pygmy Dwarf Japanese Barberry                       ,,,,,,,,,,,,,,,,,
CT,035232,BER T GOLDEN RUBY R PP16203,"Berberis thunbergii 'Goruzam' P.P. #16,203                  ",Golden Ruby®  Barberry,,,,,,,,,,,,,,,,,
CT,012102,BER T HELMOND PILLAR,Berberis thunbergii 'Helmond Pillar'                        ,Helmond Pillar Barberry                                     ,,,,,,,,,,,,,,,,,
CT,022021,BERGENIA COR WINTERGLOW,Bergenia cordifolia 'Winterglut'                            ,Winterglow Bergenia                                         ,,,,,,,,,,,,,,,,,
CT,01429M,BETULA HERITAGE TM (CLMP),Betula nigra 'Cully'                                        ,Heritage®  River Birch Multi,,,,,,,,,,,,,,,,,
CT,401181,BRUNNERA MAC SILVER HEART PPAF,Brunnera macrophylla 'Silver Heart' P.P.A.F.                ,Silver Heart Brunnera                                       ,,,,,,,,,,,,,,,,,
CT,401252,BUD FLTBY PTE R BL HEVN P22069,"Buddleia x 'Podaras #8' P.P. #22,069                        ",Flutterby Petite™  Blue Heaven Butterfly Bush,,,,,,,,,,,,,,,,,
CT,074412S,BUD LO&BEHLD R BLU CHP PP19991,"Buddleja 'Blue Chip' P.P.# 19,991                           ",Lo & Behold®  Blue Chip Dwarf Summer Lilac,,,,,,,,,,,,,,,,,
CT,080812S,BUD LO&BEHLD R ICE CHIP PPAF,Buddleja Lo & Behold®  'Ice Chip' P.P.A.F. Can. P.B.R.,Ice Chip Summer Lilac                                       ,,,,,,,,,,,,,,,,,
CT,401292S,BUD LO&BEHLD R PINK MICRO CHIP,Buddleja ' Pink Micro Chip' P.P.A.F. Can. P.B.RA.F.         ,Lo & Behold®  Pink Micro Chip Summer Lilac,,,,,,,,,,,,,,,,,
CT,077412S,BUD LO&BEHLD R PRPL HAZE PPAF,Buddleja (B. davidii x (B. davidii x B. globosa)) x (B. davi,Lo & Behold®  Purple Haze Summer Lilac,,,,,,,,,,,,,,,,,
CT,407622S,BUD LO&BEHOLD BLU CHIP JR,Buddleia davidii 'Blue Chip Jr.' P.P.A.F.                   ,Lo & Behold®  Blue Chip Jr. Butterfly Bush,,,,,,,,,,,,,,,,,
CT,013823CN,BUXUS GREEN MOUNTAIN,Buxus x 'Green Mountain'                                    ,Green Mountain Boxwood                                      ,,,,,,,,,,,,,,,,,
CT,013825CN,BUXUS GREEN MOUNTAIN,Buxus x 'Green Mountain'                                    ,Green Mountain Boxwood                                      ,,,,,,,,,,,,,,,,,
CT,013833,BUXUS MIC WINTER GEM,Buxus microphylla japonica 'Winter Gem'                     ,Winter Gem Boxwood                                          ,,,,,,,,,,,,,,,,,
CT,013835,BUXUS MIC WINTER GEM,Buxus microphylla japonica 'Winter Gem'                     ,Winter Gem Boxwood                                          ,,,,,,,,,,,,,,,,,
CT,401353,CALLICARPA J SNOW STORM,Callicarpa japonica 'Snow Storm'                            ,Snow Storm Beauty Berry                                     ,,,,,,,,,,,,,,,,,
CT,401343S,CALLICARPA PRPLE PEARLS TM PAF,Callicarpa x 'NCCX1'                                        ,Purple Pearls™  Beautyberry,,,,,,,,,,,,,,,,,
CT,401477PT,CAMP INDIAN SUMMER R PP13139,"Campsis x tagliabuana 'Kudian' P.P. #13,139                 ",Indian Summer®  Trumpet Vine,,,,,,,,,,,,,,,,,
CT,003891,CAMPANULA CAR WHITE CLIPS,Campanula carpatica 'White Clips'                           ,White Clips Bellflower                                      ,,,,,,,,,,,,,,,,,
CT,408411,CAMPANULA GLOM GENTI WHITE PAF,Campanula glomerata 'Genti White'                           ,Genti White Bellflower                                      ,,,,,,,,,,,,,,,,,
CT,412915,CAMPSIS RADICANS,Campsis radicans                                            ,Trumpet Creeper                                             ,,,,,,,,,,,,,,,,,
CT,022567,CARAGANA ARB PENDULA,Caragana arborescens 'Pendula'                              ,Weeping Siberian Peashrub                                   ,,,,,,,,,,,,,,,,,
CT,408962,CARY 'SUMMER SORBET' PP15935,"Caryopteris x clandonensis 'Summer Sorbet' P.P.# 15,935     ",Summer Sorbet Bluebeard                                     ,,,,,,,,,,,,,,,,,
CT,090183S,CEPHALANTHUS SUGAR SHCK TM PAF,Cephalanthus occidentalis 'SMCOSS' P.P.A.F.                 ,Sugar Shack™  Butttonbush,,,,,,,,,,,,,,,,,
CT,058427,CERCIS C RUBY FALLS,Cercis canadensis 'Ruby Falls' PPAF                         ,Ruby Falls Weeping Redbud                                   ,,,,,,,,,,,,,,,,,
CT,058417,CERCIS C TEXENSIS MERLOT,"Cercis x 'Merlot' P.P.#22,297                               ",Merlot Redbud                                               ,,,,,,,,,,,,,,,,,
CT,401767,CERCIS C THE RISING SUN P21451,"Cercis canadensis 'JN2'' P.P.#21,451                        ",The Rising Sun™  Eastern Redbud,,,,,,,,,,,,,,,,,
CT,017857,CERCIS LAVENDER TWIST R P10328,"Cercis canadensis 'Covey' P.P. #10,328                      ",Lavender Twist®  Redbud,,,,,,,,,,,,,,,,,
CT,074452S,CHAEN DBLTKE TM PK STRM P20920,"Chaenomeles speciosa 'Pink Storm' P.P.# 20,920, CBRAF       ",Double Take™  Pink Storm Flowering Quince,,,,,,,,,,,,,,,,,
CT,074453S,CHAEN DBLTKE TM PK STRM P20920,"Chaenomeles speciosa 'Pink Storm' P.P.# 20,920, CBRAF       ",Double Take™  Pink Storm Flowering Quince,,,,,,,,,,,,,,,,,
CT,074773S,CHAEN DBLTKE TM SCR STRM PPAF,"Chaenomeles speciosa 'Scarlet Storm' P.P.# PP 20,951        ",Double Take™  Scarlet Storm Flowering Quince,,,,,,,,,,,,,,,,,
CT,023655,CHAM NOOT PENDULA,Chamaecyparis nootkatensis 'Pendula'                        ,Weeping Nootka Cypress                                      ,,,,,,,,,,,,,,,,,
CT,035365,CHAM OBT CRIPPSII,Chamaecyparis obtusa 'Crippsii'                             ,Golden Hinoki False Cypress                                 ,,,,,,,,,,,,,,,,,
CT,023902,CHAM OBT FILICOIDES,Chamaecyparis obtusa 'Filicoides'                           ,Fernspray False Cypress                                     ,,,,,,,,,,,,,,,,,
CT,023905,CHAM OBT FILICOIDES,Chamaecyparis obtusa 'Filicoides'                           ,Fernspray False Cypress                                     ,,,,,,,,,,,,,,,,,
CT,023682,CHAM OBT GRACILIS,Chamaecyparis obtusa 'Gracilis'                             ,Slender Hinoki False Cypress                                ,,,,,,,,,,,,,,,,,
CT,401805,CHAM OBT NIGHT LIGHT TM,Chamaecyparis obtusa 'Conschlecht'                          ,Night Light®  Hinoki Cypress,,,,,,,,,,,,,,,,,
CT,082455,CHAM PIS GOLDEN MOP,Chamaecyparis pisifera 'Golden Mop'                         ,Golden Mop Threadleaf False Cypress                         ,,,,,,,,,,,,,,,,,
CT,074783S,CHAM PIS SOFT SERVE R PPAF,Chamaecyparis pisifera 'Dow Whiting' P.P.A.F.               ,Soft Serve®  False Cypress,,,,,,,,,,,,,,,,,
CT,014412,CHAM PIS VINTAGE GOLD,Chamaecyparis pisifera 'Vintage Gold'                       ,Vintage Gold False Cypress                                  ,,,,,,,,,,,,,,,,,
CT,024191,CHELONE HOT LIPS,Chelone lyonii 'Hot Lips'                                   ,Hot Lips Turtlehead                                         ,,,,,,,,,,,,,,,,,
CT,412571,CHRY (LEU) REAL GALAXY PPAF,Chrysanthemum 'Real Galaxy' P.P.A.F.                        ,Real Galaxy Shasta Daisy                                    ,,,,,,,,,,,,,,,,,
CT,407861,CHRY (LEUCA) X REAL GLORY,Chrysanthemum 'Real Glory' P.P.A.F.                         ,Real Glory Shasta Daisy                                     ,,,,,,,,,,,,,,,,,
CT,40159UT,CHRYS (LEUCANTH) X FREAK PPAF,Chrysanthemum (Leucanthemum x superbum 'Leuzoo1' P.P.A.F.   ,Freak! Shasta Daisy                                         ,,,,,,,,,,,,,,,,,
CT,02661UT,CHRYS (LEUCANTH) X SUP CRAZY,Leucanthemum x superbum 'Crazy Daisy' P.P.A.F.              ,Crazy Shasta Daisy                                          ,,,,,,,,,,,,,,,,,
CT,027472,CLEM PANICULATA,Clematis paniculata                                         ,Sweet Autumn Clematis                                       ,,,,,,,,,,,,,,,,,
CT,089922S,CLEM SWEET SUMMER LOVE PPAF,Clematis 'Sweet Summer Love' P.P.A.F.                       ,Sweet Summer Love Clematis                                  ,,,,,,,,,,,,,,,,,
CT,048741,CLEM VANCOUVER TM STARRY NGHTS,Clematis x 'Starry Nights'                                  ,Vancouver™  Starry Nights Clematis,,,,,,,,,,,,,,,,,
CT,015901,CLEM X BLUE LIGHT R PP15953,Clematis x 'Vanso' P.P.# 15953                              ,Blue Light®  Clematis,,,,,,,,,,,,,,,,,
CT,027071,CLEM X PINK CHAMPAGNE,Clematis x 'Pink Champagne'                                 ,Pink Champagne Clematis                                     ,,,,,,,,,,,,,,,,,
CT,074463S,CLETHRA AL SUGARTINA TM P21561,"Clethra alnifolia 'Crystalina' P.P.# 21,561 Can. P.B.R.A.F. ",Sugartina™  Summersweet,,,,,,,,,,,,,,,,,
CT,027523,CLETHRA ALN HUMMINGBIRD,Clethra alnifolia 'Hummingbird'                             ,Hummingbird Summersweet                                     ,,,,,,,,,,,,,,,,,
CT,020093,CLETHRA ALN SIXTEEN CANDLES,Clethra alnifolia 'Sixteen Candles'                         ,Sixteen Candles Summersweet                                 ,,,,,,,,,,,,,,,,,
CT,078721,CORE BIGBANG TM CSMC EY P22601,"Coreopsis x 'Cosmic Eye' P.P.#22,601                        ",Big Bang™  Cosmic Eye Tickseed,,,,,,,,,,,,,,,,,
CT,088891,CORE BIGBANG TM MRCRY RSNG PAF,Coreopsis x 'Mercury Rising' P.P.A.F.                       ,Big Bang™  Mercury Rising Tickseed,,,,,,,,,,,,,,,,,
CT,088891S,CORE BIGBANG TM MRCRY RSNG PAF,Coreopsis x 'Mercury Rising' P.P.A.F.                       ,Big Bang™  Mercury Rising Tickseed,,,,,,,,,,,,,,,,,
CT,068081,CORE BIGBANG TM RDSHFT PP20412,"Coreopsis x 'Redshift' P.P.# 20,412                         ",Big Bang™  Redshift Tickseed,,,,,,,,,,,,,,,,,
CT,018421,CORE CRUZIN' TM ELCTRC AVE PAF,"Coreopsis verticillata 'Electric Avenue' P.P.#24,688        ",Electric Avenue Tickseed (Cruizin' Series)                  ,,,,,,,,,,,,,,,,,
CT,408541,CORE LIL' BANG TM RED ELF,Coreopsis x 'Red Elf' P.P.A.F.                              ,Lil' Bang™  Red Elf Tickseed,,,,,,,,,,,,,,,,,
CT,408531,CORE LIL' BANG TM STARLIGHT,Coreopsis 'Starlight' P.P.A.F.                              ,Lil' Bang™  Starlight Tickseed,,,,,,,,,,,,,,,,,
CT,401911S,COREOPSIS DAZZLESTAR PPAF,Coreopsis 'Mercury Rising' P.P.A.F.                         ,Dazzlestar™  Tickseed,,,,,,,,,,,,,,,,,
CT,027961,COREOPSIS VERT MOONBEAM,Coreopsis verticillata 'Moonbeam'                           ,Moonbeam Threadleaf Tickseed                                ,,,,,,,,,,,,,,,,,
CT,027971,COREOPSIS VERT ZAGREB,Coreopsis verticillata 'Zagreb'                             ,Zagreb Threadleaf Tickseed                                  ,,,,,,,,,,,,,,,,,
CT,027863,CORNUS ALBA IVORYHALO TM,Cornus alba 'Bailhalo'                                      ,Ivory Halo®  Dogwood,,,,,,,,,,,,,,,,,
CT,027865,CORNUS ALBA IVORYHALO TM,Cornus alba 'Bailhalo'                                      ,Ivory Halo®  Dogwood,,,,,,,,,,,,,,,,,
CT,044703,CORNUS SERICEA KELSEYI,Cornus sericea 'Kelseyi'                                    ,Kelsey's Dwarf Red-Osier Dogwood                            ,,,,,,,,,,,,,,,,,
CT,027587,CORNUS X STELLAR PINK R,Cornus x 'Rutgan'                                           ,Stellar Pink®  Dogwood,,,,,,,,,,,,,,,,,
CT,402055,CORYLUS AMERICANA,Corylus americana                                           ,American Hazelnut                                           ,,,,,,,,,,,,,,,,,
CT,028207PT,CORYLUS AV CONTORTA,Corylus avellana 'Contorta'                                 ,Harry Lauder's Walking Stick                                ,,,,,,,,,,,,,,,,,
CT,028503,COT APICULATUS,Cotoneaster apiculatus                                      ,Cranberry Cotoneaster                                       ,,,,,,,,,,,,,,,,,
CT,028553,COT APICULATUS TOM THUMB,Cotoneaster apiculatus 'Tom Thumb'                          ,Tom Thumb Cranberry Cotoneaster                             ,,,,,,,,,,,,,,,,,
CT,402073,COT HOR HESSEI,Cotoneaster x 'Hessei'                                      ,Hessei Cotoneaster                                          ,,,,,,,,,,,,,,,,,
CT,028145,COTINUS COG ROYAL PURPLE,Cotinus coggygria 'Royal Purple'                            ,Royal Purple Smoke Tree                                     ,,,,,,,,,,,,,,,,,
CT,028157PT,COTINUS X GRACE,Cotinus x 'Grace'                                           ,Grace Smoke Tree                                            ,,,,,,,,,,,,,,,,,
CT,084671,DELOS JWL OF DSRT RUBY P23453,"Delosperma cooperi 'Jewel of the Desert Ruby' P.P.#23,453   ",Jewel of the Desert Ruby Ice Plant                          ,,,,,,,,,,,,,,,,,
CT,098591,DELOS JWL OF DSRT TOPAZ P23492,"Delosperma cooperi 'Jewel of the Desert Topaz' P.P. #23,492 ",Jewel of the Desert Topaz Ice Plant                         ,,,,,,,,,,,,,,,,,
CT,078741,DELOSPERMA FIRE SPINNER R,Delosperma 'P001S'                                          ,Fire Spinner®  Ice Plant,,,,,,,,,,,,,,,,,
CT,05946UT,DELOSPERMA MESA VERDE PP13876,Delosperma 'Kelaidis' P.P.# 13876                           ,Mesa Verde®  Ice Plant,,,,,,,,,,,,,,,,,
CT,075841,DELOSPERMA NUBIGENUM,Delosperma nubigenum                                        ,Hardy Yellow Ice Plant                                      ,,,,,,,,,,,,,,,,,
CT,004591,DELPHINIUM GRAND BLUE MIRROR,Delphinium grandiflorum 'Blue Mirror'                       ,Blue Mirror Delphinium                                      ,,,,,,,,,,,,,,,,,
CT,402243S,DEUTZIA YUKI SNOWFLAKE TM PPAF,Deutzia 'NCDX1' P.P.A.F.                                    ,Yuki Snowflake™  Deutzia,,,,,,,,,,,,,,,,,
CT,412601,DIAN WHETMAN STARS SUPERNOVA,"Dianthus 'WP11 TYR04' P.P.# 25,077                          ",Whetman Stars™  Superstar Dianthus,,,,,,,,,,,,,,,,,
CT,402301,DICENTRA IVORY HEARTS P15599,"Dicentra 'Ivory Hearts' PP 15,599                           ",Ivory Hearts Bleeding Heart                                 ,,,,,,,,,,,,,,,,,
CT,004811,DICENTRA KING OF HEARTS,Dicentra x 'King of Hearts'                                 ,King Of Hearts Bleeding Heart                               ,,,,,,,,,,,,,,,,,
CT,068273,DIERVILLA SES COOL SPLASH,"Diervilla sessilifolia 'LPDC Podaras' PP#19,391             ",First Editions®  Cool Splash™  Bush Honeysuckle,,,,,,,,,,,,,,,,,
CT,085821,DISPORUM CANT MOONLIGHT P24556,"Disporum cantoniense 'Moonlight' P.P.#24,556                ",Moonlight Chinese Fairy Bells                               ,,,,,,,,,,,,,,,,,
CT,08582UT,DISPORUM CANT MOONLIGHT P24556,"Disporum cantoniense 'Moonlight' P.P.#24,556                ",Moonlight Chinese Fairy Bells                               ,,,,,,,,,,,,,,,,,
CT,412611,ECHIN DBL SCP TM CRANBRY PPAF,"Echinacea x purpurea 'Balscanery' P.P.# 24,769              ",Double Scoop™  Cranberry Echinacea,,,,,,,,,,,,,,,,,
CT,086841,ECHIN SMBRO TM SALSA RD P23105,"Echinacea x 'Balsomsed' P.P.#23,105                         ",Sombrero™  Salsa Red Coneflower,,,,,,,,,,,,,,,,,
CT,412621,ECHIN SUPREME FLAMINGO,"Echinacea purpurea 'Flamingo' P.P. 24,898                   ",Supreme™  Flamingo Echinacea,,,,,,,,,,,,,,,,,
CT,003121,ECHINACEA POWWOW R WHITE,"Echinacea purpurea 'PAS702918' P.P. #7,982,110              ",PowWow®  White Coneflower,,,,,,,,,,,,,,,,,
CT,002991,ECHINACEA POWWOW R WILDBERRY,Echinacea purpurea 'PAS702917'                              ,PowWow®  Wild Berry Coneflower,,,,,,,,,,,,,,,,,
CT,033672,ECHINACEA PUR WHITE SWAN,Echinacea purpurea 'White Swan'                             ,White Swan Coneflower                                       ,,,,,,,,,,,,,,,,,
CT,40154UT,ERODIUM REICHARDII ALBUM,Erodium reichardii 'Album'                                  ,White Heron's Bill                                          ,,,,,,,,,,,,,,,,,
CT,033603,EUO ALATUS COMPACTUS,Euonymus alatus 'Compactus'                                 ,Dwarf Burning Bush                                          ,,,,,,,,,,,,,,,,,
CT,033605,EUO ALATUS COMPACTUS,Euonymus alatus 'Compactus'                                 ,Dwarf Burning Bush                                          ,,,,,,,,,,,,,,,,,
CT,033607,EUO ALATUS COMPACTUS,Euonymus alatus 'Compactus'                                 ,Dwarf Burning Bush                                          ,,,,,,,,,,,,,,,,,
CT,402502,EUPATORIUM MAC BABY JOE,"Eupatorium purpureum 'Baby Joe' P.P.#20,320                 ",Baby Joe Dwarf Pye Weed                                     ,,,,,,,,,,,,,,,,,
CT,068111,EUPHORBIA ASCOT RAINBOW PPAF,"Euphorbia x martinii 'Ascot Rainbow' P.P.# 21, 401          ",Ascot Rainbow Spurge                                        ,,,,,,,,,,,,,,,,,
CT,021181S,FERN-ATHYRIUM BRANFORD BEAUTY,Athyrium x 'Branford Beauty'                                ,Branford Beauty Fern                                        ,,,,,,,,,,,,,,,,,
CT,036121,FERN-ATHYRIUM NIP PICTUM,Athyrium niponicum 'Pictum'                                 ,Japanese Painted Fern                                       ,,,,,,,,,,,,,,,,,
CT,036122,FERN-ATHYRIUM NIP PICTUM,Athyrium niponicum 'Pictum'                                 ,Japanese Painted Fern                                       ,,,,,,,,,,,,,,,,,
CT,036411S,FERN-OSMUNDA CINNAMOMEA,Osmunda cinnamomea                                          ,Cinnamon Fern                                               ,,,,,,,,,,,,,,,,,
CT,083813,FORSYTHIA GOLD TIDE TM PP9104,Forsythia x 'Courtasol'                                     ,Gold Tide®  Forsythia,,,,,,,,,,,,,,,,,
CT,074823S,FORSYTHIA X SHOW OFF TM P19321,"Forsythia x intermedia 'Mindor' P.P. #19,321, C.B.R.A.F.    ",Show Off™  Forsythia,,,,,,,,,,,,,,,,,
CT,031415,FOTHERGILLA MAJ BLU SHADOW PAF,"Fothergilla major 'Blue Shadow' ##15,490                    ",Blue Shadow Witch Alder                                     ,,,,,,,,,,,,,,,,,
CT,037185,FOTHERGILLA MAJ MOUNT AIRY,Fothergilla major 'Mount Airy'                              ,Mount Airy Fothergilla                                      ,,,,,,,,,,,,,,,,,
CT,402631,FRAGARIA X ANA ALLSTAR,Fragaria x ananassa 'Allstar'                               ,Allstar Strawberry                                          ,,,,,,,,,,,,,,,,,
CT,402641,FRAGARIA X ANA CABOT PP16971,"Fragaria x ananassa 'Cabot' P.P. 16,971                     ",Cabot Strawberry                                            ,,,,,,,,,,,,,,,,,
CT,408751,GAILLARDIA SUNSET FLASH PPAF,Gaillardia x grandiflora 'Sunset Flash' P.P.A.F.            ,Sunset Flash Blanket Flower                                 ,,,,,,,,,,,,,,,,,
CT,408801,GAILLARDIA SUNSET SNAPPY PPAF,Gaillardia x grandiflora 'Sunset Snappy'                    ,Sunset Snappy Blanket Flower                                ,,,,,,,,,,,,,,,,,
CT,023831,GALIUM ODORATUM,Galium odoratum                                             ,Sweet Woodruff                                              ,,,,,,,,,,,,,,,,,
CT,402923,GENISTA LYDIA BANGLE TM,Genista lydia 'Select'                                      ,Bangle™  Genista,,,,,,,,,,,,,,,,,
CT,402923S,GENISTA LYDIA BANGLE TM,Genista lydia 'Select'                                      ,Bangle™  Genista,,,,,,,,,,,,,,,,,
CT,023081,GERANIUM ROZANNE PP12175,Geranium x 'Rozanne' P.P.# 12175                            ,Rozanne Cranesbill                                          ,,,,,,,,,,,,,,,,,
CT,005231,GERANIUM SANGUINEUM MAX FREI,Geranium sanguineum 'Max Frei'                              ,Max Frei Bloody Cranesbill                                  ,,,,,,,,,,,,,,,,,
CT,038331,GERANIUM X CAN BIOKOVO,Geranium x cantabrigiense 'Biokovo'                         ,Biokovo Cranesbill                                          ,,,,,,,,,,,,,,,,,
CT,021451,GEUM COCC BORISII,Geum coccineum 'Borisii'                                    ,Boris Avens                                                 ,,,,,,,,,,,,,,,,,
CT,035601,GEUM COCC WERNER ARENDS,Geum coccineum 'Werner Arends'                              ,Werner Arends Avens                                         ,,,,,,,,,,,,,,,,,
CT,021261,GEUM X MRS. BRADSHAW,Geum chiloense 'Mrs. Bradshaw' (G. quellyon)                ,Mrs. Bradshaw Chilean Avens                                 ,,,,,,,,,,,,,,,,,
CT,402977,GINKGO BIL PRINCETON SENTRY R,Ginkgo biloba 'PNI 2720'                                    ,Princeton Sentry®  Maidenhair Tree,,,,,,,,,,,,,,,,,
CT,00305UT,GR-ARRHENATHERUM EL VAR,Arrhenatherum elatius bulbosum 'Variegatum'                 ,Bulbous Oat Grass                                           ,,,,,,,,,,,,,,,,,
CT,067791,GR-BOUT BLOND AMBITION PP22048,"Bouteloua gracilis 'Blonde Ambition' P.P. # 22,048          ",Blonde Ambition Blue Grama Grass                            ,,,,,,,,,,,,,,,,,
CT,014013,GR-CAL ACUT KARL FOERSTER,Calamagrostis x acutiflora 'Karl Foerster'                  ,Foerster's Feather Reed Grass                               ,,,,,,,,,,,,,,,,,
CT,024093,GR-CHASMANTHIUM LATIFOLIUM,Chasmanthium latifolium                                     ,Northern Sea Oats                                           ,,,,,,,,,,,,,,,,,
CT,089271,GR-CYMBOPOGON CITRATUS,Cymbopogon citratus                                         ,Lemongrass                                                  ,,,,,,,,,,,,,,,,,
CT,031943,GR-ELYMUS ARENARIUS BLUE DUNE,Elymus arenarius 'Blue Dune'                                ,Blue Dune Lyme Grass                                        ,,,,,,,,,,,,,,,,,
CT,036671,GR-FESTUCA GLAUCA ELIJAH BLUE,Festuca glauca 'Elijah Blue'                                ,Elijah Blue Fescue                                          ,,,,,,,,,,,,,,,,,
CT,089291,GR-HAKONECHLOA FUBUKI PP21757,"Hakonechloa macra 'Fubuki' PP# 21,757                       ",Fubuki Japanese Forest Grass                                ,,,,,,,,,,,,,,,,,
CT,035911,GR-HAKONECHLOA MACRA ALL GOLD,Hakonechloa macra 'All Gold'                                ,All Gold Japanese Forest Grass                              ,,,,,,,,,,,,,,,,,
CT,061813,GR-MIS SIN ADAGIO,Miscanthus sinensis 'Adagio'                                ,Adagio Maiden Grass                                         ,,,,,,,,,,,,,,,,,
CT,061743,GR-MIS SIN CABARET,Miscanthus sinensis 'Cabaret'                               ,Cabaret Japanese Silver Grass                               ,,,,,,,,,,,,,,,,,
CT,061563,GR-MIS SIN GRACILLIMUS,Miscanthus sinensis 'Gracillimus'                           ,Maiden Grass                                                ,,,,,,,,,,,,,,,,,
CT,005522,GR-MIS SIN LITTLE KITTEN,Miscanthus sinensis 'Little Kitten'                         ,Little Kitten Maiden Grass                                  ,,,,,,,,,,,,,,,,,
CT,044593,GR-MIS SIN LITTLE ZEBRA P13008,"Miscanthus sinensis 'Little Zebra' P.P.#13,008              ",Little Zebra Dwarf Japanese Silver Grass                    ,,,,,,,,,,,,,,,,,
CT,061553,GR-MIS SIN STRICTUS,Miscanthus sinensis 'Strictus'                              ,Porcupine Grass                                             ,,,,,,,,,,,,,,,,,
CT,061573,GR-MIS SIN VARIEGATUS,Miscanthus sinensis 'Variegatus'                            ,Variegated Japanese Silver Grass                            ,,,,,,,,,,,,,,,,,
CT,405003,GR-PAN VIR CHEYENNE SKY,Panicum virgatum 'Cheyenne Sky' PPAF                        ,Cheyenne Sky Switch Grass                                   ,,,,,,,,,,,,,,,,,
CT,022963,GR-PAN VIR NORTHWIND,Panicum virgatum 'Northwind'                                ,Northwind Switch Grass                                      ,,,,,,,,,,,,,,,,,
CT,063883,GR-PAN VIR SHENANDOAH,Panicum virgatum 'Shenandoah'                               ,Shenandoah Switch Grass                                     ,,,,,,,,,,,,,,,,,
CT,405073,GR-PENN ALO FOXTROT,Pennisetum alopecuroides 'Foxtrot'                          ,Giant Fountain Grass                                        ,,,,,,,,,,,,,,,,,
CT,064263,GR-PENN ALO HAMELN,Pennisetum alopecuroides 'Hameln'                           ,Dwarf Fountain Grass                                        ,,,,,,,,,,,,,,,,,
CT,063592,GR-PENN ALO LITTLE BUNNY,Pennisetum alopecuroides 'Little Bunny'                     ,Little Bunny Dwarf Fountain Grass                           ,,,,,,,,,,,,,,,,,
CT,405083,GR-PENN ALO RED HEAD,Pennisetum alopecuroides 'Red Head'                         ,Red Head Fountain Grass                                     ,,,,,,,,,,,,,,,,,
CT,086113,GR-SCHIZACH BL HEAVN TM P17310,"Schizachyrium scoparium 'MinnblueA' P.P.# 17,310            ",Blue Heaven Little Bluestem                                 ,,,,,,,,,,,,,,,,,
CT,406563,GR-SCHIZACHYRIUM CAROUSEL PAF,"Schizachyrium scoparium 'Carousel' P.P. #20, 948            ",Carousel Little Blue Stem                                   ,,,,,,,,,,,,,,,,,
CT,039285,HAMAMELIS X INT ARNOLD PROMISE,Hamamelis x intermedia 'Arnold Promise'                     ,Arnold Promise Witch Hazel                                  ,,,,,,,,,,,,,,,,,
CT,039235,HAMAMELIS X INT JELENA,Hamamelis x intermedia 'Jelena'                             ,Jelena Witch Hazel                                          ,,,,,,,,,,,,,,,,,
CT,039992,HELLE X IVORY PRINCE PP16199,"Helleborus x hybridus 'Walhelivor' P.P. #16,199             ",Ivory Prince Lenten Rose                                    ,,,,,,,,,,,,,,,,,
CT,040511,HEM HAPPY RETURNS,Hemerocallis x 'Happy Returns'                              ,Happy Returns Dwarf Daylily                                 ,,,,,,,,,,,,,,,,,
CT,040512,HEM HAPPY RETURNS,Hemerocallis x 'Happy Returns'                              ,Happy Returns Dwarf Daylily                                 ,,,,,,,,,,,,,,,,,
CT,040071,HEM JOAN SENIOR,Hemerocallis x 'Joan Senior'                                ,Joan Senior Daylily                                         ,,,,,,,,,,,,,,,,,
CT,040091,HEM LITTLE BUSINESS,Hemerocallis x 'Little Business'                            ,Little Business Dwarf Daylily                               ,,,,,,,,,,,,,,,,,
CT,040121,HEM LITTLE GRAPETTE,Hemerocallis x 'Little Grapette'                            ,Little Grapette Dwarf Daylily                               ,,,,,,,,,,,,,,,,,
CT,040631,HEM PRAIRIE BLUE EYES,Hemerocallis x 'Prairie Blue Eyes'                          ,Prairie Blue Eyes Daylily                                   ,,,,,,,,,,,,,,,,,
CT,059932,HEM ROSY RETURNS,"Hemerocallis x 'Rosy Returns' P.P. #9,779                   ",Happy Ever Appster®  Rosy Returns Daylily,,,,,,,,,,,,,,,,,
CT,076281,HEM RUBY SPIDER,Hemerocallis x 'Ruby Spider'                                ,Ruby Spider Daylily                                         ,,,,,,,,,,,,,,,,,
CT,040112,HEM STELLA DE ORO,Hemerocallis x 'Stella de Oro'                              ,Stella De Oro Dwarf Daylily                                 ,,,,,,,,,,,,,,,,,
CT,054491,HEUCHERA AUTUMN LEAVES PPAF,Heuchera 'Autumn Leaves' P.P.A.F.                           ,Autumn Leaves Coral Bells                                   ,,,,,,,,,,,,,,,,,
CT,403231,HEUCHERA BERRY SMOOTHIE P21871,"Heuchera ' Berry Smoothie' P.P.# 21,871 C.O.P.F.            ",Berry Smoothie Coral Bells                                  ,,,,,,,,,,,,,,,,,
CT,039611,HEUCHERA BLACK BEAUTY PP13288,Heuchera 'Black Beauty' P.P.# 13288                         ,Black Beauty Coral Bells                                    ,,,,,,,,,,,,,,,,,
CT,086871,HEUCHERA CARNIVAL COCOMINT PAF,Heuchera x 'Carnival Cocomint' (P.P.A.F.)                   ,Carnival Cocomint Coral Bells                               ,,,,,,,,,,,,,,,,,
CT,087131,HEUCHERA CARNIVAL WATRMELN PAF,Heuchera x villosa 'Watermelon' P.P.A.F.                    ,Carnival Watermelon Coral Bells                             ,,,,,,,,,,,,,,,,,
CT,403241,HEUCHERA CHERRY COLA P22967,Heuchera 'Cherry Cola' P.P.A.F.                             ,Cherry Cola Heuchera                                        ,,,,,,,,,,,,,,,,,
CT,04078UT,HEUCHERA CRIMSON CURLS PP13729,Heuchera x 'Crimson Curls' P.P.# 13729                      ,Crimson Curls Coral Bells                                   ,,,,,,,,,,,,,,,,,
CT,047531,HEUCHERA GEORGIA PEACH PP19375,Heuchera x 'Georgia Peach' P.P.# 19375                      ,Georgia Peach Coral Bells                                   ,,,,,,,,,,,,,,,,,
CT,412671,HEUCHERA GRAPE SODA PPAF,Heuchera x hybrida 'Grape Soda' P.P.A.F.                    ,Grape Soda Coral Bells                                      ,,,,,,,,,,,,,,,,,
CT,028871,HEUCHERA MARMALADE PP15945,Heuchera x 'Marmalade' P.P.# 15945                          ,Marmalade Coral Bells                                       ,,,,,,,,,,,,,,,,,
CT,045721,HEUCHERA MIDNIGHT ROSE PP18551,Heuchera x 'Midnight Rose' P.P.# 18551                      ,Midnight Rose Coral Bells                                   ,,,,,,,,,,,,,,,,,
CT,040451,HEUCHERA PALACE PURPLE,Heuchera micrantha 'Palace Purple'                          ,Palace Purple Coral Bells                                   ,,,,,,,,,,,,,,,,,
CT,047541,HEUCHERA PEACH FLAMBEE PP17195,Heuchera x 'Peach Flambe' P.P.# 17195                       ,Peach Flambe Coral Bells                                    ,,,,,,,,,,,,,,,,,
CT,040721,HEUCHERA PLUM PUDDING,Heuchera x 'Plum Pudding'                                   ,Plum Pudding Coral Bells                                    ,,,,,,,,,,,,,,,,,
CT,054481,HEUCHERELLA GOLD ZEBRA PPAF,Heucherella 'Gold Zebra' PP# 22104 COPF                     ,Gold Zebra Foamy Bells                                      ,,,,,,,,,,,,,,,,,
CT,076241,HEUCHERELLA REDSTN FLLS P22394,"Heucherella x 'Redstone Falls' P.P.# 22,394                 ",Redstone Falls Trailing Foamy Bells                         ,,,,,,,,,,,,,,,,,
CT,407761,HEUCHERELLA SOLAR ECLIPSE,Heucherella 'Solar Eclipse'                                 ,Solar Eclipse Foamy Bells                                   ,,,,,,,,,,,,,,,,,
CT,041171,HEUCHERELLA SWEET TEA PPAF,"Heucherella 'Sweet Tea' P.P.#21,296                         ",Sweet Tea Foamy Bells                                       ,,,,,,,,,,,,,,,,,
CT,403453,HIB SYR FIJI,Hibiscus syriacus 'Minspot'                                 ,Fiji Rose of Sharon                                         ,,,,,,,,,,,,,,,,,
CT,074492S,HIB SYR LIL' KIM TM PP19547,"Hibiscus syriacus 'Antong Two' P.P. #19,547, C.B.R.A.F.     ",Lil' Kim™  Rose of Sharon,,,,,,,,,,,,,,,,,
CT,074493S,HIB SYR LIL' KIM TM PP19547,"Hibiscus syriacus 'Antong Two' P.P. #19,547, C.B.R.A.F.     ",Lil' Kim™  Rose of Sharon,,,,,,,,,,,,,,,,,
CT,080873S,HIB SYR PINK CHIFFON TM PPAF,Hibiscus syriacus 'JWNfour' P.P.A.F.                        ,Pink Chiffon™  Rose of Sharon,,,,,,,,,,,,,,,,,
CT,074833S,HIB SYR SUGAR TIP R PP20579,"Hibiscus syriacus 'America Irene Scott' P.P. #20,579        ",Sugar Tip®  Rose of Sharon,,,,,,,,,,,,,,,,,
CT,031871,HOSTA ABIQUA DRINKING GOURD,Hosta (H. 'Tokudama' x H. sieboldiana) 'Abiqua Drinking Gour,Abiqua Drinking Gourd Plantain Lily                         ,,,,,,,,,,,,,,,,,
CT,031872,HOSTA ABIQUA DRINKING GOURD,Hosta (H. 'Tokudama' x H. sieboldiana) 'Abiqua Drinking Gour,Abiqua Drinking Gourd Plantain Lily                         ,,,,,,,,,,,,,,,,,
CT,006871,HOSTA BLUE ANGEL,Hosta x 'Blue Angel'                                        ,Blue Angel Plantain Lily                                    ,,,,,,,,,,,,,,,,,
CT,403531,HOSTA BLUE MOUSE EARS,Hosta 'Blue Mouse Ears'                                     ,Blue Mouse Ears Hosta                                       ,,,,,,,,,,,,,,,,,
CT,403611,HOSTA EARTH ANGEL,Hosta 'Earth Angel'                                         ,Earth Angel Hosta                                           ,,,,,,,,,,,,,,,,,
CT,093061,HOSTA ENTERPRISE,Hosta 'Enterprise'                                          ,Enterprise Hosta                                            ,,,,,,,,,,,,,,,,,
CT,041861,HOSTA FLUCTUANS VARIEG (SAGAE),Hosta x 'Sagae'                                             ,Variegated Plantain Lily                                    ,,,,,,,,,,,,,,,,,
CT,403491,HOSTA FRAGRANT BOUQUET,Hosta fortunei 'Fragrant Bouquet'                           ,Fragrant Bouquet Hosta                                      ,,,,,,,,,,,,,,,,,
CT,041531,HOSTA GINKO CRAIG,Hosta x 'Ginko Craig'                                       ,Ginko Craig Plantain Lily                                   ,,,,,,,,,,,,,,,,,
CT,019911,HOSTA GREAT EXPECTATIONS,Hosta 'Great Expectations'                                  ,Great Expectations Plantain Lily                            ,,,,,,,,,,,,,,,,,
CT,017521,HOSTA GUACAMOLE,Hosta x 'Guacamole'                                         ,Guacamole Plantain Lily                                     ,,,,,,,,,,,,,,,,,
CT,031891,HOSTA HADSPEN BLUE,Hosta x 'Hadspen Blue'                                      ,Hadspen Blue Plantain Lily                                  ,,,,,,,,,,,,,,,,,
CT,041821,HOSTA KROSSA REGAL,Hosta x 'Krossa Regal'                                      ,Krossa Regal Plantain Lily                                  ,,,,,,,,,,,,,,,,,
CT,006981,HOSTA MINUTEMAN,Hosta x 'Minuteman'                                         ,Minuteman Plantain Lily                                     ,,,,,,,,,,,,,,,,,
CT,028391,HOSTA OLIVE BAILEY LANGDON,Hosta x 'Olive Bailey Langdon'                              ,Olive Bailey Langdon Plantain Lily                          ,,,,,,,,,,,,,,,,,
CT,403561,HOSTA PARADIGM,Hosta 'Paradigm'                                            ,Paradigm Hosta                                              ,,,,,,,,,,,,,,,,,
CT,062011,HOSTA PAUL'S GLORY,Hosta 'Paul's Glory'                                        ,Paul's Glory Hosta                                          ,,,,,,,,,,,,,,,,,
CT,403621,HOSTA PRAYING HANDS,Hosta x 'Praying Hands'                                     ,Praying Hands Hosta                                         ,,,,,,,,,,,,,,,,,
CT,007011,HOSTA REGAL SPLENDOR,Hosta x 'Regal Splendor'                                    ,Regal Splendor Plantain Lily                                ,,,,,,,,,,,,,,,,,
CT,403641,HOSTA SO SWEET,Hosta x 'So Sweet'                                          ,So Sweet Hosta                                              ,,,,,,,,,,,,,,,,,
CT,029791,HOSTA STRIPTEASE,Hosta x 'Striptease'                                        ,Striptease Plantain Lily                                    ,,,,,,,,,,,,,,,,,
CT,083971,HOSTA SUM & SUBSTANCE,Hosta x 'Sum & Substance'                                   ,Sum & Substance Hosta                                       ,,,,,,,,,,,,,,,,,
CT,016301,HOSTA TOKUDAMA FLAVOCIRCINALIS,Hosta tokudama 'Flavocircinalis'                            ,Flavocircinalis Plantain Lily                               ,,,,,,,,,,,,,,,,,
CT,041851,HOSTA WIDE BRIM,Hosta x 'Wide Brim'                                         ,Wide Brim Plantain Lily                                     ,,,,,,,,,,,,,,,,,
CT,082011,HOSTA X LIBERTY,"Hosta 'Liberty' PP #12,531                                  ",Liberty Hosta                                               ,,,,,,,,,,,,,,,,,
CT,041715,HYD ARB ANNABELLE,Hydrangea arborescens 'Annabelle'                           ,Annabelle Hydrangea                                         ,,,,,,,,,,,,,,,,,
CT,092755,HYD BLUE ENCHANTRESS R PP25209,"Hydrangea macrophylla 'Monmar' PP #25,209                   ",Blue Enchantress®  Hydrangea,,,,,,,,,,,,,,,,,
CT,403862,HYD DBL DLT TM EXPRESN P18393,"Hydrangea macrophylla 'RIE 06' P.P.# 18,393                 ",Double Delights™  Expression Hydrangea,,,,,,,,,,,,,,,,,
CT,403863,HYD DBL DLT TM EXPRESN P18393,"Hydrangea macrophylla 'RIE 06' P.P.# 18,393                 ",Double Delights™  Expression Hydrangea,,,,,,,,,,,,,,,,,
CT,403803,HYD END SUM R BLMSTRCK TM PPAF,Hydrangea macrophylla 'Bloomstruck' PPAF                    ,Bloomstruck Endless Summer®  Hydrangea,,,,,,,,,,,,,,,,,
CT,035023,HYD END SUM R BLSH BRID P17169,Hydrangea macrophylla 'Blushing Bride' P.P.# 17169          ,Endless Summer®  Blushing Bride Hydrangea,,,,,,,,,,,,,,,,,
CT,403883,HYD END SUM R TWST-N-SHT R PAF,Hydrangea macrophylla 'PIIHM-I' PPAF                        ,Twist-n-Shout™  Endless Summer®  Hydrangea,,,,,,,,,,,,,,,,,
CT,403885,HYD END SUM R TWST-N-SHT R PAF,Hydrangea macrophylla 'PIIHM-I' PPAF                        ,Twist-n-Shout™  Endless Summer®  Hydrangea,,,,,,,,,,,,,,,,,
CT,017313,HYD M ENDLESS SUMMER R PP15298,"Hydrangea macrophylla 'Bailmer' P.P. #15,298                ",Endless Summer®  Hydrangea,,,,,,,,,,,,,,,,,
CT,403763,HYD M NXT GEN PISTACHIO PPAF,Hydrangea macrophylla 'Horwack' PPAF                        ,Next Generation Pistachio Hydrangea                         ,,,,,,,,,,,,,,,,,
CT,403923,HYD M NXT GEN RED SNSTN P18197,"Hydrangea macrophylla 'Red Sensation' P.P. #18,197          ",Red Sensation Hydrangea                                     ,,,,,,,,,,,,,,,,,
CT,403782,HYD M NXT GEN WDNG RNG P21161,"Hydrangea macrophylla 'Fanfare' P.P.# 21,161                ",Wedding Ring Hydrangea (Next Generation Collection)         ,,,,,,,,,,,,,,,,,
CT,403822S,HYD MAC CTYLN TM BERLIN P10912,"Hydrangea macrophylla 'Berlin Rabe' PP #10,912              ",Cityline™  Berlin Bigleaf Hydrangea,,,,,,,,,,,,,,,,,
CT,403842S,HYD MAC CTYLN TM VIENNA P10930,"Hydrangea macrophylla 'Vienna Rawl' PP# 10,930              ",Cityline™  Vienna Bigleaf Hydrangea,,,,,,,,,,,,,,,,,
CT,403893,HYD MAC GUILDED GOLD TM PPAF,Hydrangea macrophylla 'Gugozam'                             ,Guilded Gold Hydrangea                                      ,,,,,,,,,,,,,,,,,
CT,028743S,HYD MAC LADY IN RED R PP15175,Hydrangea macrophylla Lady In Red®  P.P.# 15175,Lady In Red®  Hydrangea,,,,,,,,,,,,,,,,,
CT,038773,HYD MAC MINI PENNY TM PP15744,"Hydrangea macrophylla 'Mini Penny' P.P. #15,744             ",Mini Penny™  Hydrangea,,,,,,,,,,,,,,,,,
CT,028223,HYD MAC WEDDING GOWN PP21052,"Hydrangea macrophylla 'Dancing Snow' P.P.#21,052            ",Double Delights™  Wedding Gown Hydrangea,,,,,,,,,,,,,,,,,
CT,403943,HYD MAC ZEBRA PP14527,"Hydrangea macrophylla 'Zebra' P.P.#14,527                   ",Zebra Mophead Hydrangea                                     ,,,,,,,,,,,,,,,,,
CT,080953S,HYD PAN BOBO R PP22782,"Hydrangea paniculata 'ILVOBO' P.P.# 22,782 Can. P.B.R.A.F.  ",Bobo®  Hardy Hydrangea,,,,,,,,,,,,,,,,,
CT,024373S,HYD PAN LIMELIGHT PP12874,"Hydrangea	paniculata 'Limelight' P.P. #12,874, C.B.R. #2,319",Limelight Hardy Hydrangea                                   ,,,,,,,,,,,,,,,,,
CT,024377PT,HYD PAN LIMELIGHT PP12874,"Hydrangea	paniculata 'Limelight' P.P. #12,874, C.B.R. #2,319",Limelight Hardy Hydrangea                                   ,,,,,,,,,,,,,,,,,
CT,029923S,HYD PAN LITTLE LIME PPAF,Hydrangea paniculata 'Jane' P.P.A.F.                        ,Little Lime™  Hardy Hydrangea,,,,,,,,,,,,,,,,,
CT,403993,HYD PAN PHANTOM,Hydrangea paniculata 'Phantom'                              ,Phantom Panicle Hydrangea                                   ,,,,,,,,,,,,,,,,,
CT,403997PT,HYD PAN PHANTOM,Hydrangea paniculata 'Phantom'                              ,Phantom Panicle Hydrangea                                   ,,,,,,,,,,,,,,,,,
CT,074613S,HYD PAN PINKY WINKY TM PP16166,"Hydrangea	paniculata 'DVPpinky' P.P. #16,166, C.B.R. #2,892 ",Pinky Winky™  Hardy Hydrangea,,,,,,,,,,,,,,,,,
CT,074615PT,HYD PAN PINKY WINKY TM PP16166,"Hydrangea	paniculata 'DVPpinky' P.P. #16,166, C.B.R. #2,892 ",Pinky Winky™  Hardy Hydrangea,,,,,,,,,,,,,,,,,
CT,074617,HYD PAN PINKY WINKY TM PP16166,"Hydrangea	paniculata 'DVPpinky' P.P. #16,166, C.B.R. #2,892 ",Pinky Winky™  Hardy Hydrangea,,,,,,,,,,,,,,,,,
CT,074607,HYD PAN QUICK FIRE R PP16812,"Hydrangea	paniculata 'Bulk' P.P. #16,812, C.B.R.A.F.        ",Quick Fire®  Hardy Hydrangea,,,,,,,,,,,,,,,,,
CT,074607PT,HYD PAN QUICK FIRE R PP16812,"Hydrangea	paniculata 'Bulk' P.P. #16,812, C.B.R.A.F.        ",Quick Fire®  Hardy Hydrangea,,,,,,,,,,,,,,,,,
CT,404023,HYD PAN SWEET SUMMER PP21778,"Hydrangea paniculata 'Bokrathirteen' PP #21,778             ",Sweet Summer Panicle Hydrangea                              ,,,,,,,,,,,,,,,,,
CT,404053,HYD PAN WHT DIAMONDS R P19082,"Hydrangea paniculata 'HYPMAD I' PP #19,082                  ",First Editions®  White Diamonds™  Panicle Hydran,,,,,,,,,,,,,,,,,
CT,041935,HYD QUER ALICE,Hydrangea quercifolia 'Alice'                               ,Alice Oakleaf Hydrangea                                     ,,,,,,,,,,,,,,,,,
CT,086322S,HYD SER TINY TUFF STUFF TM,Hydrangea serrata 'Tiny Tuff Stuff' P.P.A.F.                ,Tiny Tuff Stuff™  Hydrangea,,,,,,,,,,,,,,,,,
CT,080963S,HYD SER TUFF STUFF TM PPAF,Hydrangea serrata 'MAK20' P.P.A.F.                          ,Tuff Stuff™  Reblooming Mountain Hydrangea,,,,,,,,,,,,,,,,,
CT,080893S,HYPERICUM K BLUES FSTVL TM PAF,Hypericum kalmianum 'Blue & Gold' P.P.A.F.                  ,Blue & Gold St. John's Wort                                 ,,,,,,,,,,,,,,,,,
CT,045023,ILEX GLABRA COMPACTA,Ilex glabra 'Compacta'                                      ,Compact Inkberry Holly                                      ,,,,,,,,,,,,,,,,,
CT,045683,ILEX VERT AFTERGLOW (FEMALE),Ilex verticillata 'Afterglow'                               ,Afterglow Winterberry                                       ,,,,,,,,,,,,,,,,,
CT,074933S,ILEX VERT BERRY NICE R,Ilex verticillata 'Spriber'                                 ,Berry Nice®  Winterberry Holly,,,,,,,,,,,,,,,,,
CT,074935,ILEX VERT BERRY NICE R,Ilex verticillata 'Spriber'                                 ,Berry Nice®  Winterberry Holly,,,,,,,,,,,,,,,,,
CT,404132S,ILEX VERT LITTLE GOBLIN TM,                                                            ,                                                            ,,,,,,,,,,,,,,,,,
CT,045755,ILEX VERT RED SPRITE,Ilex verticillata 'Red Sprite'                              ,Red Sprite Winterberry                                      ,,,,,,,,,,,,,,,,,
CT,404143,ILEX VERT WILDFIRE TM,Ilex verticillata 'Bailfire'                                ,First Editions®  Wildfire™  Winterberry,,,,,,,,,,,,,,,,,
CT,007735,ILEX VERT WINTER RED P4146,Ilex verticillata 'Winter Red'                              ,Winter Red Winterberry                                      ,,,,,,,,,,,,,,,,,
CT,404165,ILEX VERTICILLATA,Ilex verticillata                                           ,Winterberry                                                 ,,,,,,,,,,,,,,,,,
CT,045133,ILEX X BERRI-MAGIC R ROYALTY,Ilex x meserveae 'Blue Prince' & 'Blue Princess'            ,Berri-Magic®  Royalty Holly Combination,,,,,,,,,,,,,,,,,
CT,032625,ILEX X BLUE BARON PPAF,"Ilex x meserveae 'Blue Baron' PP #16,151                    ",Blue Baron Holly                                            ,,,,,,,,,,,,,,,,,
CT,045673,ILEX X BLUE MAID,Ilex x meserveae 'Blue Maid'                                ,Blue Maid Holly                                             ,,,,,,,,,,,,,,,,,
CT,045163,ILEX X BLUE PRINCE,Ilex x meserveae 'Blue Prince'                              ,Blue Prince Holly                                           ,,,,,,,,,,,,,,,,,
CT,045173,ILEX X BLUE PRINCESS,Ilex x meserveae 'Blue Princess'                            ,Blue Princess Holly                                         ,,,,,,,,,,,,,,,,,
CT,074953S,ILEX X CASTLE SPIRE R PP14310,"Ilex x meserveae 'Hachfee' P.P. #14,310                     ",Castle Spire®  Blue Holly,,,,,,,,,,,,,,,,,
CT,074957,ILEX X CASTLE SPIRE R PP14310,"Ilex x meserveae 'Hachfee' P.P. #14,310                     ",Castle Spire®  Blue Holly,,,,,,,,,,,,,,,,,
CT,074943S,ILEX X CASTLE WALL TM PP14308,"Ilex x meserveae 'Heckenstar' P.P. #14,308                  ",Castle Wall™  Blue Holly,,,,,,,,,,,,,,,,,
CT,014883,ILEX X EMERALD MAGIC PP12314,"Ilex meserveae 'Emerald Magic' PP #12,314                   ",Emerald Magic Holly                                         ,,,,,,,,,,,,,,,,,
CT,046361,IRIS SIB BENNERUP BLUE,Iris sibirica 'Bennerup Blue'                               ,Bennerup Blue Siberian Iris                                 ,,,,,,,,,,,,,,,,,
CT,045971,IRIS SIB BUTTER & SUGAR,Iris siberica 'Butter & Sugar'                              ,Butter & Sugar Siberian Iris                                ,,,,,,,,,,,,,,,,,
CT,046011,IRIS SIB RUFFLED VELVET,Iris sibirica 'Ruffled Velvet'                              ,Ruffled Velvet Siberian Iris                                ,,,,,,,,,,,,,,,,,
CT,008343,JUN C SEA GREEN(MINT JULEP R),Juniperus chinensis 'Sea Green'                             ,SEA GREEN JUNIPER                                           ,,,,,,,,,,,,,,,,,
CT,053392,JUN SQUA BLUE STAR,Juniperus squamata 'Blue Star'                              ,Blue Star Juniper                                           ,,,,,,,,,,,,,,,,,
CT,086671,KNIPH LEMON POPSICLE TM PPAF,"Kniphofia 'Lemon Popsicle' P.P. 24,01                       ",Lemon Popsicle Hot Poker                                    ,,,,,,,,,,,,,,,,,
CT,043121,KNIPHOFIA HIR FIRE DANCE,Kniphofia hirsuta 'Fire Dance'                              ,Fire Dance Dwarf Poker                                      ,,,,,,,,,,,,,,,,,
CT,404362,LAG PURPLE MAGIC TM PPAF,"Lagerstroemia 'Purple Magic' P.P.# 23,906                   ",First Editions®  Purple Magic™  Crape Myrtle,,,,,,,,,,,,,,,,,
CT,024901,LAMIUM M PURPLE DRAGON P15890,Lamium maculatum 'Purple Dragon' P.P.# 15890                ,Purple Dragon Dead Nettle                                   ,,,,,,,,,,,,,,,,,
CT,009081,LAMIUM ORCHID FROST PP11122,Lamium maculatum 'Orchid Frost' P.P.# 11122                 ,Orchid Frost Spotted Dead Nettle                            ,,,,,,,,,,,,,,,,,
CT,40009UT,LAURENTIA FLUVIATILIS,Laurentia fluviatilis                                       ,Blue Star Creeper                                           ,,,,,,,,,,,,,,,,,
CT,404431,LAVAN INT PHENOMENAL PPAF,Lavandula x intermedia 'Phenomenal' P.P.A.F.                ,Phenomenal Lavender                                         ,,,,,,,,,,,,,,,,,
CT,068221,LAVANDULA ANG MELISSA LILAC,Lavandula angustifolia 'Dow4'                               ,Melissa Lilac Lavender                                      ,,,,,,,,,,,,,,,,,
CT,028481,LAVANDULA THUMBELINA LE P15231,Lavandula angustifolia 'Thumbelina Leigh'                   ,Thumbelina Leigh English Lavender                           ,,,,,,,,,,,,,,,,,
CT,06224UT,LEPTINELLA X PLATT'S BLACK,Leptinella x 'Platt's Black'                                ,Platt's Black Brass Buttons                                 ,,,,,,,,,,,,,,,,,
CT,060321,LEUCOSCEPTRUM JAP GOLDEN ANGEL,Leucosceptrum japonicum 'Golden Angel'                      ,Golden Angel Japanese Shrub Mint                            ,,,,,,,,,,,,,,,,,
CT,00967UT,LIRIOPE MUSCARI BIG BLUE,Liriope muscari 'Big Blue'                                  ,Big Blue Lilyturf                                           ,,,,,,,,,,,,,,,,,
CT,00979UT,LIRIOPE MUSCARI VARIEGATA,Liriope muscari 'Variegata'                                 ,Variegated Lilyturf                                         ,,,,,,,,,,,,,,,,,
CT,084392,LONICERA PCHES & CREAM PP21839,"Lonicera periclymenum 'Inov 86' P.P.#21,839                 ",Peaches and Cream Honeysuckle                               ,,,,,,,,,,,,,,,,,
CT,067832,LONICERA SEMP MAJOR WHEELER,Lonicera sempervirens 'Major Wheeler'                       ,Major Wheeler Coral Honeysuckle                             ,,,,,,,,,,,,,,,,,
CT,058992,LONICERA X GOLDFLAME,Lonicera x heckrottii 'Goldflame'                           ,Goldflame Honeysuckle                                       ,,,,,,,,,,,,,,,,,
CT,010083,MAG X ANN,Magnolia x 'Ann'                                            ,Ann Magnolia                                                ,,,,,,,,,,,,,,,,,
CT,010085,MAG X ANN,Magnolia x 'Ann'                                            ,Ann Magnolia                                                ,,,,,,,,,,,,,,,,,
CT,059605,MAG X LOEB LEONARD MESSEL,Magnolia x loebneri 'Leonard Messel'                        ,Leonard Messel Magnolia                                     ,,,,,,,,,,,,,,,,,
CT,402667,MALUS 4-IN-1 COMBO APPLE,"Malus domestica ('Gala', 'Golden Delicious', 'Fuji', 'Granny",Four-In-One Apple                                           ,,,,,,,,,,,,,,,,,
CT,402677,MALUS 5-IN-1 COMBO APPLE,"Malus domestica ('Yellow Transparent, 'Cortland', 'Yellow De",Five-in-One Apple Tree                                      ,,,,,,,,,,,,,,,,,
CT,010167,MALUS SARGENTII,Malus sargentii                                             ,Sargent Crabapple                                           ,,,,,,,,,,,,,,,,,
CT,402725,MALUS URBN BLUSH DELITE P21511,"Malus x domestica 'UEB 3727-4' PP #21,511                   ",Urban Blushing Delight™  Columnar Apple,,,,,,,,,,,,,,,,,
CT,404777,MALUS X CARDINAL,"Malus hupehensis 'Cardinal' P.P. #7,147                     ",Cardinal Flowering Crabapple                                ,,,,,,,,,,,,,,,,,
CT,058957ES,MALUS X FUJI APPLE,Malus domestica Fuji                                        ,Fuji Apple                                                  ,,,,,,,,,,,,,,,,,
CT,061037ES,MALUS X GALA APPLE,Malus domestica 'Gala'                                      ,Gala Apple                                                  ,,,,,,,,,,,,,,,,,
CT,061147,MALUS X PRAIRIFIRE,Malus x 'Prairifire'                                        ,Prairifire Crabapple                                        ,,,,,,,,,,,,,,,,,
CT,404757,MALUS X ROYAL RAINDROPS R,"Malus x 'JFS-KW5' P.P. 14,375                               ",Royal Raindrops®  Flowering Crabapple,,,,,,,,,,,,,,,,,
CT,402735,MALUS X URBAN GOLDEN TREAT,Malusx x domestica 'UEB 3358-3'                             ,Urban Golden Treat™  Columnar Apple,,,,,,,,,,,,,,,,,
CT,402755,MALUS X URBAN TASTY RED,Malus domestica x 'UEB 3449-1'                              ,Urban Tasty Red™  Columnar Apple,,,,,,,,,,,,,,,,,
CT,061622,MICROBIOTA DECUSSATA,Microbiota decussata                                        ,Siberian Carpet Cypress                                     ,,,,,,,,,,,,,,,,,
CT,061625,MICROBIOTA DECUSSATA,Microbiota decussata                                        ,Siberian Carpet Cypress                                     ,,,,,,,,,,,,,,,,,
CT,046702,MONARDA D FIREBALL P14235,Monarda didyma 'Fireball' P.P. 14235                        ,Fireball Bee Balm                                           ,,,,,,,,,,,,,,,,,
CT,062183,MYRICA PENSYLVANICA,Myrica pennsylvanica                                        ,Northern Bayberry                                           ,,,,,,,,,,,,,,,,,
CT,081741,NEPETA NERVOSA PINK CAT,Nepeta nervosa 'Pink Cat'                                   ,Pink Cat Catmint                                            ,,,,,,,,,,,,,,,,,
CT,068721,OENOTHERA KUN GLOWING MAGENTA,Oenothera kunthiana 'Glowing Magenta'                       ,Glowing Magenta Evening Primrose                            ,,,,,,,,,,,,,,,,,
CT,063351,PACHYSANDRA TERM GREEN SHEEN,Pachysandra terminalis 'Green Sheen'                        ,Green Sheen Japanese Spurge                                 ,,,,,,,,,,,,,,,,,
CT,405141,PEROVSKIA ATR PEEK-A-BLUE PPAF,Perovskia atriplicifolia 'Peek-A-Blue'                      ,Peek-A-Blue Russian Sage                                    ,,,,,,,,,,,,,,,,,
CT,084781,PEROVSKIA LACEY BLUE PP20845,"Perovskia atriplicifolia 'Lisslitt' P.P.# 20,845            ",Lacey Blue Russian Sage                                     ,,,,,,,,,,,,,,,,,
CT,010591,PEROVSKIA LITTLE SPIRE P11643,Perovskia atriplicifolia 'Little Spire' P.P.# 11643         ,Little Spire Russian Sage                                   ,,,,,,,,,,,,,,,,,
CT,405201,PHLOX PAN BUBBLEGUM PINK,"Phlox paniuculata 'DITOFRA' P.P.# 21,171                    ",Candy Store®  Bubblegum Pink™  Phlox,,,,,,,,,,,,,,,,,
CT,411761,PHLOX PAN COTTON CANDY PP21369,"Phlox paniculata 'DITOMFAV' P.P. #21,369                    ",Cotton Candy Garden Phlox                                   ,,,,,,,,,,,,,,,,,
CT,010631,PHLOX PAN DAVID,Phlox paniculata 'David'                                    ,David Garden Phlox                                          ,,,,,,,,,,,,,,,,,
CT,064601,PHLOX SUB RED WINGS,Phlox subulata 'Red Wings'                                  ,Red Wings Creeping Phlox                                    ,,,,,,,,,,,,,,,,,
CT,063937PT,PHYSOCARPUS DIABOLO R P11211,"Physocarpus opulifolius 'Monlo' P.P. #11,211                ",Diabolo®  Ninebark,,,,,,,,,,,,,,,,,
CT,405263,PHYSOCARPUS LTLE DEVIL TM PPAF,Physocarpus opulifolius 'Donna May' PPAF                    ,First Editions®  Little Devil™  Ninebark,,,,,,,,,,,,,,,,,
CT,409892,PHYSOCARPUS PETITE PLUM R PPAF,Physocarpus opulifolius 'POIPD2' P.P.A.F.                   ,Petite Plum®  Ninebark,,,,,,,,,,,,,,,,,
CT,029943S,PHYSOCARPUS SUMR WINE R P14821,"Physocarpus opulifolious 'Seaward' P.P. #14,821, C.B.R. #2,6",Summer Wine®  Ninebark,,,,,,,,,,,,,,,,,
CT,089982S,PHYSOCARPUS TINY WINE TM PPAF,"Physocarpus opulifolious 'SMPOTW' P.P.A.F., Can. PBRAF      ",Tiny Wine™  Ninebark,,,,,,,,,,,,,,,,,
CT,064623,PICEA GL CONICA,Picea glauca 'Conica'                                       ,Dwarf Alberta Spruce                                        ,,,,,,,,,,,,,,,,,
CT,064623SP,PICEA GL CONICA,Picea glauca 'Conica'                                       ,Dwarf Alberta Spruce                                        ,,,,,,,,,,,,,,,,,
CT,064625,PICEA GL CONICA,Picea glauca 'Conica'                                       ,Dwarf Alberta Spruce                                        ,,,,,,,,,,,,,,,,,
CT,064625SP,PICEA GL CONICA,Picea glauca 'Conica'                                       ,Dwarf Alberta Spruce                                        ,,,,,,,,,,,,,,,,,
CT,405292,PIERIS J CAVATINE,Pieris japonica 'Cavatine'                                  ,Cavatine Pieris                                             ,,,,,,,,,,,,,,,,,
CT,065162,PIERIS J LITTLE HEATH,Pieris japonica 'Little Heath'                              ,Little Heath Lily Of The Valley                             ,,,,,,,,,,,,,,,,,
CT,012693,PIERIS J PASSION,Pieris japonica 'Passion'                                   ,Passion Lily of the Valley Shrub                            ,,,,,,,,,,,,,,,,,
CT,021547,PINUS KOR SILVERAY,Pinus koraiensis 'Silveray'                                 ,Silveray Korean Pine                                        ,,,,,,,,,,,,,,,,,
CT,065565,PINUS STROBUS FASTIGIATA,Pinus strobus 'Fastigiata'                                  ,Columnar Eastern White Pine                                 ,,,,,,,,,,,,,,,,,
CT,065567,PINUS STROBUS FASTIGIATA,Pinus strobus 'Fastigiata'                                  ,Columnar Eastern White Pine                                 ,,,,,,,,,,,,,,,,,
CT,065401,PLATYCODON GR SENTIMENTAL BLUE,Platycodon grandiflorus 'Sentimental Blue'                  ,Sentimental Blue Balloon Flower                             ,,,,,,,,,,,,,,,,,
CT,065361,POLEMONIUM BRISE D'ANJOU P9781,Polemonium 'Brise d'Anjou' P.P.# 9781                       ,Variegated Jacob's Ladder                                   ,,,,,,,,,,,,,,,,,
CT,06536UT,POLEMONIUM BRISE D'ANJOU P9781,Polemonium 'Brise d'Anjou' P.P.# 9781                       ,Variegated Jacob's Ladder                                   ,,,,,,,,,,,,,,,,,
CT,086392S,POTENTILLA HPY FCE R PK P22732,"Potentilla fruticosa 'Kupinpa'' P.P.#22,732                 ",Happy Face™  Pink Paradise Cinquefoil,,,,,,,,,,,,,,,,,
CT,081797,PRUNUS INCISIA LITTLE TWIST R,Prunus incisa 'Little Twist'                                ,Little Twist Fuji Cherry                                    ,,,,,,,,,,,,,,,,,
CT,408747,PRUNUS PEND RED BRK (TIBETICA),                                                            ,                                                            ,,,,,,,,,,,,,,,,,
CT,070307,PRUNUS PER BONFIRE PEACH,Prunus persica 'Bonfire'                                    ,Ornamental Dwarf Peach                                      ,,,,,,,,,,,,,,,,,
CT,066917,PRUNUS SER KWANZAN,Prunus serrulata 'Kwanzan'                                  ,Kwanzan Flowering Cherry                                    ,,,,,,,,,,,,,,,,,
CT,405957,PRUNUS SNW FNTNS R ON SERRULA,                                                            ,                                                            ,,,,,,,,,,,,,,,,,
CT,053557,PRUNUS SUBHIRTELLA PENDULA,Prunus subhirtella 'Pendula'                                ,Weeping Flowering Cherry                                    ,,,,,,,,,,,,,,,,,
CT,405547,"PRUNUS SUBHIRTELLA PENDULA 36""","Prunus subhirtella 'Pendula' (36 "" graft)                   ",Weeping Higan Flowering Cherry                              ,,,,,,,,,,,,,,,,,
CT,405549,"PRUNUS SUBHIRTELLA PENDULA 36""","Prunus subhirtella 'Pendula' (36 "" graft)                   ",Weeping Higan Flowering Cherry                              ,,,,,,,,,,,,,,,,,
CT,043397,PRUNUS WEEPING EXTRAORDNARE TM,Prunus x 'Extrazam' Weeping Extraordinaire™ ,Weeping Extraordinaire™  Double Flowering Cherry,,,,,,,,,,,,,,,,,
CT,066937,PRUNUS X SNOW FOUNTAIN TM,Prunus x 'Snowfozam'                                        ,Snow Fountains®  Weeping Cherry,,,,,,,,,,,,,,,,,
CT,407509,"PRUNUS X SNOW FOUNTAIN TM 36""",Prunus x 'Snofozam'                                         ,"Snow Fountains®  Weeping Cherry (36 inch trunk, grafte",,,,,,,,,,,,,,,,,
CT,067301,PULMONARIA BERTRAM ANDERSON,Pulmonaria longifolia 'Bertram Anderson'                    ,Bertram Anderson Lungwort                                   ,,,,,,,,,,,,,,,,,
CT,06898M,PYRUS CALL CHANTICLEER TM,Pyrus calleryana 'Glen's Form'                              ,Chanticleer®  Flowering Pear,,,,,,,,,,,,,,,,,
CT,405643,RHOD (H-1) AGLO,Rhododendron x 'Weston's Aglo' (H-1)                        ,Weston's Aglo Rhododendron                                  ,,,,,,,,,,,,,,,,,
CT,405645,RHOD (H-1) AGLO,Rhododendron x 'Weston's Aglo' (H-1)                        ,Weston's Aglo Rhododendron                                  ,,,,,,,,,,,,,,,,,
CT,009052,RHOD (H-1) CATAW BOURSAULT,Rhododendron 'Catawbiense Boursault' (H-1)                  ,Boursault Rhododendron                                      ,,,,,,,,,,,,,,,,,
CT,009055,RHOD (H-1) CATAW BOURSAULT,Rhododendron 'Catawbiense Boursault' (H-1)                  ,Boursault Rhododendron                                      ,,,,,,,,,,,,,,,,,
CT,00905M,RHOD (H-1) CATAW BOURSAULT,Rhododendron 'Catawbiense Boursault' (H-1)                  ,Boursault Rhododendron                                      ,,,,,,,,,,,,,,,,,
CT,009405,RHOD (H-1) ENGLISH ROSEUM,Rhododendron x 'English Roseum' (H-1)                       ,English Roseum Rhododendron                                 ,,,,,,,,,,,,,,,,,
CT,405765,RHOD (H-1) MAXIMUM PINK,Rhododendron Maximum 'Roseum'                               ,Pink Maximum Rhododendron                                   ,,,,,,,,,,,,,,,,,
CT,011235,RHOD (H-1) OLGA MEZITT,Rhododendron 'Olga Mezitt' (H-1)                            ,Olga Mezitt Rhododendron                                    ,,,,,,,,,,,,,,,,,
CT,009803,RHOD (H-1) P.J.M.,Rhododendron x 'P.J.M.' (H-1)                               ,P.J.M. Rhododendron                                         ,,,,,,,,,,,,,,,,,
CT,009805,RHOD (H-1) P.J.M.,Rhododendron x 'P.J.M.' (H-1)                               ,P.J.M. Rhododendron                                         ,,,,,,,,,,,,,,,,,
CT,009972,RHOD (H-1) PURPLE GEM,Rhododendron x 'Purple Gem' (H-1)                           ,Purple Gem Rhododendron                                     ,,,,,,,,,,,,,,,,,
CT,010052,RHOD (H-1) RAMAPO,Rhododendron x 'Ramapo' (H-1)                               ,Ramapo Rhododendron                                         ,,,,,,,,,,,,,,,,,
CT,010151,RHOD (H-1) ROSEUM ELEGANS,Rhododendron x 'Roseum Elegans' (H-1)                       ,Roseum Elegans Rhododendron                                 ,,,,,,,,,,,,,,,,,
CT,010152,RHOD (H-1) ROSEUM ELEGANS,Rhododendron x 'Roseum Elegans' (H-1)                       ,Roseum Elegans Rhododendron                                 ,,,,,,,,,,,,,,,,,
CT,010155,RHOD (H-1) ROSEUM ELEGANS,Rhododendron x 'Roseum Elegans' (H-1)                       ,Roseum Elegans Rhododendron                                 ,,,,,,,,,,,,,,,,,
CT,405871,RHOD (H-2) BUBBLEGUM,Rhododendron x 'Bubblegum'                                  ,Bubblegum Rhododendron                                      ,,,,,,,,,,,,,,,,,
CT,405663,RHOD (H-2) CHIONOIDES,Rhododendron 'Chionoides' (H-2)                             ,Chionoides Rhododendron                                     ,,,,,,,,,,,,,,,,,
CT,405665,RHOD (H-2) CHIONOIDES,Rhododendron 'Chionoides' (H-2)                             ,Chionoides Rhododendron                                     ,,,,,,,,,,,,,,,,,
CT,009203,RHOD (H-2) CUNNINGHAM'S WHITE,Rhododendron x 'Cunningham's White' (H-2)                   ,Cunningham's White Rhododendron                             ,,,,,,,,,,,,,,,,,
CT,009205,RHOD (H-2) CUNNINGHAM'S WHITE,Rhododendron x 'Cunningham's White' (H-2)                   ,Cunningham's White Rhododendron                             ,,,,,,,,,,,,,,,,,
CT,405752,RHOD (H-2) LANDMARK,Rhododendron x 'Landmark'                                   ,Landmark Rhododendron                                       ,,,,,,,,,,,,,,,,,
CT,405753,RHOD (H-2) LANDMARK,Rhododendron x 'Landmark'                                   ,Landmark Rhododendron                                       ,,,,,,,,,,,,,,,,,
CT,405755,RHOD (H-2) LANDMARK,Rhododendron x 'Landmark'                                   ,Landmark Rhododendron                                       ,,,,,,,,,,,,,,,,,
CT,405673,RHOD (H-2) MIDNIGHT RUBY,Rhododendron x 'Midnight Ruby'                              ,Midnight Ruby Rhododendron                                  ,,,,,,,,,,,,,,,,,
CT,406072,RHOD (H-2) YAKU KEN JANECK,Rhododendron yakushimanum 'Ken Janeck'                      ,Ken Janeck Rhododendron                                     ,,,,,,,,,,,,,,,,,
CT,406083,RHOD (H-2) YAKU PERCY WISEMAN,Rhododendron yakushimanum 'Percy Wiseman' (H-2)             ,Percy Wiseman Rhododendron                                  ,,,,,,,,,,,,,,,,,
CT,010522,RHOD (H-2) YAKU PRINCESS,Rhododendron x 'Yaku Princess' (H-2)                        ,Yaku Princess Rhododendron                                  ,,,,,,,,,,,,,,,,,
CT,405775,RHOD (H-2)NTHRN STRBRST P10388,"Rhododendron 'Northern Starburst' (H-2) P.P.# 10,388        ",Northern Starburst Rhododendron                             ,,,,,,,,,,,,,,,,,
CT,405962,RHOD (H-3) PATTY BEE,Rhododendron x 'Patty Bee' (H-3)                            ,Patty Bee Rhododendron                                      ,,,,,,,,,,,,,,,,,
CT,406062,RHOD (H-3) YAKU CRETE,Rhododendron yakushimanum 'Crete'                           ,Crete Rhododendron                                          ,,,,,,,,,,,,,,,,,
CT,069893,RHUS AROMATICA GRO-LOW,Rhus aromatica 'Gro-Low'                                    ,Gro-Low Fragrant Sumac                                      ,,,,,,,,,,,,,,,,,
CT,070197,ROBINIA P TWISTY BABY TM P9771,Robinia pseudoacacia 'Lace Lady' P.P.# 9771                 ,Twisty Baby™  Dwarf Black Locust,,,,,,,,,,,,,,,,,
CT,098542S,ROSA DRIFT R APRICOT PP23354,"Rosa 'Meimirrot' P.P.#23,354                                ",Apricot Drift®  Groundcover Rose,,,,,,,,,,,,,,,,,
CT,098543SPT,ROSA DRIFT R APRICOT PP23354,"Rosa 'Meimirrot' P.P.#23,354                                ",Apricot Drift®  Groundcover Rose,,,,,,,,,,,,,,,,,
CT,098552S,ROSA DRIFT R CORAL PP19148,"Rosa 'Meidrifora' P.P. #19,148                              ",Coral Drift®  Groundcover Rose,,,,,,,,,,,,,,,,,
CT,098562S,ROSA DRIFT R PEACH PP18542,"Rosa 'MEIggili' PP #18,542                                  ",Peach Drift®  Rose,,,,,,,,,,,,,,,,,
CT,098563SPT,ROSA DRIFT R PEACH PP18542,"Rosa 'MEIggili' PP #18,542                                  ",Peach Drift®  Rose,,,,,,,,,,,,,,,,,
CT,022632S,ROSA DRIFT R PINK PP18874,"Rosa 'MEIjocos' P.P. #18,874                                ",Pink Drift®  Groundcover Rose,,,,,,,,,,,,,,,,,
CT,022633SPT,ROSA DRIFT R PINK PP18874,"Rosa 'MEIjocos' P.P. #18,874                                ",Pink Drift®  Groundcover Rose,,,,,,,,,,,,,,,,,
CT,406312S,ROSA DRIFT R POPCORN PPAF,Rosa 'Novarospop' P.P.A.F.                                  ,Popcorn Drift®  Rose,,,,,,,,,,,,,,,,,
CT,406313SPT,ROSA DRIFT R POPCORN PPAF,Rosa 'Novarospop' P.P.A.F.                                  ,Popcorn Drift®  Rose,,,,,,,,,,,,,,,,,
CT,022642S,ROSA DRIFT R RED PP17877,"Rosa 'MEIgalpio' P.P. #17,877                               ",Red Drift®  Groundcover Rose,,,,,,,,,,,,,,,,,
CT,098572S,ROSA DRIFT R SWEET PP21612,"Rosa 'Meiswetdom' P.P. #21,612                              ",Sweet Drift®  Groundcover Rose,,,,,,,,,,,,,,,,,
CT,036292,ROSA FLWR CAR R AMBER PPAF,Rosa x 'NOA97400A' P.P.A.F.                                 ,Flower Carpet®  Amber Groundcover Rose,,,,,,,,,,,,,,,,,
CT,036382,ROSA FLWR CAR R PNK SUP P16276,"Rosa x 'NOA250092' P.P. #16,276                             ",Flower Carpet®  Pink Supreme Ground Cover Rose,,,,,,,,,,,,,,,,,
CT,071602,ROSA FLWR CAR R RED P11308,Rosa x 'Noare' P.P.# 11308                                  ,Flower Carpet®  Red Groundcover Rose,,,,,,,,,,,,,,,,,
CT,036312,ROSA FLWR CAR R SCARLET P17373,"Rosa x 'NOA83100B' P.P. #17,373                             ",Flower Carpet®  Scarlet Groundcover Rose,,,,,,,,,,,,,,,,,
CT,406273,ROSA FRNCIS MEILLAND TM P19970,"Rosa hybrid 'Meitroni' PP #19,970                           ",Francis Meilland™  Hybrid Tea Rose,,,,,,,,,,,,,,,,,
CT,413433,ROSA ICECAP MEIRADENA PPTBS,Rosa 'Meiradena' PPTBS                                      ,Icecap™  Rose,,,,,,,,,,,,,,,,,
CT,042823SPT,ROSA KNCK OUT R DBL PNK P18507,Rosa x 'Radtkopink' P.P.# 18507                             ,Pink Double Knock Out®  Rose,,,,,,,,,,,,,,,,,
CT,030903SPT,ROSA KNCK OUT R DBL RD P16202,Rosa x 'Radtko' P.P.# 16202                                 ,Double Knock Out®  Rose,,,,,,,,,,,,,,,,,
CT,011623S,ROSA KNCK OUT R P11836 (RED),Rosa x 'Radrazz' P.P.# 11836                                ,Knock Out®  Shrub Rose,,,,,,,,,,,,,,,,,
CT,011623SPT,ROSA KNCK OUT R P11836 (RED),Rosa x 'Radrazz' P.P.# 11836                                ,Knock Out®  Shrub Rose,,,,,,,,,,,,,,,,,
CT,022153S,ROSA KNCK OUT R P15070 (PINK),Rosa x 'Radcon' P.P.# 15070                                 ,Pink Knock Out®  Rose,,,,,,,,,,,,,,,,,
CT,037863S,ROSA KNCK OUT R SUNNY P18562,Rosa x 'Radsunny'  P.P.# 18562                              ,Sunny Knock Out®  Rose,,,,,,,,,,,,,,,,,
CT,037863SPT,ROSA KNCK OUT R SUNNY P18562,Rosa x 'Radsunny'  P.P.# 18562                              ,Sunny Knock Out®  Rose,,,,,,,,,,,,,,,,,
CT,406213,ROSA LK-A-LIK TM PHLOXY BABY,Rosa 'Radcleome' PPTBS                                      ,Look-A-Likes™  Phloxy Baby Rose,,,,,,,,,,,,,,,,,
CT,074963S,ROSA OSO EASY R CHERRYPIE PPAF,Rosa x 'Meiboulka' P.P.A.F.                                 ,Oso Easy®  Cherry Pie Rose,,,,,,,,,,,,,,,,,
CT,069933,ROSA RUGOSA ALBA,Rosa rugosa 'Alba'                                          ,White Rugosa Rose                                           ,,,,,,,,,,,,,,,,,
CT,071923,ROSA RUGOSA PINK,Rosa rugosa                                                 ,Japanese Rugosa Rose                                        ,,,,,,,,,,,,,,,,,
CT,406233,ROSA TAHITIAN TREASURE TM,Rosa 'Radtreasure' PPTBS                                    ,Tahitian Treasure™  Rose,,,,,,,,,,,,,,,,,
CT,406293,ROSA TEQUILA GOLD TM PP18657,"Rosa x hybrida 'Meipojona' P.P.#18,657                      ",Tequila Gold™  Rose,,,,,,,,,,,,,,,,,
CT,098583,ROSA WHITE OUT TM PP20273,"Rosa x 'Radwhite' PP #20,273                                ",White Out™  Rose,,,,,,,,,,,,,,,,,
CT,406153,ROSA-CL BRITE EYES TM PP17391,Rosa 'Radbrite'                                             ,Brite Eyes™  Climbing Rose,,,,,,,,,,,,,,,,,
CT,406163,ROSA-CL CANCAN TM PP21430,Rosa 'Radcancan'                                            ,Cancan™  Climbing Rose,,,,,,,,,,,,,,,,,
CT,406173,ROSA-CL CLOUD TEN TM PPTBS,Rosa 'Radclean'                                             ,Cloud Ten™  Climbing Rose,,,,,,,,,,,,,,,,,
CT,406193,ROSA-CL THE CHARLATAN R P18990,"Rosa 'Meiguimov' PP ##18,990                                ",The Charlatan®  Climbing Rose,,,,,,,,,,,,,,,,,
CT,406195,ROSA-CL THE CHARLATAN R P18990,"Rosa 'Meiguimov' PP ##18,990                                ",The Charlatan®  Climbing Rose,,,,,,,,,,,,,,,,,
CT,406203,ROSA-CL WNERS CIRCLE TM P19310,Rosa 'Radwin'                                               ,Winners Circle™  Climbing Rose,,,,,,,,,,,,,,,,,
CT,406452,RUBUS ARAPAHO THRNLS BLKBRY,"Rubus ursinus 'Arapaho' PP #8,510                           ",Arapaho Blackberry                                          ,,,,,,,,,,,,,,,,,
CT,070332,RUBUS BLACK SATIN BLACKBERRY,Rubus subgenus Rubus Watson 'Black Satin'                   ,Black Satin Blackberry                                      ,,,,,,,,,,,,,,,,,
CT,070342,RUBUS CANBY RED RASPBERRY,Rubus idaeus 'Canby Red'                                    ,Canby Red Raspberry                                         ,,,,,,,,,,,,,,,,,
CT,067842,RUBUS IDEAUS FALL GOLD RASPBRY,Rubus idaeus var. strigosus 'Fall Gold'                     ,Fall Gold Raspberry                                         ,,,,,,,,,,,,,,,,,
CT,079382,RUBUS RSPBRY SHRTCKE TM P22141,"Rubus idaeus 'NR7' P.P. #22,141                             ",BrazelBerries®  Raspberry Shortcake™  Dwarf Thor,,,,,,,,,,,,,,,,,
CT,074152,RUBUS TRIPLE CROWN BLACKBERRY,Rubus 'Triple Crown'                                        ,Triple Crown Blackberry                                     ,,,,,,,,,,,,,,,,,
CT,071111,RUDBECKIA ERLY BRD GLD PP20286,"Rudbeckia fulgida 'Early Bird Gold' P.P. #20,286            ",Early Bird Gold Gloriosa Daisy                              ,,,,,,,,,,,,,,,,,
CT,071112,RUDBECKIA ERLY BRD GLD PP20286,"Rudbeckia fulgida 'Early Bird Gold' P.P. #20,286            ",Early Bird Gold Gloriosa Daisy                              ,,,,,,,,,,,,,,,,,
CT,071012,RUDBECKIA FULGIDA GOLDSTURM,Rudbeckia fulgida var. sullivantii 'Goldsturm'              ,Goldsturm Black Eyed Susan                                  ,,,,,,,,,,,,,,,,,
CT,018632,RUDBECKIA LTLE GOLDSTAR P22397,"Rudbeckia 'Little GoldStar' P.P.# 22,397                    ",Little GoldStar Black Eyed Susan                            ,,,,,,,,,,,,,,,,,
CT,06239UT,SAGINA SUBULATA AUREA,Sagina subulata 'Aurea'                                     ,Scotch Moss                                                 ,,,,,,,,,,,,,,,,,
CT,070467,SALIX CAP KILMARNOCK(S C PEND),Salix caprea 'Kilmarnock'                                   ,Kilmarnock Willow                                           ,,,,,,,,,,,,,,,,,
CT,039497PT,SALIX INTEGRA FLAMINGO PP17490,"Salix integra 'Flamingo' P.P.# 17,490                       ",Flamingo Dappled Willow                                     ,,,,,,,,,,,,,,,,,
CT,070613,SALIX INTEGRA HAKURO NISHIKI,Salix integra 'Hakuro Nishiki'                              ,Dappled Willow                                              ,,,,,,,,,,,,,,,,,
CT,070617PT,SALIX INTEGRA HAKURO NISHIKI,Salix integra 'Hakuro Nishiki'                              ,Dappled Willow                                              ,,,,,,,,,,,,,,,,,
CT,020411,SALVIA NEMOROSA CARADONNA,Salvia nemorosa 'Caradonna'                                 ,Caradonna Meadow Sage                                       ,,,,,,,,,,,,,,,,,
CT,070591,SALVIA NEMOROSA EAST FRIESLAND,Salvia nemorosa 'East Friesland'                            ,East Friesland Meadow Sage                                  ,,,,,,,,,,,,,,,,,
CT,400281,SALVIA OFFICINALIS AUREA,Salvia officinalis 'Aurea'                                  ,Golden Sage                                                 ,,,,,,,,,,,,,,,,,
CT,400291,SALVIA OFFICINALIS BERGGARTEN,Salvia officinalis 'Berggarten'                             ,Berggarten Sage                                             ,,,,,,,,,,,,,,,,,
CT,407941,SALVIA SNSATION R DEEP ROS PAF,Salvia nemorosa 'Sensation Deep Rose' P.P.A.F.              ,Sensation Deep Rose Salvia                                  ,,,,,,,,,,,,,,,,,
CT,400272,SALVIA SNSATION R SKY BLUE PAF,Salvia nemerosa 'Sky Blue' P.P.A.F.                         ,Sensation®  Sky Blue Sage,,,,,,,,,,,,,,,,,
CT,070261,SALVIA X SYL MAY NIGHT,Salvia 'May Night'                                          ,May Night Sage                                              ,,,,,,,,,,,,,,,,,
CT,070262,SALVIA X SYL MAY NIGHT,Salvia 'May Night'                                          ,May Night Sage                                              ,,,,,,,,,,,,,,,,,
CT,030321,SALVIA X SYL SNOW HILL,Salvia x sylvestris 'Snow Hill'                             ,Snow Hill Meadow Sage                                       ,,,,,,,,,,,,,,,,,
CT,406543,SAMBUCUS RAC SUTHERLAND GOLD,Sambucus racemosa 'Sutherland Gold'                         ,Sutherland Gold Elderberry                                  ,,,,,,,,,,,,,,,,,
CT,076641,SAXIFRAGA FORT BERRY BRIGHT TM,Saxifraga fortunei 'Magenta'                                ,Berry Bright™  Saxifrage,,,,,,,,,,,,,,,,,
CT,06501UT,SEDUM ACRE,Sedum acre                                                  ,Goldmoss Sedum                                              ,,,,,,,,,,,,,,,,,
CT,06500UT,SEDUM ALB C BABY TEARS,Sedum album chloroticum 'Baby Tears'                        ,Baby Tears Stonecrop                                        ,,,,,,,,,,,,,,,,,
CT,03028UT,SEDUM DRAGON'S BLOOD,Sedum spurium 'Dragon's Blood'                              ,Dragon's Blood Stonecrop                                    ,,,,,,,,,,,,,,,,,
CT,092351,SEDUM ELSIE GOLD PP20368,"Sedum spectabile 'Elsie's Gold' P.P.#20,368                 ",Elsie's Gold Stonecrop                                      ,,,,,,,,,,,,,,,,,
CT,06505UT,SEDUM GLOBOSUM OLD MAN'S BONES,Sedum globosum 'Old Man's Bones'                            ,Old Man's Bones Stonecrop                                   ,,,,,,,,,,,,,,,,,
CT,01182UT,SEDUM JOHN CREECH,Sedum spurium 'John Creech'                                 ,John Creech Stonecrop                                       ,,,,,,,,,,,,,,,,,
CT,049971,SEDUM MR. GOODBUD PPAF,"Sedum 'Mr. Goodbud' P.P.# 17,671                            ",Mr. Goodbud Stonecrop                                       ,,,,,,,,,,,,,,,,,
CT,044871,SEDUM RUP ANGELINA PPAF,Sedum rupestre 'Angelina'                                   ,Angelina Stonecrop                                          ,,,,,,,,,,,,,,,,,
CT,04487UT,SEDUM RUP ANGELINA PPAF,Sedum rupestre 'Angelina'                                   ,Angelina Stonecrop                                          ,,,,,,,,,,,,,,,,,
CT,03428UT,SEDUM SPATH CAPE BLANCO,Sedum spathulifolium 'Cape Blanco'                          ,Cape Blanco Stonecrop                                       ,,,,,,,,,,,,,,,,,
CT,03517UT,SEDUM SPURIUM VOODOO,Sedum spurium 'Voodoo'                                      ,Voodoo Stonecrop                                            ,,,,,,,,,,,,,,,,,
CT,08748UT,SEDUM SSPKLR R CHERRY TART PAF,Sedum 'Cherry Tart' P.P.A.F.                                ,Sunsparkler®  Cherry Tart Stonecrop,,,,,,,,,,,,,,,,,
CT,41272UT,SEDUM SSPKLR R FIRE CRACKR PAF,Sedum 'Firecracker' P.P.A.F.                                ,SunSparkler®  Firecracker Sedum,,,,,,,,,,,,,,,,,
CT,007331,SEDUM SSPRKLR R DZLBRY PP22457,"Sedum 'Razzleberry' P.P.# 22,457                            ",Sunsparkler®  Dazzleberry Sedum,,,,,,,,,,,,,,,,,
CT,00733UT,SEDUM SSPRKLR R DZLBRY PP22457,"Sedum 'Razzleberry' P.P.# 22,457                            ",Sunsparkler®  Dazzleberry Sedum,,,,,,,,,,,,,,,,,
CT,00730UT,SEDUM SSPRKLR R LIME ZNGR PPAF,Sedum 'Lime Zinger' P.P.A.F.                                ,Sunsparkler®  Lime Zinger Sedum,,,,,,,,,,,,,,,,,
CT,406601,SEDUM SUNSPARLKER R BL PRL PAF,Sedum x 'Blue Pearl' P.P.A.F.                               ,SunSparkler®  Blue Pearl Sedum,,,,,,,,,,,,,,,,,
CT,070911,SEDUM VERA JAMESON,Sedum x 'Vera Jameson'                                      ,Vera Jameson Stonecrop                                      ,,,,,,,,,,,,,,,,,
CT,057161,SEDUM X AUTUMN CHARM PP14421,"Sedum telephium 'Lajos' P.P.# 14,421                        ",Autumn Charm™  Stonecrop,,,,,,,,,,,,,,,,,
CT,025041,SEDUM X AUTUMN FIRE,Sedum x 'Autumn Fire'                                       ,Autumn Fire Stonecrop                                       ,,,,,,,,,,,,,,,,,
CT,070741,SEDUM X AUTUMN JOY,Sedum x 'Autumn Joy'                                        ,Autumn Joy Stonecrop                                        ,,,,,,,,,,,,,,,,,
CT,070742,SEDUM X AUTUMN JOY,Sedum x 'Autumn Joy'                                        ,Autumn Joy Stonecrop                                        ,,,,,,,,,,,,,,,,,
CT,06561UT,SEMPERVIVUM KREBS DES ROSE,Sempervivum 'Krebs'                                         ,Krebs Desert Rose Hens and Chicks                           ,,,,,,,,,,,,,,,,,
CT,071031,SOLIDAGO CROWN OF RAYS,Solidago 'Crown of Rays'                                    ,Crown Of Rays Goldenrod                                     ,,,,,,,,,,,,,,,,,
CT,075012S,SPIRAEA DBLPLAY R ARTIST PPAF,Spiraea japonica 'Galen' P.P.A.F.                           ,Double Play®  Artist Spirea,,,,,,,,,,,,,,,,,
CT,075013S,SPIRAEA DBLPLAY R ARTIST PPAF,Spiraea japonica 'Galen' P.P.A.F.                           ,Double Play®  Artist Spirea,,,,,,,,,,,,,,,,,
CT,075032S,SPIRAEA DBLPLAY R BIGBANG PPAF,Spiraea japonica 'Tracy' P.P.A.F.                           ,Double Play®  Big Bang Spirea,,,,,,,,,,,,,,,,,
CT,075033S,SPIRAEA DBLPLAY R BIGBANG PPAF,Spiraea japonica 'Tracy' P.P.A.F.                           ,Double Play®  Big Bang Spirea,,,,,,,,,,,,,,,,,
CT,011983,SPIRAEA JAP GOLDMOUND,Spiraea japonica 'Goldmound'                                ,Goldmound Spirea                                            ,,,,,,,,,,,,,,,,,
CT,071252,SPIRAEA JAP LITTLE PRINCESS,Spiraea japonica 'Little Princess'                          ,Little Princess Spirea                                      ,,,,,,,,,,,,,,,,,
CT,071253,SPIRAEA JAP LITTLE PRINCESS,Spiraea japonica 'Little Princess'                          ,Little Princess Spirea                                      ,,,,,,,,,,,,,,,,,
CT,071573,SPIRAEA JAP MAGIC CARPET P9363,Spiraea japonica 'Walbuma'                                  ,Magic Carpet Spirea                                         ,,,,,,,,,,,,,,,,,
CT,012091,STACHYS BIG EARS,Stachys byzantina 'Big Ears'                                ,Big Ears Lamb's Ear                                         ,,,,,,,,,,,,,,,,,
CT,012111,STACHYS SILVER CARPET,Stachys byzantina 'Silver Carpet'                           ,Silver Carpet Lamb's Ear                                    ,,,,,,,,,,,,,,,,,
CT,406701,STEPHANANDRA INC CRISPA,Stephanandra incisa 'Crispa'                                ,Cutleaf Stephanandra                                        ,,,,,,,,,,,,,,,,,
CT,406721,STOKESIA LAEVIS BLUE DANUBE,Stokesia laevis 'Blue Danube'                               ,Blue Danube Aster                                           ,,,,,,,,,,,,,,,,,
CT,065641,STOKESIA LAEVIS COLORWHEEL,Stokesia laevis 'Color Wheel'                               ,Color Wheel Stokes' Aster                                   ,,,,,,,,,,,,,,,,,
CT,071737,STYRAX JAPONICUS,Styrax japonicus                                            ,Japanese Snowbell Tree                                      ,,,,,,,,,,,,,,,,,
CT,086433S,SYRINGA BLOOMERNG R DK PPL PAF,"Syringa x 'SMSJBP7' P.P.A.F., Can P.B.R.A.F.                ",Bloomerang®  Dark Purple Lilac,,,,,,,,,,,,,,,,,
CT,074683S,SYRINGA BLOOMERNG R PUR P20575,"Syringa x 'Penda' P.P. #20,575, Can. P.P. 4071              ",Bloomerang®  Purple Lilac,,,,,,,,,,,,,,,,,
CT,071865,SYRINGA MEYERI PALIBIN,Syringa meyeri 'Palibin'                                    ,Dwarf Korean Lilac                                          ,,,,,,,,,,,,,,,,,
CT,072023,SYRINGA PATULA MISS KIM,Syringa pubescens subsp. patula 'Miss Kim'                  ,Miss Kim Korean Lilac                                       ,,,,,,,,,,,,,,,,,
CT,072025,SYRINGA PATULA MISS KIM,Syringa pubescens subsp. patula 'Miss Kim'                  ,Miss Kim Korean Lilac                                       ,,,,,,,,,,,,,,,,,
CT,086423S,SYRINGA SCNT & SNSIBILTY TM PK,Syringa x ''SMSXPM'' P.P.A.F.                               ,Scent and Sensibility™  Pink Lilac,,,,,,,,,,,,,,,,,
CT,406815,SYRINGA SGR PLM FAIRY R P15588,"Syringa vulgaris 'Bailsugar' PP#15,588                      ",Sugar Plum Fairy®  Lilac,,,,,,,,,,,,,,,,,
CT,406923,SYRINGA V TINY DANCER TM,Syringa vulgaris 'Elsdancer'                                ,Tiny Dancer™  Lilac,,,,,,,,,,,,,,,,,
CT,406895,SYRINGA VULGARIS,Syringa vulgaris                                            ,Common Purple Lilac                                         ,,,,,,,,,,,,,,,,,
CT,406793,SYRINGA X JOSEE,Syringa x 'Josee'                                           ,Josee Lilac                                                 ,,,,,,,,,,,,,,,,,
CT,073013,THUJA OC EMERALD,Thuja occidentalis 'Smaragd'                                ,Emerald Green Arborvitae                                    ,,,,,,,,,,,,,,,,,
CT,047442,THUJA OC FIRE CHIEF TM P19009,"Thuja occidentalis 'Congabe' P.P. #19,009                   ",Fire Chief™  Globe Arborvitae,,,,,,,,,,,,,,,,,
CT,022175,THUJA OC MR BOWLING BALL R,Thuja occidentalis 'Bobozam'                                ,Mr. Bowling Ball™  Arborvitae,,,,,,,,,,,,,,,,,
CT,075053S,THUJA OC NORTH POLE R PPAF,"Thuja occidentalis 'Art Boe' P.P. #22,174                   ",North Pole™  Arborvitae,,,,,,,,,,,,,,,,,
CT,412851,TIARELLA JEEPERS CRPRS PP13437,"Tiarella 'Jeepers Creepers' P.P.# 13,437                    ",Jeepers Creepers Tiarella                                   ,,,,,,,,,,,,,,,,,
CT,047561,TIARELLA X SUGAR&SPICE PP16738,Tiarella x 'Sugar & Spice' P.P.# 16738                      ,Sugar & Spice Foam Flower                                   ,,,,,,,,,,,,,,,,,
CT,072611,TRADESCANTIA BLU&GLD(SWT KATE),Tradescantia x 'Blue & Gold'                                ,Blue & Gold Spiderwort                                      ,,,,,,,,,,,,,,,,,
CT,073692,VACCINIUM X NORTHCOUNTRY,Vaccinium x 'Northcountry' (Half-high)                      ,North Country Early Season Blueberry                        ,,,,,,,,,,,,,,,,,
CT,409261,VERONICA MDY BLUES LT BLU PPAF,Veronica spicata 'Novaverlig' P.P.A.F.                      ,Moody Blues Light Blue Speedwell                            ,,,,,,,,,,,,,,,,,
CT,409271,VERONICA MDY BLUES MAUVE PPAF,Veronica spicata 'Novavermau' P.P.A.F.                      ,Moody Blues Mauve Speedwell                                 ,,,,,,,,,,,,,,,,,
CT,409251,VERONICA MDY BLUES PINK PPAF,Veronica spicata 'Novaverpin' P.P.A.F.                      ,Moody Blues Pink Speedwell                                  ,,,,,,,,,,,,,,,,,
CT,012965,VIB DEN CHICAGO LUSTRE R,Viburnum dentatum 'Synnestvedt'                             ,Chicago Lustre®  Arrowwood Viburnum,,,,,,,,,,,,,,,,,
CT,013015,VIB NUDUM WINTERTHUR,Viburnum nudum 'Winterthur'                                 ,Winterthur Smooth Viburnum                                  ,,,,,,,,,,,,,,,,,
CT,074065,VIB PLI T MARIESI,Viburnum plicatum tomentosum 'Mariesii'                     ,Doublefile Viburnum                                         ,,,,,,,,,,,,,,,,,
CT,075753,VIB X PRAGENSE,Viburnum x pragense                                         ,Prague Viburnum                                             ,,,,,,,,,,,,,,,,,
CT,075755,VIB X PRAGENSE,Viburnum x pragense                                         ,Prague Viburnum                                             ,,,,,,,,,,,,,,,,,
CT,407155,VIBURNUM BUR CHENAULTI,Viburnum burkwoodii 'Chenaultii'                            ,Chenault Viburnum                                           ,,,,,,,,,,,,,,,,,
CT,407183,VIBURNUM LENTAGO,Viburnum lentago                                            ,Nannyberry Viburnum                                         ,,,,,,,,,,,,,,,,,
CT,407205,VIBURNUM PLI T POPCORN,Viburnum plicatum f. plicatum 'Popcorn'                     ,Popcorn Viburnum                                            ,,,,,,,,,,,,,,,,,
CT,407195,VIBURNUM PRUNIFOLIUM,Viburnum prunifolium                                        ,Blackhaw Viburnum                                           ,,,,,,,,,,,,,,,,,
CT,407213,VIBURNUM TRILOBUM,Viburnum trilobum                                           ,American Cranberry Viburnum                                 ,,,,,,,,,,,,,,,,,
CT,076222,VITIS LAB EASTERN CONCORD,Vitis labrusca 'Eastern Concord'                            ,Eastern Concord Grape                                       ,,,,,,,,,,,,,,,,,
CT,076252,VITIS LAB NIAGARA,Vitis labrusca 'Niagara'                                    ,Niagara Grape                                               ,,,,,,,,,,,,,,,,,
CT,407302,VITIS LAB TRAMINETTE,Vitis 'Traminette' P.P.A.F.                                 ,Traminette White Wine Grape                                 ,,,,,,,,,,,,,,,,,
CT,407242,VITIS VIN CHAMBOURCIN PPAF,Vitis 'Chambourcin' P.P.A.F.                                ,Chambourcin Blue-Purple Wine Grape                          ,,,,,,,,,,,,,,,,,
CT,409762,WEIGELA CRMSN KISSES TM P23654,"Weigela 'Slingco 1' P.P. #23,654                            ",Crimson Kisses™  Weigela,,,,,,,,,,,,,,,,,
CT,409972,WEIGELA F COCO KRUNCH TM PPAF,Weigela florida 'WFMOBLA' P.P.A.F.                          ,Coco Krunch™  Weigela,,,,,,,,,,,,,,,,,
CT,407473,WEIGELA FL MINOR BLACK,Weigela florida 'Veirwig3' P.P.A.F.                         ,Minor Black Weigela                                         ,,,,,,,,,,,,,,,,,
CT,077513S,WEIGELA FL SPILLED WINE TM PAF,Weigela florida 'Bokraspiwi' P.P.A.F.                       ,Spilled Wine™  Weigela,,,,,,,,,,,,,,,,,
CT,080943S,WEIGELA SONIC BLOOM TM PNK PAF,Weigela florida 'Bokrasopin' P.P.A.F.                       ,Sonic Bloom™  Pink Reblooming Weigela,,,,,,,,,,,,,,,,,
CT,407362S,WEIGELA SONIC BLOOM TM PRL PAF,Weigela florida 'Pearl' P.P.A.F.                            ,Sonic Bloom™  Pearl Weigela,,,,,,,,,,,,,,,,,
CT,080933S,WEIGELA SONIC BLOOM TM RED PAF,Weigela florida 'Verweil4' P.P.A.F.                         ,Sonic Bloom™  Red Reblooming Weigela,,,,,,,,,,,,,,,,,
CT,084793,WEIGELA WINGS OF FIRE PP21920,"Weigela florida 'Wings of Fire' PP #21,920                  ",Wings of Fire Weigela                                       ,,,,,,,,,,,,,,,,,
CT,076813,WISTERIA FRU AMETHYST FALLS,Wisteria frutescens 'Amethyst Falls'                        ,Amethyst Falls American Wisteria                            ,,,,,,,,,,,,,,,,,
CT,076845,WISTERIA MAC AUNT DEE,Wisteria macrostachya 'Aunt Dee'                            ,Aunt Dee Kentucky Wisteria                                  ,,,,,,,,,,,,,,,,,
