Loc,Item,Plant Name,Botanical Name,Common Name,Category 2,Category,Zone,Royalty Code
CT,401252,BUD FLTBY PTE R BL HEVN P22069,"Buddleia x 'Podaras #8' P.P. #22,069                        ",Flutterby Petite™  Blue Heaven Butterfly Bush,Deciduous sumr flower'g shrub,DCS,05,BHC
CA,074411S,BUD LO&BEHLD R BLU CHP PP19991,"Buddleja 'Blue Chip' P.P.# 19,991                           ",Lo & Behold®  Blue Chip Dwarf Summer Lilac,Deciduous sumr flower'g shrub,DCS,05,PW
CA,080812S,BUD LO&BEHLD R ICE CHIP PPAF,Buddleja Lo & Behold®  'Ice Chip' P.P.A.F. Can. P.B.R.,Ice Chip Summer Lilac                                       ,Deciduous sumr flower'g shrub,DCS,05,PW
OR,080792S,BUD LO&BEHLD R LILAC CHIP PPAF,Buddleja Lo & Behold®  'Lilac Chip' P.P.A.F. Can. P.B.,Lo & Behold®  Lilac Chip Summer Lilac,Deciduous sumr flower'g shrub,DCS,05,PW
GA,401291S,BUD LO&BEHLD R PINK MICRO CHIP,Buddleja ' Pink Micro Chip' P.P.A.F. Can. P.B.RA.F.         ,Lo & Behold®  Pink Micro Chip Summer Lilac,Deciduous sumr flower'g shrub,DCS,05,PW
GA,077411S,BUD LO&BEHLD R PRPL HAZE PPAF,Buddleja (B. davidii x (B. davidii x B. globosa)) x (B. davi,Lo & Behold®  Purple Haze Summer Lilac,Deciduous sumr flower'g shrub,DCS,05,PW
CT,401302,BUD SUMMER SKIES PP22465,Buddleja davidii 'Summer Skies'                             ,Summer Skies Butterfly Bush                                 ,Deciduous sumr flower'g shrub,DCS,05,PW
CT,401262S,BUD TEMPTATIONS TM LAVNDR PTE,Buddleja 'Lavender Petite'                                  ,Temptations™  Lavender Petite Butterfly Bush,Deciduous sumr flower'g shrub,DCS,05,HGT
CT,401212S,BUDDLEJA BLUEBERRY PETITE TM,Buddleja x Blueberry Petite                                 ,Blueberry Petite™  Butterfly Bush,Deciduous sumr flower'g shrub,DCS,05,HGT
CA,034661S,BUDDLEJA DAV ADONIS BLUE TM,Buddleja davidii 'Adokeep'                                  ,English Butterfly™  Adonis Blue™  Butterfly Bush,Deciduous sumr flower'g shrub,DCS,05,PW
CA,013782,BUDDLEJA DAV BLACK KNIGHT,Buddleja davidii 'Black Knight'                             ,Black Knight Butterfly Bush                                 ,Deciduous sumr flower'g shrub,DCS,05,
CA,013771,BUDDLEJA DAV PETITE INDIGO R,Buddleja davidii nanhoensis 'Mongo'                         ,Petite Indigo®  Dwarf Butterfly Bush,Deciduous sumr flower'g shrub,DCS,05,
GA,013793,BUDDLEJA DAV PINK DELIGHT,Buddleja davidii 'Pink Delight'                             ,Pink Delight Butterfly Bush                                 ,Deciduous sumr flower'g shrub,DCS,05,
CA,013561,BUDDLEJA DAV ROYAL RED,Buddleja davidii 'Royal Red'                                ,Royal Red Butterfly Bush                                    ,Deciduous sumr flower'g shrub,DCS,05,
GA,077395,BUDDLEJA MISS MOLLY PPAF,"Buddleja x 'Miss Molly' P.P.A.F., C.B.R.A.F.                ",Miss Molly Summer Lilac                                     ,Deciduous sumr flower'g shrub,DCS,05,PW
OR,013465,BUDDLEJA X ASIAN MOON,Buddleja x 'Asian Moon'                                     ,Asian Moon Summer Lilac                                     ,Deciduous sumr flower'g shrub,DCS,06,
CA,074405,BUDDLEJA X MISS RUBY PPAF,Buddleja (B.davidii x (B. davidii x B. globosa)) x (B. david,Miss Ruby Summer Lilac                                      ,Deciduous sumr flower'g shrub,DCS,05,PW
OR,041712,HYD ARB ANNABELLE,Hydrangea arborescens 'Annabelle'                           ,Annabelle Hydrangea                                         ,Hydrangea,DCS,04,
CA,074522S,HYD ARB INCREDIBALL R PP20571,"Hydrangea arborescens 'Abetwo' P.P. #20,571                 ",Incrediball®  Smooth Hydrangea,Hydrangea,DCS,03,PW
CA,019212S,HYD ARB WHITE DOME R PP14168,"Hydrangea arborescens	'Dardorn' P.P. #14,168                ",White Dome®  Hydrangea,Hydrangea,DCS,03,PW
OR,066691,POTENTILLA ABBOTSWOOD,Potentilla fruticosa 'Abbotswood'                           ,Abbotswood Potentilla                                       ,Deciduous sumr flower'g shrub,DCS,03,
OR,066782,POTENTILLA FROSTY R P10987,"Potentilla fruticosa 'Monsidh' P.P.# 10,987                 ",Frosty®  Potentilla,Deciduous sumr flower'g shrub,DCS,03,SGU
OR,066802,POTENTILLA GOLD STAR,Potentilla fruticosa 'Gold Star'                            ,Gold Star Potentilla                                        ,Deciduous sumr flower'g shrub,DCS,03,
OR,066682,POTENTILLA GOLDFINGER,Potentilla fruticosa 'Goldfinger'                           ,Goldfinger Potentilla                                       ,Deciduous sumr flower'g shrub,DCS,03,
CT,086653,POTENTILLA PINK BEAUTY P9874,Potentilla fruticosa 'Pink Beauty' P.P.# 9874               ,Pink Beauty Potentilla                                      ,Deciduous sumr flower'g shrub,DCS,03,BNI
OR,066771,POTENTILLA RED ACE,Potentilla fruticosa 'Red Ace'                              ,Red Ace Potentilla                                          ,Deciduous sumr flower'g shrub,DCS,03,
OR,066741,POTENTILLA SUNSET,Potentilla fruticosa 'Sunset'                               ,Sunset Potentilla                                           ,Deciduous sumr flower'g shrub,DCS,03,
CT,011983,SPIRAEA JAP GOLDMOUND,Spiraea japonica 'Goldmound'                                ,Goldmound Spirea                                            ,Deciduous sumr flower'g shrub,DCS,04,
OR,071251,SPIRAEA JAP LITTLE PRINCESS,Spiraea japonica 'Little Princess'                          ,Little Princess Spirea                                      ,Deciduous sumr flower'g shrub,DCS,04,
CT,071573,SPIRAEA JAP MAGIC CARPET P9363,Spiraea japonica 'Walbuma'                                  ,Magic Carpet Spirea                                         ,Deciduous sumr flower'g shrub,DCS,04,PHI
OR,071582,SPIRAEA JAP NEON FLASH,Spiraea japonica 'Neon Flash'                               ,Neon Flash Spirea                                           ,Deciduous sumr flower'g shrub,DCS,04,
GA,071282,SPIRAEA JAP SHIROBANA,Spiraea japonica 'Shirobana'                                ,Shirobana Spirea                                            ,Deciduous sumr flower'g shrub,DCS,04,
OR,071305,SPIRAEA NIPPON SNOWMOUND,Spiraea nipponica 'Snowmound'                               ,Snowmound Spirea                                            ,Deciduous sumr flower'g shrub,DCS,04,
OR,071151,SPIRAEA X ANTHONY WATERER,Spiraea x bumalda 'Anthony Waterer'                         ,Anthony Waterer Spirea                                      ,Deciduous sumr flower'g shrub,DCS,04,
GA,071172,SPIRAEA X GOLDFLAME,Spiraea x bumalda 'Goldflame'                               ,Goldflame Spirea                                            ,Deciduous sumr flower'g shrub,DCS,04,
CA,071611,SPIRAEA X VAN RENAISSANCE,Spiraea x vanhouttei 'Renaissance'                          ,Renaissance Spirea                                          ,Deciduous sumr flower'g shrub,DCS,03,
OR,086431S,SYRINGA BLOOMERNG R DK PPL PAF,"Syringa x 'SMSJBP7' P.P.A.F., Can P.B.R.A.F.                ",Bloomerang®  Dark Purple Lilac,Deciduous early flower'g Shrub,DCS,03,PW
OR,074681S,SYRINGA BLOOMERNG R PUR P20575,"Syringa x 'Penda' P.P. #20,575, Can. P.P. 4071              ",Bloomerang®  Purple Lilac,Deciduous early flower'g Shrub,DCS,03,PW
CT,071863,SYRINGA MEYERI PALIBIN,Syringa meyeri 'Palibin'                                    ,Dwarf Korean Lilac                                          ,Deciduous early flower'g Shrub,DCS,03,
OR,071972,SYRINGA PATULA,Syringa pubescens subsp. patula                             ,Korean Lilac                                                ,Deciduous early flower'g Shrub,DCS,04,
CT,072025,SYRINGA PATULA MISS KIM,Syringa pubescens subsp. patula 'Miss Kim'                  ,Miss Kim Korean Lilac                                       ,Deciduous early flower'g Shrub,DCS,04,
CT,071937,SYRINGA RET IVORY SILK,Syringa reticulata 'Ivory Silk' (C.O.P.F. 845240)           ,Ivory Silk Japanese Tree Lilac                              ,Deciduous early flower'g Shrub,DCS,04,
CT,406867,SYRINGA RET SNWDNC TM P20458,"Syringa reticulata 'Bailnce' P.P.# 20,458                   ",First Editions®  Snowdance™  Japanese Tree Lilac,Deciduous early flower'g Shrub,DCS,03,BNI
CT,086423S,SYRINGA SCNT & SNSIBILTY TM PK,Syringa x 'Scent and Sensibility' PPAF                      ,Scent and Sensibility™  Pink Lilac,Deciduous early flower'g Shrub,DCS,03,PW
CT,406815,SYRINGA SGR PLM FAIRY R P15588,"Syringa vulgaris 'Bailsugar' PP#15,588                      ",Sugar Plum Fairy®  Lilac,Deciduous early flower'g Shrub,DCS,03,BNI
CT,012165,SYRINGA TINKERBELLE TM PP12294,"Syringa x 'Bailbelle' PP #12,294                            ",Tinkerbelle®  Lilac,Deciduous early flower'g Shrub,DCS,03,BNI
OR,071805,SYRINGA V ANGEL WHITE,Syringa vulgaris 'Angel White' (Descanso Hybrid)            ,Angel White Lilac                                           ,Deciduous early flower'g Shrub,DCS,03,
OR,071791S,SYRINGA V BLUE SKIES R,Syringa vulgaris 'Monore'                                   ,Blue Skies®  Lilac,Deciduous early flower'g Shrub,DCS,03,
OR,072105,SYRINGA V CHARLES JOLY,Syringa vulgaris 'Charles Joly'                             ,Charles Joly Lilac                                          ,Deciduous early flower'g Shrub,DCS,03,
OR,072151S,SYRINGA V LAVENDER LADY,Syringa vulgaris 'Lavender Lady'                            ,Lavender Lady Lilac                                         ,Deciduous early flower'g Shrub,DCS,03,
OR,072165,SYRINGA V SENSATION,Syringa vulgaris 'Sensation'                                ,Sensation Lilac                                             ,Deciduous early flower'g Shrub,DCS,03,
CT,406923,SYRINGA V TINY DANCER TM,Syringa vulgaris 'Elsdancer'                                ,Tiny Dancer™  Lilac,Deciduous early flower'g Shrub,DCS,03,PNL
CT,406895,SYRINGA VULGARIS,Syringa vulgaris                                            ,Common Purple Lilac                                         ,Deciduous early flower'g Shrub,DCS,03,
CT,077513S,WEIGELA FL SPILLED WINE TM PAF,Weigela florida 'Bokraspiwi' P.P.A.F.                       ,Spilled Wine™  Weigela,Deciduous sumr flower'g shrub,DCS,04,PW
OR,076562S,WEIGELA FL WINE&ROSES R P10772,"Weigela florida 'Alexandra' P.P. #10,772, C.B.R. #2,642     ",Wine & Roses®  Weigela,Deciduous sumr flower'g shrub,DCS,04,PW
OR,017571,WEIGELA MAGICAL R FNTSY P13567,Weigela florida 'Kolsunn' P.P.# 13567                       ,Magical®  Fantasy Weigela,Deciduous sumr flower'g shrub,DCS,04,PNL
CT,407353,WEIGELA SHNG SENSATION TM PPAF,Weigela florida 'Bokrashine' P.P.A.F.                       ,First Editions®  Shining Sensation Weigela,Deciduous sumr flower'g shrub,DCS,04,BNI
OR,080941S,WEIGELA SONIC BLOOM TM PNK PAF,Weigela florida 'Bokrasopin' P.P.A.F.                       ,Sonic Bloom™  Pink Reblooming Weigela,Deciduous sumr flower'g shrub,DCS,04,PW
CT,080933S,WEIGELA SONIC BLOOM TM RED PAF,Weigela florida 'Verweil4' P.P.A.F.                         ,Sonic Bloom™  Red Reblooming Weigela,Deciduous sumr flower'g shrub,DCS,04,PW
GA,066375,PLUMBAGO ROYAL CAPE R,Plumbago auriculata 'Monott'                                ,Royal Cape®  Plumbago,Evergreen sumr flower'g shrub,EVS,09,
GA,058241,ACHILLEA APRICOT DLGHT PP18738,"Achillea millefolium 'Apricot Delight' P.P.# 18,738         ",Tutti Frutti Apricot Delight Yarrow                         ,Mid/late border flowering,PRN,03,
GA,05856UT,ACHILLEA MILL APPLEBLOSSOM,Achillea millefolium 'Appleblossom'                         ,Appleblossom Yarrow                                         ,Mid/late border flowering,PRN,03,
OR,407531,ACHILLEA MILL PRETTY BELINDA,Achillea millefolium 'Pretty Belinda'                       ,Pretty Belinda Yarrow                                       ,Mid/late border flowering,PRN,03,
OR,029061,ACHILLEA MILL RED VELVET,Achillea millefolium 'Red Velvet'                           ,Red Velvet Yarrow                                           ,Mid/late border flowering,PRN,03,
GA,024961,ACHILLEA MILL SUMMERWINE,Achillea millefolium 'Summerwine'                           ,Summerwine Yarrow                                           ,Mid/late border flowering,PRN,03,
OR,000511,ACHILLEA OERTEL'S ROSE,Achillea millefolium 'Oertel's Rose'                        ,Oertel's Rose Yarrow                                        ,Mid/late border flowering,PRN,03,
OR,058251,ACHILLEA STRWBRY SDCTN P18401,"Achillea millefolium 'Strawberry Seduction' P.P.# 18,401    ",Strawberry Seduction Yarrow                                 ,Mid/late border flowering,PRN,03,
GA,000561,ACHILLEA X CORONATION GOLD,Achillea x 'Coronation Gold'                                ,Coronation Gold Yarrow                                      ,Mid/late border flowering,PRN,02,
OR,001351,ACHILLEA X MOONSHINE,Achillea x 'Moonshine'                                      ,Moonshine Yarrow                                            ,Mid/late border flowering,PRN,03,
CA,058471,AGASTACHE AUR APRICOT SPRITE,Agastache aurantiaca 'Apricot Sprite'                       ,Apricot Sprite Hyssop                                       ,Mid/late interm. flowering,PRN,05,
CA,059041,AGASTACHE HEATWAVE PP19662,"Agastache 'Heatwave' P.P.#19,662                            ",Heatwave Hyssop                                             ,Mid/late interm. flowering,PRN,05,
CT,400521,AGASTACHE HYB BLUE BOA PP24050,"Agastache x 'Blue Boa' P.P. #24,050                         ",Blue Boa Hummingbird Mint                                   ,Mid/late interm. flowering,PRN,05,TNN
CT,412521,AGASTACHE KUDOS GOLD PPAF,Agastache 'Kudos Gold' P.P.A.F.                             ,Kudos Gold dwarf hummingbird mint                           ,Mid/late interm. flowering,PRN,05,TNN
OR,408331,AGASTACHE LITTLE ADDER PPAF,Agastache rugosa 'Little Adder' P.P.A.F.                    ,Little Adder Hummingbird Mint                               ,Mid/late interm. flowering,PRN,05,BHC
GA,021251,AGASTACHE X BLUE FORTUNE,Agastache 'Blue Fortune'                                    ,Blue Fortune Hyssop                                         ,Mid/late interm. flowering,PRN,05,
CT,084921S,AGASTACHE X BOLERO,Agastache 'Bolero'                                          ,Bolero Hyssop                                               ,Mid/late interm. flowering,PRN,05,
GA,065991,ANEMONE SEPTEMBER CHARM,Anemone x hybrida 'September Charm'                         ,September Charm Japanese Anemone                            ,Mid/late border flowering,PRN,04,
OR,002741,ANEMONE SYLVESTRIS,Anemone sylvestris                                          ,Snowdrop Anemone                                            ,Mid/late border flowering,PRN,02,
GA,015931,ANEMONE X HONORINE JOBERT,Anemone x hybrida 'Honorine Jobert'                         ,Honorine Jobert Japanese Anemone                            ,Mid/late border flowering,PRN,04,
OR,038561,ANEMONE X SERENADE,Anemone x hybrida 'Serenade'                                ,Serenade Japanese Anemone                                   ,Mid/late border flowering,PRN,04,
GA,039021,ANEMONE X WILD SWAN TM PP23132,"Anemone x 'Macane001' Wild Swan™  P.P.# 23,132",Wild Swan™  Hybrid Anemone,Mid/late border flowering,PRN,06,PPP
CA,066342,ASCLEPIAS CUR SILKY GOLD,Asclepias curassavica 'Silky Gold'                          ,Silky Gold Milkweed                                         ,Mid/late tall flowering,PRN,08,
OR,003401,ASTER ALMA POTSCHKE,Aster novae-angliae 'Alma Potschke'                         ,Alma Potschke New England Aster                             ,Mid/late border flowering,PRN,04,
CT,003411,ASTER PURPLE DOME,Aster novae-angliae 'Purple Dome'                           ,Purple Dome New England Aster                               ,Mid/late border flowering,PRN,04,
CT,023891,ASTER WOOD'S BLUE,Aster novi-belgii 'Wood's Blue'                             ,Wood's Blue New York Aster                                  ,Mid/late border flowering,PRN,04,
OR,001531,ASTER WOOD'S PINK,Aster novi-belgii 'Wood's Pink'                             ,Woods Pink New York Aster                                   ,Mid/late border flowering,PRN,04,
CA,002192,BAPTISIA AUSTRALIS,Baptisia australis                                          ,Blue False Indigo                                           ,Mid/late tall flowering,PRN,03,
GA,412551,BAPTISIA PRAIRIEBLUES TM MDNGT,Baptisia 'Midnight' P.P.# 20432                             ,Midnight Prairieblues™  Indigo,Mid/late tall flowering,PRN,04,
GA,401061,BAPTISIA SOLAR FLARE PP20408,"Baptisia 'Solar Flare' Prairieblues™  P.P.# 20,408",Solar Flare Prairieblues™ ,Mid/late tall flowering,PRN,04,
GA,401081,BAPTISIA TWILITE PP19011,Baptisia x variicolor 'Twilite' P.P.# 19011                 ,Twilite Prairieblues™  False Indigo,Mid/late tall flowering,PRN,04,
CT,022021,BERGENIA COR WINTERGLOW,Bergenia cordifolia 'Winterglut'                            ,Winterglow Bergenia                                         ,Shade foliage/flower,PRN,03,
CT,035381,BRUNNERA MAC JACK FROST P13859,Brunnera macrophylla 'Jack Frost' P.P.# 13859               ,Jack Frost Siberian Bugloss                                 ,Shade foliage/flower,PRN,03,Y
OR,013651,BRUNNERA MAC VARIEGATA,Brunnera macrophylla 'Variegata'                            ,Variegated Siberian Bugloss                                 ,Shade foliage/flower,PRN,03,
GA,077561,CALAMINTHA NEP MONTROSE WHITE,Calamintha nepeta 'Montrose White'                          ,Montrose White Dwarf Calamint                               ,Mid/late interm. flowering,PRN,05,Y
GA,025791,CAMPANULA BLU WATERFALL P13161,Campanula poscharskyana 'Camgood' P.P.# 13161               ,Blue Waterfall Serbian Bellflower                           ,Mid/late border flowering,PRN,04,OLD
OR,02235UT,CAMPANULA CAR DEEP BLUE CLIPS,Campanula carpatica 'Deep Blue Clips'                       ,Deep Blue Clips Bellflower                                  ,Mid/late border flowering,PRN,04,
CT,003891,CAMPANULA CAR WHITE CLIPS,Campanula carpatica 'White Clips'                           ,White Clips Bellflower                                      ,Mid/late border flowering,PRN,04,
CT,408421,CAMPANULA GLOM GENTI BLUE PPAF,Campanula glomerata 'Genti Blue'                            ,Genti Blue Bellflower                                       ,Mid/late border flowering,PRN,04,Y
OR,022361,CAMPANULA PORTENSCHLAGIANA,Campanula portenschlagiana                                  ,Dalmatian Bellflower                                        ,Mid/late border flowering,PRN,04,
OR,032431,CAMPANULA PUN CHERRY BELLS,Campanula punctata 'Cherry Bells'                           ,Cherry Bells Bellflower                                     ,Mid/late border flowering,PRN,04,
OR,038611,CAMPANULA SAMANTHA,Campanula 'Samantha'                                        ,Samantha Bellflower                                         ,Mid/late border flowering,PRN,05,
GA,029212,CANNA TROP BLACK TM PP21350,"Canna indica 'Lon01' P.P.#21,350                            ",Tropicanna®  Black Canna,Tropical perennial,PRN,07,ATI
CA,017411,CANNA TROPICANNA GLD TM P13809,"Canna indica 'Mactro' P.P.# 13,809                          ",Tropicanna®  Gold Canna,Tropical perennial,PRN,07,ATI
GA,022482,CANNA TROPICANNA TM PP10569,"Canna indica 'Phasion' P.P.# 10,569                         ",Tropicanna®  Canna,Tropical perennial,PRN,07,ATI
OR,023481,CERATOSTIGMA PLUMBAGINOIDES,Ceratostigma plumbaginoides                                 ,Dwarf Plumbago                                              ,Mid/late interm. flowering,PRN,05,
GA,412571,CHRY (LEU) REAL GALAXY PPAF,Chrysanthemum 'Real Galaxy' P.P.A.F.                        ,Real Galaxy Shasta Daisy                                    ,Mid spring interm. flowering,PRN,05,PHI
CT,407861,CHRY (LEUCA) X REAL GLORY,Chrysanthemum 'Real Glory' P.P.A.F.                         ,Real Glory Shasta Daisy                                     ,Mid spring interm. flowering,PRN,05,
CT,404522,CHRY (LEUCA) X SUP MONTAUK,Leucanthemum x superbum 'Montauk'                           ,Montauk Shasta Daisy                                        ,Mid spring interm. flowering,PRN,05,
CT,40159UT,CHRYS (LEUCANTH) X FREAK PPAF,Chrysanthemum (Leucanthemum x superbum 'Leuzoo1' P.P.A.F.   ,Freak! Shasta Daisy                                         ,Mid spring interm. flowering,PRN,05,
OR,023021,CHRYS (LEUCANTH) X SUP BECKY,Chrysanthemum x superbum 'Becky'                            ,Becky Shasta Daisy                                          ,Mid spring interm. flowering,PRN,05,
CT,02661UT,CHRYS (LEUCANTH) X SUP CRAZY,Leucanthemum x superbum 'Crazy Daisy' P.P.A.F.              ,Crazy Shasta Daisy                                          ,Mid spring interm. flowering,PRN,05,
OR,004221,CHRYS (LEUCANTH) X SUP SNOWCAP,Chrysanthemum x superbum 'Snowcap' (Leucanthemum)           ,Snowcap Shasta Daisy                                        ,Mid spring interm. flowering,PRN,05,
GA,078721,CORE BIGBANG TM CSMC EY P22601,"Coreopsis x 'Cosmic Eye' P.P.#22,601                        ",Big Bang™  Cosmic Eye Tickseed,Mid/late border flowering,PRN,05,SBN
CA,088891,CORE BIGBANG TM MRCRY RSNG PAF,Coreopsis x 'Mercury Rising' P.P.A.F.                       ,Big Bang™  Mercury Rising Tickseed,Mid/late border flowering,PRN,05,SBN
OR,068081,CORE BIGBANG TM RDSHFT PP20412,"Coreopsis x 'Redshift' P.P.# 20,412                         ",Big Bang™  Redshift Tickseed,Mid/late border flowering,PRN,05,SBN
GA,018401,CORE CRUZIN' TM BROAD STRT PAF,"Coreopsis verticillata 'Broad Street' P.P. #24,598          ",Broad Street Tickseed (Cruizin' Series)                     ,Mid/late border flowering,PRN,05,ITS
CT,018421,CORE CRUZIN' TM ELCTRC AVE PAF,"Coreopsis verticillata 'Electric Avenue' P.P.#24,688        ",Electric Avenue Tickseed (Cruizin' Series)                  ,Mid/late border flowering,PRN,05,ITS
GA,018411,CORE CRUZIN' TM MAIN STRT PAF,"Coreopsis verticillata 'Main Street' P.P.#24,562            ",Main Street Tickseed (Cruizin' Series)                      ,Mid/late border flowering,PRN,05,ITS
CT,027911,CORE GRA FLYING SAUCERS P10299,Coreopsis grandiflora 'Flying Saucers' P.P.# 10299          ,Flying Saucers Tickseed                                     ,Mid/late border flowering,PRN,05,PHI
CT,408551,CORE LIL' BANG TM DAYBREAK PAF,Coreopsis 'Daybreak' P.P.A.F.                               ,Lil' Bang™  Daybreak Tickseed,Mid/late border flowering,PRN,05,SBN
GA,408541,CORE LIL' BANG TM RED ELF,Coreopsis x 'Red Elf' P.P.A.F.                              ,Lil' Bang™  Red Elf Tickseed,Mid/late border flowering,PRN,05,SBN
CT,408531,CORE LIL' BANG TM STARLIGHT,Coreopsis 'Starlight' P.P.A.F.                              ,Lil' Bang™  Starlight Tickseed,Mid/late border flowering,PRN,05,SBN
GA,02795UT,COREOPSIS AURICULATA NANA,Coreopsis auriculata 'Nana'                                 ,Dwarf Tickseed                                              ,Mid/late border flowering,PRN,04,
GA,02898UT,COREOPSIS AURICULATA ZAMPHIR,Coreopsis auriculata 'Zamphir'                              ,Zamphir Dwarf Tickseed                                      ,Mid/late border flowering,PRN,04,
GA,00659UT,COREOPSIS GRAND 'HELIOT',Coreopsis grandiflora 'Heliot'                              ,Heliot Largeflower Tickseed                                 ,Mid/late border flowering,PRN,04,
GA,05934UT,COREOPSIS GRAND RISING SUN,Coreopsis grandiflora 'Rising Sun'                          ,Rising Sun Tickseed                                         ,Mid/late border flowering,PRN,04,OLD
GA,048081,COREOPSIS JETHRO TULL PP18789,Coreopsis 'Jethro Tull' P.P.# 18789                         ,Jethro Tull Tickseed                                        ,Mid/late border flowering,PRN,05,
GA,073891,COREOPSIS PINK LEMNADE PP18265,"Coreopsis 'Pink Lemonade' P.P. #18,265                      ",Pink Lemonade Tickseed                                      ,Mid/late border flowering,PRN,09,TNN
GA,072851,COREOPSIS RUBY FROST PP21758,Coreopsis 'Ruby Frost' P.P.#21758                           ,Ruby Frost Tickseed                                         ,Mid/late border flowering,PRN,06,TNN
OR,058261,COREOPSIS VER ROUTE 66 PP20609,"Coreopsis verticillata 'Route 66' P.P.# 20,609              ",Route 66 Tickseed (Cruizin' Series)                         ,Mid/late border flowering,PRN,05,
CT,027962,COREOPSIS VERT MOONBEAM,Coreopsis verticillata 'Moonbeam'                           ,Moonbeam Threadleaf Tickseed                                ,Mid/late border flowering,PRN,03,
OR,027971,COREOPSIS VERT ZAGREB,Coreopsis verticillata 'Zagreb'                             ,Zagreb Threadleaf Tickseed                                  ,Mid/late border flowering,PRN,03,
GA,017361,COREOPSIS X TQUILA SNRIS P9875,Coreopsis x 'Tequila Sunrise' P.P.# 9875                    ,Tequila Sunrise Tickseed                                    ,Mid/late border flowering,PRN,03,
GA,030121,CUPHEA HYS ITSY BITSY R ROSE,Cuphea hyssopifolia 'MonTroy'                               ,Itsy Bitsy®  Rose False Heather,Evergreen sumr flower'g shrub,PRN,09,STR
CA,033711,CUPHEA HYS RIVERDENE GOLD PPAF,Cuphea x hyssopifolia 'Riverdene Gold' P.P.A.F.             ,Riverdene Gold False Heather                                ,Evergreen sumr flower'g shrub,PRN,09,OLD
GA,030491,CUPHEA HYSSOPIFOLIA,Cuphea hyssopifolia                                         ,Mexican Heather                                             ,Evergreen sumr flower'g shrub,PRN,08,
CA,032891,CUPHEA LLAVEA,Cuphea llavea                                               ,Bat Face Cuphea                                             ,Evergreen sumr flower'g shrub,PRN,09,
CA,093881,CUPHEA LLAVEA CHA CHA PPAF,Cuphea llavea 'Cha Cha'                                     ,Cha Cha Bat Face Cuphea                                     ,Evergreen sumr flower'g shrub,PRN,08,PHI
CA,093891,CUPHEA LLAVEA RUMBA PP17213,"Cuphea llavea 'Flamenco Rumba' P.P. #17,213                 ",Flamenco Rumba Cuphea                                       ,Evergreen sumr flower'g shrub,PRN,08,PHI
CA,084121,CUPHEA MICROPETALA,Cuphea micropetala                                          ,Candy Corn Plant                                            ,Evergreen sumr flower'g shrub,PRN,08,
GA,00459UT,DELPHINIUM GRAND BLUE MIRROR,Delphinium grandiflorum 'Blue Mirror'                       ,Blue Mirror Delphinium                                      ,Mid/late tall flowering,PRN,03,
OR,067631,DIANTHUS BAR OESCHBERG,Dianthus barbatus 'Oeschberg'                               ,Oeschberg Sweet William                                     ,Mid spring border flowering,PRN,04,
CT,029701,DIANTHUS BRILLIANT STAR P13025,Dianthus 'Brilliant Star' P.P.# 13025                       ,Brilliant Star Maiden Pink                                  ,Mid spring border flowering,PRN,04,
CA,090221,DIANTHUS COSMIC TM PK SWRL PAF,Dianthus x 'Pink Swirl'                                     ,Cosmic™  Pink Swirl Dianthus,Mid spring border flowering,PRN,06,
CA,090211,DIANTHUS COSMIC TM RD SWRL PAF,Dianthus x 'Red Swirl' P.P.A.F.                             ,Cosmic™  Red Swirl Dianthus,Mid spring border flowering,PRN,06,
GA,05968UT,DIANTHUS FIRE STAR PP14895,Dianthus 'Fire Star' P.P.# 14895                            ,Fire Star Maiden Pink                                       ,Mid spring border flowering,PRN,05,
OR,067731,DIANTHUS FIRST LOVE R,Dianthus First Love® ,First Love®  Cheddar Pink,Mid spring border flowering,PRN,03,PLC
OR,031331,DIANTHUS FROSTY FIRE,Dianthus x 'Frosty Fire'                                    ,Frosty Fire Cheddar Pink                                    ,Mid spring border flowering,PRN,02,
GA,00472UT,DIANTHUS GRAT FIREWITCH,Dianthus gratianapolitanus 'Firewitch'                      ,Firewitch Cheddar Pink                                      ,Mid spring border flowering,PRN,03,
CA,004741,DIANTHUS GRAT MOUNTAIN MIST,Dianthus gratianopolitanus 'Mountain Mist'                  ,Mountain Mist Cheddar Pink                                  ,Mid spring border flowering,PRN,03,
GA,04596UT,DIANTHUS NEON STAR PP14549,Dianthus x 'Neon Star' P.P.# 14549                          ,Neon Star Maiden Pink                                       ,Mid spring border flowering,PRN,04,
CA,094501,DIANTHUS RASP SURPRISE PP16029,"Dianthus 'Devon Yolande' P.P. #16,029                       ",Raspberry Surprise Maiden Pink                              ,Mid spring border flowering,PRN,04,
GA,03647UT,DIANTHUS RASPBRY SWIRL PP14377,Dianthus 'Raspberry Swirl' P.P.# 14377                      ,Raspberry Swirl Maiden Pink                                 ,Mid spring border flowering,PRN,05,PHI
OR,042771,DIANTHUS WINK,Dianthus 'Wink'                                             ,Wink Maiden Pink                                            ,Mid spring border flowering,PRN,03,NSA
CT,00480UT,DICENTRA BURNINGHEARTS PP20797,Dicentra 'Burning Hearts' P.P.A.F.                          ,Burning Hearts Bleeding Heart                               ,Early spring border flowering,PRN,04,
CT,402301,DICENTRA IVORY HEARTS P15599,"Dicentra 'Ivory Hearts' PP 15,599                           ",Ivory Hearts Bleeding Heart                                 ,Early spring border flowering,PRN,04,PPP
CT,00481UT,DICENTRA KING OF HEARTS,Dicentra x 'King of Hearts'                                 ,King Of Hearts Bleeding Heart                               ,Early spring border flowering,PRN,02,
OR,004901,DICENTRA SP VALENTINE R P22739,"Dicentra spectabilis 'Hordival' P.P.#22,739                 ",Valentine®  Bleeding Heart,Mid spring border flowering,PRN,03,PPP
OR,035621,DICENTRA SPEC GOLD HEART,Dicentra spectabilis 'Gold Heart'                           ,Gold Heart Bleeding Heart                                   ,Early spring border flowering,PRN,03,
OR,402361,ECHIN DBL SCP TM BBLGM PP23103,"Echinacea x 'Balscblum' P.P. #23, 103                       ",Double Scoop™  Bubble Gum Echinacea,Mid/late interm. flowering,PRN,04,BHC
OR,412611,ECHIN DBL SCP TM CRANBRY PPAF,"Echinacea x purpurea 'Balscanery' P.P.# 24,769              ",Double Scoop™  Cranberry Echinacea,Mid/late interm. flowering,PRN,04,BHC
GA,402351,ECHIN DBL SCP TM RSPBRY P23117,"Echinacea x 'Balsceras' P.P.# 23, 117                       ",Double Scoop™  Raspberry Cone Flower,Mid/late interm. flowering,PRN,04,BHC
CT,007051,ECHIN SUPREME CANTALOUPE PPAF,Echinacea 'Supreme Cantaloupe' P.P.A.F.                     ,Supreme Cantaloupe Cone Flower                              ,Mid/late interm. flowering,PRN,04,
CT,412621,ECHIN SUPREME FLAMINGO,"Echinacea purpurea 'Flamingo' P.P. 24,898                   ",Supreme™  Flamingo Echinacea,Mid/late interm. flowering,PRN,04,
CT,407711,ECHIN VANILLA CUPCAKE,"Echinacea 'Vanilla Cupcake' P.P. 24,506                     ",Vanilla Cupcake™  Echinacea,Mid/late interm. flowering,PRN,05,
GA,08702UT,ECHINACEA CHEYENNE SPIRIT,Echinacea hybrida 'Cheyenne Spirit'                         ,Cheyenne Spirit Echinacea                                   ,Mid/late interm. flowering,PRN,04,
GA,054441,ECHINACEA FLAME THROWER P21932,"Echinacea purpurea 'Flame Thrower' P.P.# 21, 932            ",Flame Thrower Echinacea                                     ,Mid/late interm. flowering,PRN,04,OLD
OR,004891,ECHINACEA KIMS KNEE HI PP12242,Echinacea purpurea 'Kim's Knee High' P.P. #12242            ,Kim's Knee High Purple Coneflower                           ,Mid/late interm. flowering,PRN,04,SBN
OR,047511,ECHINACEA PNK DBL DLITE P18803,Echinacea purpurea 'Pink Double Delight' P.P.A.F            ,Pink Double Delight Cone Flower                             ,Mid/late interm. flowering,PRN,04,OLD
GA,003121,ECHINACEA POWWOW R WHITE,"Echinacea purpurea 'PAS702918' P.P. #7,982,110              ",PowWow®  White Coneflower,Mid/late interm. flowering,PRN,03,
CT,002991,ECHINACEA POWWOW R WILDBERRY,Echinacea purpurea 'PAS702917'                              ,PowWow®  Wild Berry Coneflower,Mid/late interm. flowering,PRN,03,
OR,043402,ECHINACEA PRAIRIE SPLENDOR,Echinacea purpurea 'Prairie Splendor'                       ,Prairie Splendor Coneflower                                 ,Mid/late interm. flowering,PRN,03,
CT,059741S,ECHINACEA PUR HOT PAPAYA PPAF,Echinacea purpurea 'Hot Papaya'                             ,Hot Papaya Coneflower                                       ,Mid/late interm. flowering,PRN,04,
CT,031772,ECHINACEA PUR MAGNUS,Echinacea purpurea 'Magnus'                                 ,Magnus Purple Coneflower                                    ,Mid/late interm. flowering,PRN,04,
CT,039581,ECHINACEA PUR MERLOT PP18814,Echinacea purpurea 'Merlot' P.P.# 18814                     ,Merlot Coneflower                                           ,Mid/late interm. flowering,PRN,04,
OR,01822UT,ECHINACEA PUR RUBY STAR,Echinacea purpurea 'Ruby Star'                              ,Ruby Star Coneflower                                        ,Mid/late interm. flowering,PRN,04,
CT,033672,ECHINACEA PUR WHITE SWAN,Echinacea purpurea 'White Swan'                             ,White Swan Coneflower                                       ,Mid/late interm. flowering,PRN,03,
GA,036281,ECHINACEA SUNDOWN TM PP17659,Echinacea x 'Evan Saul' P.P.# 17659                         ,Sundown Big Sky™  Series Coneflower,Mid/late interm. flowering,PRN,04,OLD
OR,032021,EPIMEDIUM GRAND ROSE QUEEN,Epimedium grandiflorum 'Rose Queen'                         ,Rose Queen Bishop's Hat                                     ,Shade foliage/flower,PRN,04,
GA,077591,ERYSIMUM GLOW TM ORANGE,Erysimum x hybrida 'Orange'                                 ,Glow™  Orange Wallflower,Early spring border flowering,PRN,05,Y
CA,077581,ERYSIMUM JENNY BROOK PP20253,"Erysimum 'Jenny Brook' P.P. #20,253 C.P.B.R.                ",Jenny Brooks Wallflower                                     ,Early spring border flowering,PRN,07,Y
GA,084631,ERYSIMUM LIN VARIEGATUM,Erysimum linifolium 'Variegatum'                            ,Variegated Wallflower                                       ,Mid spring border flowering,PRN,06,
CT,402502,EUPATORIUM MAC BABY JOE,"Eupatorium purpureum 'Baby Joe' P.P.#20,320                 ",Baby Joe Dwarf Pye Weed                                     ,Mid/late tall flowering,PRN,04,
GA,03571UT,GAILLARDIA ARIZONA SUN,Gaillardia x 'Arizona Sun'                                  ,Arizona Sun Blanket Flower                                  ,Mid spring border flowering,PRN,03,
OR,412631,GAILLARDIA FANFARE CITRNLA PAF,Gaillardia 'Fanfare Citronella'                             ,Fanfare Citronella Blanket Flower                           ,Mid spring border flowering,PRN,03,PHI
CT,412641,GAILLARDIA FANFARE REGAL PPAF,                                                            ,Fanfare Regal Blanket Flower                                ,Mid spring border flowering,PRN,03,PHI
GA,004051,GAILLARDIA MESA BRIGHT BICOLOR,Gaillardia x grandiflora 'Mesa Bright Bicolor'              ,Mesa Bright Bicolor Blanket Flower                          ,Mid spring border flowering,PRN,04,
GA,412651,GAILLARDIA SUNSET CANDY PPAF,Gaillardia x grandiflora 'Sunset Candy'                     ,Sunset Candy Blanket Flower                                 ,Mid spring border flowering,PRN,05,PHI
OR,408811,GAILLARDIA SUNSET CELEBRATION,Gaillardia x grandiflora 'Celebration' P.P.A.F.             ,Celebration Blanket Flower                                  ,Mid spring border flowering,PRN,05,PHI
GA,408761,GAILLARDIA SUNSET CUTIE PPAF,Gaillardia x grandiflora 'Sunset Cutie'                     ,Sunset Cutie Blanket Flower                                 ,Mid spring border flowering,PRN,05,PHI
OR,408751,GAILLARDIA SUNSET FLASH PPAF,Gaillardia x grandiflora 'Sunset Flash'                     ,Sunset Flash Blanket Flower                                 ,Mid spring border flowering,PRN,05,PHI
OR,408801,GAILLARDIA SUNSET SNAPPY PPAF,Gaillardia x grandiflora 'Sunset Snappy'                    ,Sunset Snappy Blanket Flower                                ,Mid spring border flowering,PRN,05,PHI
GA,060821,GAILLARDIA X GRAN MESA YELLOW,Gaillardia x grandiflora 'Mesa Yellow'                      ,Mesa Yellow Blanket Flower                                  ,Mid spring border flowering,PRN,05,
CA,058861,GAURA L GEYSER WHITE,Gaura lindheimeri 'Geyser White'                            ,Geyser White Gaura                                          ,Mid spring interm. flowering,PRN,05,
GA,412661,GAURA L LITTLE JANIE,Gaura lindhemeri 'Little Janie' P.P.A.F.                    ,Little Janie Gaura                                          ,Mid spring interm. flowering,PRN,06,
CA,028091,GAURA L PINK CLOUD,Gaura lindheimeri 'Pink Cloud'                              ,Pink Cloud Gaura                                            ,Mid spring interm. flowering,PRN,06,
GA,03796UT,GAURA L SISKIYOU PINK,Gaura lindheimeri 'Siskiyou Pink'                           ,Siskiyou Pink Gaura                                         ,Mid spring interm. flowering,PRN,05,
GA,036481,GAURA PASSIONATE RAINBW P17002,"Gaura lindheimeri 'Passionate Rainbow' P.P.# 17,002         ",Passionate Rainbow Gaura                                    ,Mid spring interm. flowering,PRN,06,PHI
CT,412821,HELENIUM AUT CAN CAN,Helenium autumnale 'Can Can'                                ,Can Can Sneezeweed                                          ,Mid/late interm. flowering,PRN,04,BHC
CT,025802,HELENIUM MARDI GRAS PP15124,"Helenium 'Helbro' P.P.#15,124                               ",Mardi Gras Sneezeweed                                       ,Mid/late interm. flowering,PRN,04,
CT,412831,HELENIUM SAHINS EARLY FLOWERER,Helenium 'Sahin's Early Flowerer'                           ,Sahin's Early Flowerer Sneezeweed                           ,Mid/late interm. flowering,PRN,04,
CA,040001,HELIOTROPIUM ARB IOWA,Heliotropium arborescens 'Iowa'                             ,Iowa Heliotrope                                             ,Mid spring interm. flowering,PRN,09,
CT,086671,KNIPH LEMON POPSICLE TM PPAF,"Kniphofia 'Lemon Popsicle' P.P. 24,01                       ",Lemon Popsicle Red Hot Poker                                ,Mid/late interm. flowering,PRN,06,
CT,080271,KNIPH REDHOT POPSICLE TM PPAF,Kniphofia 'Redhot Popsicle' P.P.A.F.                        ,Redhot Popsicle™  Poker,Mid/late interm. flowering,PRN,05,
GA,06215UT,KNIPHOFIA BORDER BALLET,Kniphofia 'Border Ballet'                                   ,Border Ballet Torch Flower                                  ,Mid/late interm. flowering,PRN,05,
OR,043121,KNIPHOFIA HIR FIRE DANCE,Kniphofia hirsuta 'Fire Dance'                              ,Fire Dance Dwarf Poker                                      ,Mid/late interm. flowering,PRN,04,
CT,024901,LAMIUM M PURPLE DRAGON P15890,Lamium maculatum 'Purple Dragon' P.P.# 15890                ,Purple Dragon Dead Nettle                                   ,Ground cover,PRN,04,HOR
CT,02489UT,LAMIUM MAC BEACON SILVER,Lamium maculatum 'Beacon Silver'                            ,Beacon Silver Dead Nettle                                   ,Ground cover,PRN,04,
CT,009081,LAMIUM ORCHID FROST PP11122,Lamium maculatum 'Orchid Frost' P.P.# 11122                 ,Orchid Frost Spotted Dead Nettle                            ,Ground cover,PRN,04,PHI
CA,056612,LANTANA CAM AMERICAN RED,Lantana camara 'American Red'                               ,American Red Bush Lantana                                   ,Evergreen trop flower'g shrub,PRN,09,
GA,056641,LANTANA CAM MARY ANN,Lantana 'Mary Ann'                                          ,Mary Ann Lantana                                            ,Evergreen trop flower'g shrub,PRN,07,DLC
GA,05684UT,LANTANA CAM MISS HUFF,Lantana camara 'Miss Huff'                                  ,Miss Huff Hardy Lantana                                     ,Evergreen trop flower'g shrub,PRN,07,
GA,009131,LANTANA CAM MOZELLE,Lantana camara 'Mozelle'                                    ,Mozelle Lantana                                             ,Evergreen trop flower'g shrub,PRN,10,
CA,056851,LANTANA CAM RADIATION,Lantana camara 'Radiation'                                  ,Radiation Bush Lantana                                      ,Evergreen trop flower'g shrub,PRN,09,
CA,056635PT,LANTANA CHAPEL HILL YLW P19548,"Lantana 'Chapel Hill Yellow' P.P.# 19,548                   ",Chapel Hill Yellow Lantana                                  ,Evergreen trop flower'g shrub,PRN,08,BNI
GA,056951,LANTANA CONFETTI TM,Lantana x 'Moni'                                            ,Confetti™  Spreading Lantana,Evergreen trop flower'g shrub,PRN,09,
CA,009091,LANTANA NEW GOLD,Lantana x 'New Gold'                                        ,New Gold Lantana                                            ,Evergreen trop flower'g shrub,PRN,10,
GA,056881,LANTANA PAT TM RAINBOW PP9837,"Lantana camara 'Robpatrai' P.P.# 9,837                      ",Patriot™  Rainbow Compact Lantana,Evergreen trop flower'g shrub,PRN,09,RAI
CA,057231,LANTANA S LAVENDER SWIRL R,Lantana sellowiana 'Monswee'                                ,Lavender Swirl®  Trailing Lantana,Evergreen trop flower'g shrub,PRN,09,
CA,057251,LANTANA SELLOWIANA (MONTEVDNS),Lantana sellowiana                                          ,Trailing Lantana                                            ,Evergreen trop flower'g shrub,PRN,09,
CA,057051,LANTANA SPREADING SUNSET R,Lantana x 'Monet'                                           ,Spreading Sunset®  Lantana,Evergreen trop flower'g shrub,PRN,09,
CA,057155PT,LANTANA SUNBURST TM,Lantana x 'Sunburst'                                        ,Sunburst™  Spreading Lantana,Evergreen trop flower'g shrub,PRN,09,
CA,057201,LANTANA TANGERINE TM,Lantana x 'Mone'                                            ,Tangerine™  Spreading Lantana,Evergreen trop flower'g shrub,PRN,09,
CA,024462,LANTANA TEENIE GENIE R PP17612,"Lantana camara 'Monike' P.P. #17,612                        ",Teenie Genie®  Compact Lantana,Evergreen trop flower'g shrub,PRN,09,HMJ
CT,404432,LAVAN INT PHENOMENAL PPAF,Lavandula x intermedia 'Phenomenal' P.P.A.F.                ,Phenomenal Lavender                                         ,Early spring border flowering,PRN,05,
OR,074231,LAVAN INT RIVERINA TM THOMAS,Lavandula intermedia 'Riverina Thomas'                      ,Riverina Thomas French Lavender                             ,Mid spring border flowering,PRN,05,PPP
OR,086691,LAVAN PEN WITH LOVE TM PP22709,"Lavandula stoechas ssp. pedunculata 'Bentley' P.P. #22,709  ",With Love™  Lavender,Mid spring border flowering,PRN,06,PPP
CT,009162,LAVANDULA ANG HIDCOTE,Lavandula angustifolia 'Hidcote Blue'                       ,Hidcote Blue English Lavender                               ,Mid spring border flowering,PRN,05,
CA,018212,LAVANDULA ANG HIDCOTE SUPERIOR,Lavandula angustifolia 'Hidcote Superior'                   ,Hidcote Superior English Lavender                           ,Mid spring border flowering,PRN,05,
CT,068221,LAVANDULA ANG MELISSA LILAC,Lavandula angustifolia 'Dow4'                               ,Melissa Lilac Lavender                                      ,Early spring border flowering,PRN,05,DNL
CA,057311,LAVANDULA ANG MUNSTEAD,Lavandula angustifolia 'Munstead'                           ,Munstead Lavender                                           ,Mid spring border flowering,PRN,05,
CA,057392,LAVANDULA DEN GOODWIN CRK GRAY,Lavandula x ginginsii 'Goodwin Creek Gray'                  ,Goodwin Creek Gray Lavender                                 ,Mid spring interm. flowering,PRN,07,
CA,028491,LAVANDULA LEMON LEIGH PP16600,Lavandula stoechas 'Lemon Leigh' P.P.# 16600                ,Lemon Leigh Spanish Lavender                                ,Early spring border flowering,PRN,07,KIW
CA,017841,LAVANDULA STO HAZEL PP20894,"Lavandula stoechas 'Larkman Hazel' P.P. #20,894             ",Hazel™  Spanish Lavender,Early spring border flowering,PRN,07,PPP
CA,088871,LAVANDULA STO SILVER ANOUK,Lavandula stoechas 'Silver Anouk' P.P.# 20068               ,Silver Anouk Spanish Lavender                               ,Early spring border flowering,PRN,06,
CA,026592,LAVANDULA STO WINTERBEE P20840,"Lavandula stoechas 'Winter Bee' P.P. #20,840                ",Winter Bee Spanish Lavender                                 ,Early spring border flowering,PRN,07,PPP
CA,068181,LAVANDULA STO X VIR RGL SPLNDR,Lavandula 'Regal Splendour'                                 ,Regal Splendour Lavender                                    ,Early spring border flowering,PRN,07,DNL
CT,028481,LAVANDULA THUMBELINA LE P15231,Lavandula angustifolia 'Thumbelina Leigh'                   ,Thumbelina Leigh English Lavender                           ,Mid spring border flowering,PRN,05,KIW
OR,028131,LAVANDULA X INT PROVENCE,Lavandula x intermedia 'Provence'                           ,Provence French Lavender                                    ,Mid spring interm. flowering,PRN,05,
OR,057881,LIATRIS SPI KOBOLD,Liatris spicata 'Kobold'                                    ,Kobold Gayfeather                                           ,Mid/late tall flowering,PRN,04,
OR,058941,LITHODORA GRACE WARD,Lithodora diffusa 'Grace Ward'                              ,Grace Ward Lithodora                                        ,Ground cover,PRN,06,
OR,009841,LOBELIA COMPLIMENT RED,Lobelia x speciosa 'Compliment Red'                         ,Compliment Red Lobelia                                      ,Mid spring border flowering,PRN,04,
CA,077631,LOBELIA LAXIFLORA,Lobelia laxiflora                                           ,Mexican Cardinal Flower                                     ,Mid spring border flowering,PRN,09,
CT,404602,LOBELIA SPEC FAN BLUE,Lobelia x speciosa 'Fan Blue'                               ,Fan Blue Lobelia                                            ,Mid spring border flowering,PRN,04,
CT,404612,LOBELIA SPEC FAN SCARLET,Lobelia x speciosa 'Fan Scarlet'                            ,Fan Scarlet Lobelia                                         ,Mid spring border flowering,PRN,06,
GA,058521,MALVA ARBOREUS VAR BIG MOMMA,Malvaviscus drummondii 'Big Momma'                          ,Big Momma Turk's Cap                                        ,Mid/late tall flowering,PRN,07,
CT,046701,MONARDA D FIREBALL P14235,Monarda didyma 'Fireball' P.P. 14235                        ,Fireball Bee Balm                                           ,Mid/late interm. flowering,PRN,04,Y
GA,061821,MONARDA JACOB CLINE,Monarda didyma 'Jacob Cline'                                ,Jacob Cline Bee Balm                                        ,Mid/late interm. flowering,PRN,04,
CT,025861,MONARDA RASPBERRY WINE,Monarda didyma 'Raspberry Wine'                             ,Raspberry Wine Bee Balm                                     ,Mid/late interm. flowering,PRN,04,
GA,082581,NEPETA LITTLE TRUDY R PP18904,Nepeta x 'Psfike' P.P. #18904                               ,Little Trudy®  Catmint,Mid/late interm. flowering,PRN,04,PLC
OR,081741,NEPETA NERVOSA PINK CAT,Nepeta nervosa 'Pink Cat'                                   ,Pink Cat Catmint                                            ,Mid/late interm. flowering,PRN,04,
CT,062281,NEPETA X FAASS WALKER'S LOW,Nepeta x faassenii 'Walker's Low'                           ,Walker's Low Catmint                                        ,Mid/late interm. flowering,PRN,04,
OR,068482,OENOTHERA FREM SHIMMER PP19663,Oenothera fremontii 'Shimmer' P.P.# 19663                   ,Shimmer Evening Primrose                                    ,Mid spring border flowering,PRN,04,PHI
CT,068721,OENOTHERA KUN GLOWING MAGENTA,Oenothera kunthiana 'Glowing Magenta'                       ,Glowing Magenta Evening Primrose                            ,Mid spring border flowering,PRN,05,
CT,054011,OENOTHERA VER SUNSET BOULEVARD,Oenothera versicolor 'Sunset Boulevard'                     ,Evening Primrose                                            ,Mid spring border flowering,PRN,04,
CT,084752,PAEONIA ITOH GARDEN TREASURE,Paeonia Itoh 'Garden Treasure'                              ,Garden Treasure Itoh Peony                                  ,Paeonia,PRN,04,
CA,047085,PAEONIA ITOH KEIKO TM (PK D D),Paeonia (Intersectional hybrid) x 'Pink Double Dandy'       ,Keiko™ (Adored) Itoh Peony,Paeonia,PRN,04,DRS
CA,052605,PAEONIA ITOH MISAKA TM PP22192,"Paeonia (Intersectional hybrid) x 'Smith Opus 1' P.P.# 22,19",Misaka™  (Beautiful Blossom) Itoh Peony,Paeonia,PRN,04,DRS
CT,404972,PAEONIA ITOH SCARLET HEAVEN,Paeonia Itoh 'Scarlet Heaven'                               ,Scarlet Heaven Itoh Peony                                   ,Paeonia,PRN,04,
CA,052595,PAEONIA ITOH TAKARA TM PP22374,"Paeonia (Intersectional hybrid) x 'Smith Opus 2' P.P. #22,37",Takara™  (Treasure) Itoh Peony,Paeonia,PRN,04,DRS
CA,047075,PAEONIA ITOH YUMI TM (YLW),Paeonia (Intersectional hybrid) x 'Yellow Doodle Dandy'     ,Yumi™  (Beauty) Itoh Peony,Paeonia,PRN,04,DRS
CT,081072,PAEONIA OFF RUBRA PLENA,Paeonia officinalis 'Rubra Plena'                           ,Rubra Plena Peony                                           ,Paeonia,PRN,03,
CT,024242,PAEONIA X BLAZE (RED),Paeonia x 'Blaze'                                           ,Blaze Peony                                                 ,Paeonia,PRN,04,
CT,019525,PAEONIA X BOWL OF BEAUTY (PK),Paeonia x 'Bowl of Beauty'                                  ,Bowl Of Beauty Herbaceous Peony                             ,Paeonia,PRN,04,
OR,016252,PAEONIA X BOWL OF CREAM (WT),Paeonia x 'Bowl of Cream'                                   ,Bowl Of Cream Double Herbaceous Peony                       ,Paeonia,PRN,04,
OR,050282,PAEONIA X BUCKEYE BELLE (RED),Paeonia x 'Buckeye Belle'                                   ,Buckeye Belle Herbaceous Peony                              ,Paeonia,PRN,04,
OR,063512,PAEONIA X DBL WHITE,Paeonia lactiflora 'Double White'                           ,DOUBLE WHITE PEONY                                          ,Paeonia,PRN,03,
CT,063662,PAEONIA X FELIX CROUSSE (RED),Paeonia lactiflora 'Felix Crousse'                          ,Felix Crousse Peony                                         ,Paeonia,PRN,03,
OR,096432,PAEONIA X GENERAL MACMAHON,Paeonia lactiflora 'General MacMahon'                       ,General MacMahon Peony                                      ,Paeonia,PRN,03,
OR,036332,PAEONIA X INSPECTEUR LAVERGNE,Paeonia x 'Inspecteur Lavergne'                             ,Inspecteur Lavergne Peony                                   ,Paeonia,PRN,04,
OR,046132,PAEONIA X JAN VAN LEEUWEN (WT),Paeonia x 'Jan van Leeuwen'                                 ,Jan Van Leeuwen Peony                                       ,Paeonia,PRN,04,
OR,063742,PAEONIA X KANSAS (RED),Paeonia x 'Kansas'                                          ,Kansas Double Peony                                         ,Paeonia,PRN,04,OLD
CT,063572,PAEONIA X KARL ROSENFIELD(RED),Paeonia x 'Karl Rosenfield'                                 ,Karl Rosenfield Double Peony                                ,Paeonia,PRN,04,
OR,064912,PAEONIA X MME EMILE DEBATENE,Paeonia x 'Madame Emile Debatene'                           ,Madame Emile Debatene Double Peony                          ,Paeonia,PRN,04,
OR,051192,PAEONIA X NANCY NORA (PINK),Paeonia x 'Nancy Nora'                                      ,Nancy Nora Peony                                            ,Paeonia,PRN,04,
OR,024272,PAEONIA X PAUL M WILD (RED),Paeonia x 'Paul M. Wild'                                    ,Paul M. Wild Double Peony                                   ,Paeonia,PRN,04,
CT,039662,PAEONIA X PRIMEVERE (WHITE),Paeonia x 'Primevere'                                       ,Primevere Peony                                             ,Paeonia,PRN,04,
OR,046072,PAEONIA X RASPBERRY SUNDAE(PK),Paeonia x 'Raspberry Sundae'                                ,Raspberry Sundae Peony                                      ,Paeonia,PRN,04,
CT,063635,PAEONIA X SARAH BERNHARDT (PK),Paeonia x 'Sarah Bernhardt'                                 ,Sarah Bernhardt Double Peony                                ,Paeonia,PRN,04,
OR,095682,PAEONIA X SCARLETT OHARA (PNK),Paeonia x 'Scarlett O'Hara'                                 ,Scarlett O'Hara Peony                                       ,Paeonia,PRN,04,
CT,046122,PAEONIA X SEA SHELL (PINK),Paeonia x 'Sea Shell'                                       ,Sea Shell Peony                                             ,Paeonia,PRN,04,
OR,063762,PAEONIA X SHIRLEY TEMPLE (WT),Paeonia x 'Shirley Temple'                                  ,Shirley Temple Double Peony                                 ,Paeonia,PRN,04,
GA,063951,PENSTEMON DIGITALIS HUSKER RED,Penstemon digitalis 'Husker Red'                            ,Husker Red Penstemon                                        ,Mid spring interm. flowering,PRN,02,
CA,097741,PENSTEMON PARRYI,Penstemon parryi                                            ,Parry's Penstemon                                           ,Mid spring interm. flowering,PRN,08,
CT,405111S,PENSTEMON PINK PRIMA DONNA,Penstemon x 'Prima Donna Pink'                              ,Prima Donna Pink Penstemon                                  ,Mid spring interm. flowering,PRN,04,
CT,405132,PENSTEMON PRAIRIE DUSK,Penstemon 'Prairie Dusk'                                    ,Prairie Dusk Penstemon                                      ,Mid spring interm. flowering,PRN,03,
CT,409001,PENSTEMON ROCK CANDY PINK PPAF,Penstemon 'Pink Rock Candy'                                 ,Rock Candy™  Penstemon,Mid spring interm. flowering,PRN,06,CPC
CT,409011,PENSTEMON ROCK CANDY PRPL PPAF,Penstemon 'Purple Rock Candy'                               ,Purple Rock Candy Penstemon                                 ,Mid spring interm. flowering,PRN,06,CPC
GA,067781,PENSTEMON X PIKES PEAK PURPL R,Penstemon x mexicali Pikes Peak Purple® ,Pikes Peak Purple®  Penstemon,Mid spring interm. flowering,PRN,04,PLC
OR,066811,PENSTEMON X PRETTY PETTICOAT,Penstemon x 'Pretty Petticoat'                              ,Pretty Petticoat Beardtongue                                ,Mid spring interm. flowering,PRN,04,
CT,405141,PEROVSKIA ATR PEEK-A-BLUE PPAF,Perovskia atriplicifolia 'Peek-A-Blue'                      ,Peek-A-Blue Russian Sage                                    ,Mid/late tall flowering,PRN,04,
OR,064211,PEROVSKIA ATRIPLICIFOLIA,Perovskia atriplicifolia                                    ,Russian Sage                                                ,Mid/late tall flowering,PRN,04,
CA,084782,PEROVSKIA LACEY BLUE PP20845,"Perovskia atriplicifolia 'Lisslitt' P.P.# 20,845            ",Lacey Blue Russian Sage                                     ,Mid/late tall flowering,PRN,04,BHC
CT,010591,PEROVSKIA LITTLE SPIRE P11643,Perovskia atriplicifolia 'Little Spire' P.P.# 11643         ,Little Spire Russian Sage                                   ,Mid/late tall flowering,PRN,04,OLD
GA,00710UT,PHLOX P LILAC FLAME R PP11802,"Phlox paniculata 'Barten' P.P.#11,802                       ",Lilac Flame®  Dwarf Garden Phlox,Mid spring interm. flowering,PRN,04,Y
GA,04619UT,PHLOX P PINK FLAME R PP11804,"Phlox paniculata 'Bartwelve' P.P.# 11,804 C.P.B.R. 1094     ",Flame®  Pink Dwarf Garden Phlox,Mid spring interm. flowering,PRN,04,Y
GA,00725UT,PHLOX P WHITE FLAME R PP16259,"Phlox paniculata ''Bartwentynine' P.P.#16,259               ",White Flame®  Dwarf Garden Phlox,Mid spring interm. flowering,PRN,04,Y
CT,405201,PHLOX PAN BUBBLEGUM PINK,"Phlox paniuculata 'DITOFRA' P.P.# 21,171                    ",Candy Store®  Bubblegum Pink™  Phlox,Mid spring interm. flowering,PRN,04,PNL
GA,405221,PHLOX PAN CORAL CREME DROP,"Phlox paniculata 'Ditomdre' P.P.# 20,907                    ",Candy Store®  Coral Cr{{#232}}me Drop Garden Phlox,Mid spring interm. flowering,PRN,03,BNI
CT,010631,PHLOX PAN DAVID,Phlox paniculata 'David'                                    ,David Garden Phlox                                          ,Mid spring interm. flowering,PRN,04,
CT,405231,PHLOX PAN GRAPE LOLLIPOP,"Phlox paniculata 'Ditomsur' P.P.# 21,171                    ",Candy Store®  Grape Lollipop™  Phlox,Mid spring interm. flowering,PRN,04,BNI
GA,06254UT,PHLOX PANICULATA LAURA,Phlox paniculata 'Laura'                                    ,Laura Garden Phlox                                          ,Mid spring interm. flowering,PRN,04,
CT,405181,PHLOX PAPARAZZI TM LINDSEY PAF,Phlox x hybrida 'PPPHL07101' P.P.A.F.                       ,Paparazzi™  Lindsay Phlox,Mid spring interm. flowering,PRN,05,
GA,06436UT,PHLOX STOL SHERWOOD PURPLE,Phlox stolonifera 'Sherwood Purple'                         ,Sherwood Purple Creeping Phlox                              ,Mid spring interm. flowering,PRN,03,
OR,084701,PULMONARIA DE VROOMAN'S PRIDE,Pulmonaria 'De Vroomen's Pride'                             ,De Vroomen's Pride Lungwort                                 ,Shade foliage/flower,PRN,03,
CT,035611,PULMONARIA TREVI FOUNTN P13047,Pulmonaria 'Trevi Fountain' P.P.# 13047                     ,Trevi Fountain Lungwort                                     ,Shade foliage/flower,PRN,04,
CT,071111,RUDBECKIA ERLY BRD GLD PP20286,"Rudbeckia fulgida 'Early Bird Gold' P.P. #20,286            ",Early Bird Gold Gloriosa Daisy                              ,Mid spring interm. flowering,PRN,04,
OR,071011,RUDBECKIA FULGIDA GOLDSTURM,Rudbeckia fulgida var. sullivantii 'Goldsturm'              ,Goldsturm Black Eyed Susan                                  ,Mid spring interm. flowering,PRN,03,
GA,055421,RUDBECKIA HIR CHERRY BRANDY,Rudbeckia hirta 'Cherry Brandy'                             ,Cherry Brandy Gloriosa Daisy                                ,Mid spring interm. flowering,PRN,04,
OR,057471,RUDBECKIA HIR TIGER EYE,Rudbeckia 'TigerEye'                                        ,TigerEye Gloriosa Daisy                                     ,Mid spring interm. flowering,PRN,03,
CA,090471S,SALVIA AMISTAD PPAF,Salvia 'Amistad'                                            ,Friendship Sage                                             ,Mid/late interm. flowering,PRN,08,
CA,025541,SALVIA CHAMAEDRYOIDES,Salvia chamaedryoides                                       ,Mexican Blue Sage                                           ,Mid/late interm. flowering,PRN,08,
GA,034921,SALVIA GAUR BLACK & BLUE,Salvia guaranitica 'Black and Blue'                         ,Black And Blue Sage                                         ,Mid/late interm. flowering,PRN,07,
CA,070481,SALVIA GREGGII FURMAN'S RED,Salvia greggii 'Furman's Red'                               ,Furman's Red Autumn Sage                                    ,Mid/late interm. flowering,PRN,05,
GA,409171,SALVIA GREGGII RADIO RED,Salvia greggii 'Radio Red' P.P.A.F.                         ,Radio Red Autumn Sage                                       ,Mid/late interm. flowering,PRN,07,BHC
CA,022651,SALVIA HOT LIPS,Salvia microphylla 'Hot Lips'                               ,Hot Lips Sage                                               ,Mid/late interm. flowering,PRN,08,
GA,099451,SALVIA HTWV BLAZE TM PP24151,"Salvia (microphylla x greggii) 'EGGBEN005' P.P.#24,151      ",Heatwave™  Blaze Sage,Mid/late interm. flowering,PRN,06,PPP
CA,094261,SALVIA HTWV GLIMMER TM PP24155,"Salvia (microphylla x greggii) 'EGGBEN003' P.P.#24,155      ",Heatwave™  Glimmer Sage,Mid/late interm. flowering,PRN,06,PPP
CA,094271,SALVIA HTWV GLITTER TM PP24152,"Salvia (microphylla x greggii) 'EGGBEN001' P.P.#24,152      ",Heatwave™  Glitter Sage,Mid/late interm. flowering,PRN,06,PPP
CA,094281,SALVIA HTWV SPARKLE TM PP24154,"Salvia (microphylla x greggii) 'EGGBEN004' P.P.#24,154      ",Heatwave™  Sparkle Sage,Mid/late interm. flowering,PRN,06,PPP
CA,091405,SALVIA L SANTA BARBARA PP12949,Salvia leucantha 'Santa Barbara' P.P.# 12949                ,Santa Barbara Mexican Bush Sage                             ,Evergreen sumr flower'g shrub,PRN,09,PHI
CA,085121,SALVIA MELLIFERA POINT MUGU,Salvia mellifera 'Point Mugu'                               ,Black Sage                                                  ,Mid/late interm. flowering,PRN,08,RSA
CA,023111,SALVIA NAVAJO TM BRIGHT RED,Salvia greggii 'Navajo Bright Red'                          ,Navajo™  Bright Red Autumn Sage,Mid/late interm. flowering,PRN,08,
CT,412691,SALVIA NEM BLUE MARVEL PPAF,Salvia nemorosa 'Blue Marvel'                               ,Blue Marvel Salvia                                          ,Mid/late interm. flowering,PRN,04,BHC
GA,01954UT,SALVIA NEM MARCUS R PP13322,Salvia nemorosa 'Haeumanarc' P.P.# 13322                    ,Marcus®  Meadow Sage,Mid/late interm. flowering,PRN,04,REZ
CA,020412,SALVIA NEMOROSA CARADONNA,Salvia nemorosa 'Caradonna'                                 ,Caradonna Meadow Sage                                       ,Mid/late interm. flowering,PRN,04,
CA,070592,SALVIA NEMOROSA EAST FRIESLAND,Salvia nemorosa 'East Friesland'                            ,East Friesland Meadow Sage                                  ,Mid/late interm. flowering,PRN,04,
CT,400281,SALVIA OFFICINALIS AUREA,Salvia officinalis 'Aurea'                                  ,Golden Sage                                                 ,Edible berries/fruit,PRN,06,
CT,400291,SALVIA OFFICINALIS BERGGARTEN,Salvia officinalis 'Berggarten'                             ,Berggarten Sage                                             ,Edible berries/fruit,PRN,06,
CA,044341,SALVIA SENSATION RSE TM P18230,Salvia nemorosa 'Sensation Rose' P.P.# 18230                ,Sensation Rose Meadow Sage                                  ,Mid/late interm. flowering,PRN,04,REZ
CT,407941,SALVIA SNSATION R DEEP ROS PAF,Salvia nemorosa 'Sensation Deep Rose' P.P.A.F.              ,Sensation Deep Rose Salvia                                  ,Mid/late interm. flowering,PRN,04,
OR,400271,SALVIA SNSATION R SKY BLUE PAF,Salvia nemerosa 'Sky Blue' P.P.A.F.                         ,Sensation®  Sky Blue Sage,Mid/late interm. flowering,PRN,04,
CA,068422,SALVIA WENDY'S WISH PP21889,"Salvia hybrida 'Wendy's Wish' P.P.#21,889                   ",Wendy's Wish Sage                                           ,Mid/late interm. flowering,PRN,09,PHI
GA,011761,SALVIA X SYL BLUE HILL,Salvia x sylvestris 'Blue Hill'                             ,Blue Hill Meadow Sage                                       ,Mid/late interm. flowering,PRN,04,
OR,070261,SALVIA X SYL MAY NIGHT,Salvia 'May Night'                                          ,May Night Sage                                              ,Mid/late interm. flowering,PRN,04,
OR,030321,SALVIA X SYL SNOW HILL,Salvia x sylvestris 'Snow Hill'                             ,Snow Hill Meadow Sage                                       ,Mid/late interm. flowering,PRN,04,
GA,07097UT,SCABIOSA COL BUTTERFLY BLUE,Scabiosa columbaria 'Butterfly Blue'                        ,Butterfly Blue Pincushion Flower                            ,Mid spring border flowering,PRN,03,
GA,071661,SCABIOSA COL PINK MIST,Scabiosa columbaria 'Pink Mist'                             ,Pink Mist Pincushion Flower                                 ,Mid spring border flowering,PRN,03,
GA,05869UT,SCUTELLARIA SUFF TEXAS ROSE,Scutellaria suffrutescens 'Texas Rose'                      ,Texas Rose Skullcap                                         ,Mid/late interm. flowering,PRN,07,
CA,041011,SCUTELLARIA SUFFRUTESCENS,Scutellaria suffrutescens                                   ,Pink Texas Skullcap                                         ,Mid/late interm. flowering,PRN,07,OLD
GA,011011,SISYRINCHIUM ANG BLUE NOTE TM,Sisyrinchium angustifolium                                  ,Blue Note™  Blue-Eyed Grass,Mid spring border flowering,PRN,04,
CA,011891,SISYRINCHIUM ANG LUCERNE,Sisyrinchium angustifolium 'Lucerne'                        ,Lucerne Blue Eyed Grass                                     ,Mid spring border flowering,PRN,05,
OR,071031,SOLIDAGO CROWN OF RAYS,Solidago 'Crown of Rays'                                    ,Crown Of Rays Goldenrod                                     ,Mid/late tall flowering,PRN,04,
GA,406721,STOKESIA LAEVIS BLUE DANUBE,Stokesia laevis 'Blue Danube'                               ,Blue Danube Aster                                           ,Mid/late border flowering,PRN,05,
CT,065641,STOKESIA LAEVIS COLORWHEEL,Stokesia laevis 'Color Wheel'                               ,Color Wheel Stokes' Aster                                   ,Mid/late border flowering,PRN,05,
GA,022511,STOKESIA LAEVIS PEACHIE'S PICK,Stokesia laevis 'Peachie's Pick'                            ,Peachie's Pick Stokes' Aster                                ,Mid/late border flowering,PRN,05,
GA,409241,VERBENA ENDURO DRK PURPLE PPAF,Verbena hybrida 'Balendakle' P.P.A.F.                       ,Endurascape™  Purple Verbena,Mid spring border flowering,PRN,08,BHC
CA,409231,VERBENA ENDURO HOT PINK PPAF,Verbena hybrida 'Balendopin' P.P.A.F.                       ,Endurascape™  Hot Pink Verbena,Mid spring border flowering,PRN,08,BHC
GA,409221,VERBENA ENDURO RED PPAF,Verbena hybrida 'Balendred' P.P.A.F.                        ,Endurascape™  Red Verbena,Mid spring border flowering,PRN,08,BHC
CA,094841,VERBENA LILACINA DE LA MINA,Verbena lilacina 'De La Mina'                               ,De La Mina Verbena                                          ,Mid spring border flowering,PRN,07,
GA,073461,VERBENA X PURPLE SPREADER TM,Verbena canadensis 'Homestead Purple'                       ,Purple Spreader™  Garden Verbena,Mid spring border flowering,PRN,07,
OR,073711,VERONICA CRATER LAKE BLUE,Veronica austriaca 'Crater Lake Blue'                       ,Crater Lake Blue Speedwell                                  ,Early spring border flowering,PRN,02,
OR,079551,VERONICA HYB TIDAL POOL PPAF,Veronica 'Tidal Pool' P.P.A.F.                              ,Tidal Pool Prostrate Speedwell                              ,Early spring interm. flowering,PRN,04,CLG
OR,079481,VERONICA HYB WHITE WATER PPAF,"Veronica x 'Whitewater' P.P.#22,783                         ",Whitewater Speedwell                                        ,Early spring interm. flowering,PRN,04,CLG
OR,409261,VERONICA MDY BLUES LT BLU PPAF,Veronica spicata 'Novaverlig' P.P.A.F.                      ,Moody Blues Light Blue Speedwell                            ,Early spring border flowering,PRN,04,CPC
OR,409271,VERONICA MDY BLUES MAUVE PPAF,Veronica spicata 'Novavermau' P.P.A.F.                      ,Moody Blues Mauve Speedwell                                 ,Early spring border flowering,PRN,04,CPC
GA,409251,VERONICA MDY BLUES PINK PPAF,Veronica spicata 'Novaverpin' P.P.A.F.                      ,Moody Blues Pink Speedwell                                  ,Early spring border flowering,PRN,04,CPC
GA,012911,VERONICA PED GEORGIA BLUE,Veronica peduncularis 'Georgia Blue'                        ,Georgia Blue Speedwell                                      ,Early spring border flowering,PRN,04,
OR,074264PTC,VERONICA PROSTRATA TREHANE,Veronica prostrata 'Trehane'                                ,Trehane Speedwell                                           ,Early spring border flowering,PRN,04,
GA,017391,VERONICA ROYAL CANDLES PP18932,Veronica x 'Glory' P.P.# 18932                              ,Royal Candles Speedwell                                     ,Early spring border flowering,PRN,04,PHI
OR,073621,VERONICA SPICATA RED FOX,Veronica spicata 'Red Fox'                                  ,Red Fox Spike Speedwell                                     ,Early spring border flowering,PRN,04,
GA,012921,VERONICA X GOODNESS GROWS,Veronica x 'Goodness Grows'                                 ,Goodness Grows Speedwell                                    ,Early spring border flowering,PRN,04,
OR,058214PTC,VIOLA CORNUTA ETAIN,Viola cornuta 'Etain'                                       ,Etain Violet                                                ,Mid spring border flowering,PRN,04,
OR,076041,VIOLA X PURPLE SHOWERS,Viola x 'Purple Showers'                                    ,Purple Showers Viola                                        ,Mid spring border flowering,PRN,04,
CA,056011,ZAUSCHNERIA CAL GHOSTLY RED,Zauschneria californica 'Ghostly Red' (syn. Epilobium canum),Ghostly Red California Fuchsia                              ,Mid spring interm. flowering,PRN,08,
CA,054872,ZAUSCHNERIA ROUTE 66,Zauschneria californica 'Route 66' (syn. Epilobium canum)   ,Route 66 California Fuchsia                                 ,Mid spring interm. flowering,PRN,08,
CA,046585,JASMINUM POLYANTHUM,Jasminum polyanthum                                         ,Pink Jasmine                                                ,Tropical flowering vine,VIN,08,
CT,404632S,LONICERA CRANBERRY VANILLA TM,Lonicera periclymenum Cranberry Vanilla™ ,Cranberry Vanilla™  Honeysuckle,Hardy vine,VIN,04,HGT
CA,059051,LONICERA JAP HALLIANA,Lonicera japonica 'Halliana'                                ,Hall's Japanese Honeysuckle                                 ,Hardy vine,VIN,04,
CA,059105ST,LONICERA JAP PURPUREA,Lonicera japonica 'Purpurea'                                ,Purple-Leaf Japanese Honeysuckle                            ,Hardy vine,VIN,06,
CT,087561S,LONICERA NITIDA OPHELIA TM,"Lonicera nitida 'Brilliame' P.P. #20,761                    ",Ophelia™  Honeysuckle,Hardy vine,VIN,05,
CA,086365,LONICERA P SCENTSATION PP16240,Lonicera periclymenum 'Scentsation' P.P.#16240              ,Scentsation Honeysuckle                                     ,Hardy vine,VIN,04,PW
CT,084392,LONICERA PCHES & CREAM PP21839,"Lonicera periclymenum 'Inov 86' P.P.#21,839                 ",Peaches and Cream Honeysuckle                               ,Hardy vine,VIN,04,BHC
OR,059181,LONICERA PER BERRIES JUBILEE R,Lonicera periclymenum 'Monul'                               ,Berries Jubilee®  Woodbine Honeysuckle,Hardy vine,VIN,05,
CT,404682,LONICERA SEMP BLANCHE SANDMAN,Lonicera sempervirens 'Blanche Sandman'                     ,Blanche Sandman Honeysuckle                                 ,Hardy vine,VIN,05,
CA,059205,LONICERA SEMP MAGNIFICA,Lonicera sempervirens 'Magnifica'                           ,Trumpet Honeysuckle                                         ,Hardy vine,VIN,04,
CA,067832,LONICERA SEMP MAJOR WHEELER,Lonicera sempervirens 'Major Wheeler'                       ,Major Wheeler Coral Honeysuckle                             ,Hardy vine,VIN,04,
CA,059275,LONICERA X BRO DROPMORE SCARLT,Lonicera x brownii 'Dropmore Scarlet'                       ,Dropmore Scarlet Trumpet Honeysuckle                        ,Hardy vine,VIN,04,
CA,058991,LONICERA X GOLDFLAME,Lonicera x heckrottii 'Goldflame'                           ,Goldflame Honeysuckle                                       ,Hardy vine,VIN,04,
CA,059115,LONICERA X MANDARIN PP11083,"Lonicera x 'Mandarin' P.P.# 11,083                          ",Mandarin Honeysuckle                                        ,Hardy vine,VIN,04,BNI
CT,404652S,LONICERA X RASPBERRY SUNRISE,Lonicera x 'Raspberry Sunrise'                              ,Raspberry Sunrise™  Honeysuckle,Hardy vine,VIN,04,HGT
CA,04501KBH,MAN SUN PAR R CRIMSON PP15539,"Mandevilla x 'Sunmandecrim' P.P.# 15,539                    ",Sun Parasol®  Crimson Mandevilla,Tropical flowering vine,VIN,10,
GA,092382BH,MAN SUN PAR R GARDEN CRIMSON,Mandevilla x 'Sunparacore' P.P.A.F.                         ,Sun Parasol®  Garden Crimson Mandevilla,Tropical flowering vine,VIN,10,
GA,057082,MAN SUN PAR R GIANT PNK P15202,"Mandevilla 'Sunmandecos' P.P.# 15,202                       ",Sun Parasol®  Giant Pink Mandevilla,Tropical flowering vine,VIN,10,Y
GA,061235,MAN SUN PAR R GNT CRIM P17736,"Mandevilla x 'Sunmandecrikin' P.P.# 17,736                  ",Sun Parasol®  Giant Crimson Mandevilla,Tropical flowering vine,VIN,10,
CA,057065,MAN SUN PAR R GNT WHITE P11556,"Mandevilla 'Sunmandeho' P.P.#11,556                         ",Sun Parasol®  Giant White Mandevilla,Tropical flowering vine,VIN,10,Y
GA,057092BH,MAN SUN PAR R PRTY CRMN P16449,"Mandevilla 'Sunmanderemi' P.P. # 16,449                     ",Sun Parasol®  Pretty Crimson Mandevilla,Tropical flowering vine,VIN,10,
GA,057072BH,MAN SUN PAR R PRTY PNK P19399,"Mandevilla 'Sunparaprero' P.P. # 19,399                     ",Sun Parasol®  Pretty Pink Mandevilla,Tropical flowering vine,VIN,10,
CA,072642,MAN SUN PAR R WHITE PP22695,"Mandevilla x 'Sunparacoho' P.P. # 22,695                    ",Sun Parasol®  White Mandevilla,Tropical flowering vine,VIN,10,
GA,061291,MAN TANGO TWIRL R P14290,"Mandevilla x amabilis 'Monrey' P.P. #14,290                 ",Tango Twirl®  Mandevilla,Tropical flowering vine,VIN,10,
CA,064155,PANDOREA JAS ALBA LADY DI,Pandorea jasminoides 'Lady Di'                              ,White Bower Vine                                            ,Tropical flowering vine,VIN,09,
CA,033721,PANDOREA JAS CHARISMA,Pandorea jasminoides 'Charisma'                             ,Charisma Bower Vine                                         ,Tropical flowering vine,VIN,09,
CA,064131,PANDOREA JAS ROSEA,Pandorea jasminoides 'Rosea'                                ,Pink Bower Vine                                             ,Tropical flowering vine,VIN,09,
CA,07005KST,TRACH JASMINOIDES,Trachelospermum jasminoides                                 ,Star Jasmine                                                ,Temperate vine,VIN,08,
CA,012731,TRACH JASMINOIDES MADISON,Trachelospermum jasminoides 'Madison'                       ,Madison Star Jasmine                                        ,Temperate vine,VIN,07,
CA,076671,WISTERIA FL ISSAI PERFECT,Wisteria floribunda 'Issai Perfect'                         ,White Japanese Wisteria                                     ,Hardy vine,VIN,05,
CA,076705,WISTERIA FL ROSEA,Wisteria floribunda 'Rosea'                                 ,Pink Japanese Wisteria                                      ,Hardy vine,VIN,05,
CA,076771,WISTERIA FL TEXAS PURPLE,Wisteria floribunda 'Texas Purple'                          ,Texas Purple Japanese Wisteria                              ,Hardy vine,VIN,05,
GA,076815,WISTERIA FRU AMETHYST FALLS,Wisteria frutescens 'Amethyst Falls'                        ,Amethyst Falls American Wisteria                            ,Hardy vine,VIN,05,
CT,076845,WISTERIA MAC AUNT DEE,Wisteria macrostachya 'Aunt Dee'                            ,Aunt Dee Kentucky Wisteria                                  ,Hardy vine,VIN,04,
CT,017343,WISTERIA MAC BLUE MOON,Wisteria macrostachya 'Blue Moon'                           ,Blue Moon Kentucky Wisteria                                 ,Hardy vine,VIN,04,
CA,076851,WISTERIA SINENSIS,Wisteria sinensis                                           ,Chinese Wisteria                                            ,Hardy vine,VIN,05,
