Loc,Item,Description,Botanical Name,Common Name,,,,,,,,,,,,,,,,,
GA,001651,AGAPANTHUS AFRICANUS,Agapanthus africanus                                        ,Lily Of The Nile                                            ,,,,,,,,,,,,,,,,,
GA,001705,AGAPANTHUS ALBUS,Agapanthus africanus 'Albus'                                ,White Lily Of The Nile                                      ,,,,,,,,,,,,,,,,,
GA,099571,AGAPANTHUS BABY PETE TMPP21705,"Agapanthus praecox ssp. orientalis 'Benfran' P.P. #21,705   ",Baby Pete™  Lily Of The Nile,,,,,,,,,,,,,,,,,
GA,070372,AGAPANTHUS MOOD INDIGO,Agapanthus 'Mood Indigo'                                    ,Mood Indigo Lily of the Nile                                ,,,,,,,,,,,,,,,,,
GA,070375,AGAPANTHUS MOOD INDIGO,Agapanthus 'Mood Indigo'                                    ,Mood Indigo Lily of the Nile                                ,,,,,,,,,,,,,,,,,
GA,001882,AGAPANTHUS X MIDKNIGHT BLUE R,Agapanthus x 'Monmid'                                       ,Midknight Blue®  Agapanthus,,,,,,,,,,,,,,,,,
GA,021251,AGASTACHE X BLUE FORTUNE,Agastache 'Blue Fortune'                                    ,Blue Fortune Hyssop                                         ,,,,,,,,,,,,,,,,,
GA,002565,AKEBIA QUINATA SHIRO BANA,Akebia quinata 'Shirobana'                                  ,White Flowered Chocolate Vine                               ,,,,,,,,,,,,,,,,,
GA,412802,ALOCASIA EBONY PPAF,Alocasia 'Ebony' P.P.A.F.                                   ,Ebony Elephant Ears                                         ,,,,,,,,,,,,,,,,,
GA,087422,ALOCASIA IVORY COAST PPAF,Alocasia 'Ivory Coast' P.P.A.F.                             ,Ivory Coast Elephant Ears                                   ,,,,,,,,,,,,,,,,,
GA,087432,ALOCASIA SERENGETI PPAF,Alocasia Serengeti' PPAF                                    ,Serengeti Elephant Ear                                      ,,,,,,,,,,,,,,,,,
GA,002911,ARDISIA J CHIRIMEN,Ardisia japonica 'Chirimen'                                 ,Chirimen Marlberry                                          ,,,,,,,,,,,,,,,,,
GA,003155,ASPARAGUS MYERS,Asparagus densiflorus 'Myers'                               ,Foxtail Fern                                                ,,,,,,,,,,,,,,,,,
GA,003451,ASPIDISTRA ELATIOR,Aspidistra elatior                                          ,Cast Iron Plant                                             ,,,,,,,,,,,,,,,,,
GA,003411,ASTER PURPLE DOME,Aster novae-angliae 'Purple Dome'                           ,Purple Dome New England Aster                               ,,,,,,,,,,,,,,,,,
GA,003565,AUCUBA MR GOLDSTRIKE,Aucuba japonica 'Mr. Goldstrike'                            ,Mr. Goldstrike Aucuba                                       ,,,,,,,,,,,,,,,,,
GA,003567,AUCUBA MR GOLDSTRIKE,Aucuba japonica 'Mr. Goldstrike'                            ,Mr. Goldstrike Aucuba                                       ,,,,,,,,,,,,,,,,,
GA,078751S,AZ BLM-A-THON TM LVNDR PP21476,"Rhododendron x 'RLH14P19' P.P.# 21,476                      ",Bloom-A-Thon®  Lavender Reblooming Azalea,,,,,,,,,,,,,,,,,
GA,078781S,AZ BLM-A-THON TM WHITE PP21512,"Rhododendron x 'RLH1-3P3' P.P.#21,512                       ",Bloom-A-Thon®  White Reblooming Azalea,,,,,,,,,,,,,,,,,
GA,412551,BAPTISIA PRAIRIEBLUES TM MDNGT,Baptisia 'Midnight' P.P.# 20432                             ,Midnight Prairieblues™  Indigo,,,,,,,,,,,,,,,,,
GA,012511,BIGNONIA CAP TANGERINE BEAUTY,Bignonia capreolata 'Tangerine Beauty'                      ,Tangerine Beauty Crossvine                                  ,,,,,,,,,,,,,,,,,
GA,012701,BOUG BARBARA KARST,Bougainvillea 'Barbara Karst'                               ,Barbara Karst Bougainvillea                                 ,,,,,,,,,,,,,,,,,
GA,012705,BOUG BARBARA KARST,Bougainvillea 'Barbara Karst'                               ,Barbara Karst Bougainvillea                                 ,,,,,,,,,,,,,,,,,
GA,012705PT,BOUG BARBARA KARST,Bougainvillea 'Barbara Karst'                               ,Barbara Karst Bougainvillea                                 ,,,,,,,,,,,,,,,,,
GA,035041,BOUG BENGAL ORANGE,Bougainvillea 'Bengal Orange'                               ,Bengal Orange Bougainvillea                                 ,,,,,,,,,,,,,,,,,
GA,035045PT,BOUG BENGAL ORANGE,Bougainvillea 'Bengal Orange'                               ,Bengal Orange Bougainvillea                                 ,,,,,,,,,,,,,,,,,
GA,013265PT,BOUG OO-LA-LA R,Bougainvillea 'Monka'                                       ,Oo-La-La®  Bougainvillea,,,,,,,,,,,,,,,,,
GA,013051BH,BOUG PURPLE QUEEN R,Bougainvillea 'Moneth'                                      ,Purple Queen®  Bougainvillea,,,,,,,,,,,,,,,,,
GA,013052BH,BOUG PURPLE QUEEN R,Bougainvillea 'Moneth'                                      ,Purple Queen®  Bougainvillea,,,,,,,,,,,,,,,,,
GA,013055,BOUG PURPLE QUEEN R,Bougainvillea 'Moneth'                                      ,Purple Queen®  Bougainvillea,,,,,,,,,,,,,,,,,
GA,013055BH,BOUG PURPLE QUEEN R,Bougainvillea 'Moneth'                                      ,Purple Queen®  Bougainvillea,,,,,,,,,,,,,,,,,
GA,013215PT,BOUG RASPBERRY ICE,Bougainvillea 'Raspberry Ice'                               ,Raspberry Ice Bougainvillea                                 ,,,,,,,,,,,,,,,,,
GA,013432,BRUNFELSIA MAGNIFICA,Brunfelsia magnifica                                        ,Magnificent Brunfelsia                                      ,,,,,,,,,,,,,,,,,
GA,013435,BRUNFELSIA MAGNIFICA,Brunfelsia magnifica                                        ,Magnificent Brunfelsia                                      ,,,,,,,,,,,,,,,,,
GA,034665,BUDDLEJA DAV ADONIS BLUE TM,Buddleja davidii 'Adokeep'                                  ,English Butterfly™  Adonis Blue™  Butterfly Bush,,,,,,,,,,,,,,,,,
GA,013701,BUXUS MIC FAULKNER,Buxus microphylla 'Faulkner'                                ,Faulkner Boxwood                                            ,,,,,,,,,,,,,,,,,
GA,013702,BUXUS MIC FAULKNER,Buxus microphylla 'Faulkner'                                ,Faulkner Boxwood                                            ,,,,,,,,,,,,,,,,,
GA,01370UTCN,BUXUS MIC FAULKNER,Buxus microphylla 'Faulkner'                                ,Faulkner Boxwood                                            ,,,,,,,,,,,,,,,,,
GA,013835CN,BUXUS MIC WINTER GEM,Buxus microphylla japonica 'Winter Gem'                     ,Winter Gem Boxwood                                          ,,,,,,,,,,,,,,,,,
GA,013837,BUXUS MIC WINTER GEM,Buxus microphylla japonica 'Winter Gem'                     ,Winter Gem Boxwood                                          ,,,,,,,,,,,,,,,,,
GA,013837CN,BUXUS MIC WINTER GEM,Buxus microphylla japonica 'Winter Gem'                     ,Winter Gem Boxwood                                          ,,,,,,,,,,,,,,,,,
GA,054132,BUXUS SEMP UNRAVELED,Buxus sempervirens 'Unraveled'                              ,Unraveled American Boxwood                                  ,,,,,,,,,,,,,,,,,
GA,013882,BUXUS SEMP VARIEGATA,Buxus sempervirens 'Variegata'                              ,Variegated English Boxwood                                  ,,,,,,,,,,,,,,,,,
GA,014401,CALLISTEMON LITTLE JOHN,Callistemon citrinus 'Little John'                          ,Dwarf Bottlebrush                                           ,,,,,,,,,,,,,,,,,
GA,014402,CALLISTEMON LITTLE JOHN,Callistemon citrinus 'Little John'                          ,Dwarf Bottlebrush                                           ,,,,,,,,,,,,,,,,,
GA,014405PT,CALLISTEMON LITTLE JOHN,Callistemon citrinus 'Little John'                          ,Dwarf Bottlebrush                                           ,,,,,,,,,,,,,,,,,
GA,029211,CANNA TROP BLACK TM PP21350,"Canna indica 'Lon01' P.P.#21,350                            ",Tropicanna®  Black Canna,,,,,,,,,,,,,,,,,
GA,017382,CEPHALOTAXUS HAR FASTIGIATA,Cephalotaxus harringtonia 'Fastigiata'                      ,Upright Japanese Plum Yew                                   ,,,,,,,,,,,,,,,,,
GA,017385,CEPHALOTAXUS HAR FASTIGIATA,Cephalotaxus harringtonia 'Fastigiata'                      ,Upright Japanese Plum Yew                                   ,,,,,,,,,,,,,,,,,
GA,024795,CITRUS CAMPBELL VALENCIA,Citrus sinensis 'Campbell'                                  ,Campbell Valencia Orange                                    ,,,,,,,,,,,,,,,,,
GA,024815,CITRUS DWF CAMPBELL VALENCIA,Citrus sinensis 'Dwarf Campbell'                            ,Dwarf Campbell Valencia Orange                              ,,,,,,,,,,,,,,,,,
GA,025745,CITRUS DWF LISBON LEMON,Citrus limon 'Dwarf Lisbon'                                 ,Dwarf Lisbon Lemon                                          ,,,,,,,,,,,,,,,,,
GA,026105,CITRUS DWF WASHINGTON NAVEL,Citrus sinensis 'Dwarf Washington Navel'                    ,Dwarf Washington Navel Orange                               ,,,,,,,,,,,,,,,,,
GA,025055,CITRUS EUREKA LEMON,Citrus limon 'Eureka'                                       ,Eureka Lemon                                                ,,,,,,,,,,,,,,,,,
GA,026005PT,CITRUS IMPROVED MEYER LEMON,Citrus limon 'Meyer Improved'                               ,Improved Meyer Lemon                                        ,,,,,,,,,,,,,,,,,
GA,025602,CITRUS KUMQUAT NAGAMI,Fortunella margarita 'Nagami'                               ,Nagami Kumquat                                              ,,,,,,,,,,,,,,,,,
GA,025602PT,CITRUS KUMQUAT NAGAMI,Fortunella margarita 'Nagami'                               ,Nagami Kumquat                                              ,,,,,,,,,,,,,,,,,
GA,025605,CITRUS KUMQUAT NAGAMI,Fortunella margarita 'Nagami'                               ,Nagami Kumquat                                              ,,,,,,,,,,,,,,,,,
GA,025605PT,CITRUS KUMQUAT NAGAMI,Fortunella margarita 'Nagami'                               ,Nagami Kumquat                                              ,,,,,,,,,,,,,,,,,
GA,025785PT,CITRUS LISBON LEMON,Citrus limon 'Lisbon'                                       ,Lisbon Lemon                                                ,,,,,,,,,,,,,,,,,
GA,026605,CITRUS OWA SATSUMA MANDARIN,Citrus reticulata 'Owari'                                   ,Owari Satsuma Mandarin Orange                               ,,,,,,,,,,,,,,,,,
GA,026605PT,CITRUS OWA SATSUMA MANDARIN,Citrus reticulata 'Owari'                                   ,Owari Satsuma Mandarin Orange                               ,,,,,,,,,,,,,,,,,
GA,026055,CITRUS WASHINGTON NAVEL ORANGE,Citrus sinensis 'Washington'                                ,Washington Navel Orange                                     ,,,,,,,,,,,,,,,,,
GA,030445,CLIVIA BELGIAN HYB ORANGE,Clivia miniata 'Belgian Hybrid Orange'                      ,Belgian Hybrid Orange Bush Lily                             ,,,,,,,,,,,,,,,,,
GA,024175,COLOCASIA ANT ILLUSTRIS,Colocasia esculenta var. antiquorum 'Illustris'             ,Imperial Taro                                               ,,,,,,,,,,,,,,,,,
GA,024205,COLOCASIA ESC BLACK MAGIC,Colocasia esculenta 'Black Magic'                           ,Black Magic Elephant Ear                                    ,,,,,,,,,,,,,,,,,
GA,408495,COLOCASIA RYL HWN R HAWAN PNCH,Colocasia esculenta 'Hawaiian Punch' P.P.A.F.               ,Royal Hawaiian®  Hawaiian Punch Elephant Ear,,,,,,,,,,,,,,,,,
GA,412581,COLOCASIA RYL HWN R MAUI GOLD,"Colocasia esculenta 'Maui Gold' P.P.# #24,482               ",Royal Hawaiian®  Maui Gold Elephant Ear,,,,,,,,,,,,,,,,,
GA,412585,COLOCASIA RYL HWN R MAUI GOLD,"Colocasia esculenta 'Maui Gold' P.P.# #24,482               ",Royal Hawaiian®  Maui Gold Elephant Ear,,,,,,,,,,,,,,,,,
GA,068081,CORE BIGBANG TM RDSHFT PP20412,"Coreopsis x 'Redshift' P.P.# 20,412                         ",Big Bang™  Redshift Tickseed,,,,,,,,,,,,,,,,,
GA,408551,CORE LIL' BANG TM DAYBREAK PAF,Coreopsis 'Daybreak' P.P.A.F.                               ,Lil' Bang™  Daybreak Tickseed,,,,,,,,,,,,,,,,,
GA,408541,CORE LIL' BANG TM RED ELF,Coreopsis x 'Red Elf' P.P.A.F.                              ,Lil' Bang™  Red Elf Tickseed,,,,,,,,,,,,,,,,,
GA,408531,CORE LIL' BANG TM STARLIGHT,Coreopsis 'Starlight' P.P.A.F.                              ,Lil' Bang™  Starlight Tickseed,,,,,,,,,,,,,,,,,
GA,027971,COREOPSIS VERT ZAGREB,Coreopsis verticillata 'Zagreb'                             ,Zagreb Threadleaf Tickseed                                  ,,,,,,,,,,,,,,,,,
GA,030507,CUP LEYLANDII,x Cupressocyparis leylandii                                 ,Leyland Cypress                                             ,,,,,,,,,,,,,,,,,
GA,030491,CUPHEA HYSSOPIFOLIA,Cuphea hyssopifolia                                         ,Mexican Heather                                             ,,,,,,,,,,,,,,,,,
GA,078741,DELOSPERMA FIRE SPINNER R,Delosperma 'P001S'                                          ,Fire Spinner®  Ice Plant,,,,,,,,,,,,,,,,,
GA,097231,DELOSPERMA FIRE WONDER PPAF,Delosperma 'Fire Wonder' P.P.A.F.                           ,Wheels of Wonder®  Fire Wonder Ice Plant,,,,,,,,,,,,,,,,,
GA,097892S,DISTYLIUM BLUE CASCADE R PPAF,"Distylium 'PIIDIST-II' PP#24,409                            ",Blue Cascade®  Evergreen Distylium,,,,,,,,,,,,,,,,,
GA,412611,ECHIN DBL SCP TM CRANBRY PPAF,"Echinacea x purpurea 'Balscanery' P.P.# 24,769              ",Double Scoop™  Cranberry Echinacea,,,,,,,,,,,,,,,,,
GA,086841,ECHIN SMBRO TM SALSA RD P23105,"Echinacea x 'Balsomsed' P.P.#23,105                         ",Sombrero™  Salsa Red Coneflower,,,,,,,,,,,,,,,,,
GA,007051,ECHIN SUPREME CANTALOUPE PPAF,Echinacea 'Supreme Cantaloupe' P.P.A.F.                     ,Supreme Cantaloupe Coneflower                               ,,,,,,,,,,,,,,,,,
GA,407711,ECHIN VANILLA CUPCAKE,"Echinacea 'Vanilla Cupcake' P.P. 24,506                     ",Vanilla Cupcake™  Echinacea,,,,,,,,,,,,,,,,,
GA,087021,ECHINACEA CHEYENNE SPIRIT,Echinacea hybrida 'Cheyenne Spirit'                         ,Cheyenne Spirit Echinacea                                   ,,,,,,,,,,,,,,,,,
GA,054441,ECHINACEA FLAME THROWER P21932,"Echinacea purpurea 'Flame Thrower' P.P.# 21, 932            ",Flame Thrower Echinacea                                     ,,,,,,,,,,,,,,,,,
GA,054971,ECHINACEA HOT LAVA PPAF,"Echinacea 'Hot Lava' P.P.# 22,807                           ",Hot Lava Coneflower                                         ,,,,,,,,,,,,,,,,,
GA,002991,ECHINACEA POWWOW R WILDBERRY,Echinacea purpurea 'PAS702917'                              ,PowWow®  Wild Berry Coneflower,,,,,,,,,,,,,,,,,
GA,059741,ECHINACEA PUR HOT PAPAYA PPAF,Echinacea purpurea 'Hot Papaya'                             ,Hot Papaya Coneflower                                       ,,,,,,,,,,,,,,,,,
GA,039581,ECHINACEA PUR MERLOT PP18814,Echinacea purpurea 'Merlot' P.P.# 18814                     ,Merlot Coneflower                                           ,,,,,,,,,,,,,,,,,
GA,048651,ECHINACEA TIKI TORCH PP18839,Echinacea purpurea 'Tiki Torch' P.P.# 18839                 ,Tiki Torch Coneflower                                       ,,,,,,,,,,,,,,,,,
GA,031902,ELAEAGNUS EBBINGEI,Elaeagnus x ebbingei                                        ,Ebbinge's Silverberry                                       ,,,,,,,,,,,,,,,,,
GA,035641,FATSIA JAPONICA,Fatsia japonica                                             ,Japanese Aralia                                             ,,,,,,,,,,,,,,,,,
GA,036851,FICUS PUMILA,Ficus pumila                                                ,Creeping Fig                                                ,,,,,,,,,,,,,,,,,
GA,412651,GAILLARDIA SUNSET CANDY PPAF,Gaillardia x grandiflora 'Sunset Candy'                     ,Sunset Candy Blanket Flower                                 ,,,,,,,,,,,,,,,,,
GA,037701,GARDENIA AUGUST BEAUTY,Gardenia jasminoides 'August Beauty'                        ,August Beauty Gardenia                                      ,,,,,,,,,,,,,,,,,
GA,037671,GARDENIA FIRST LOVE R,Gardenia jasminoides 'Aimee'                                ,First Love®  Gardenia,,,,,,,,,,,,,,,,,
GA,037672,GARDENIA FIRST LOVE R,Gardenia jasminoides 'Aimee'                                ,First Love®  Gardenia,,,,,,,,,,,,,,,,,
GA,037675,GARDENIA FIRST LOVE R,Gardenia jasminoides 'Aimee'                                ,First Love®  Gardenia,,,,,,,,,,,,,,,,,
GA,028091,GAURA L PINK CLOUD,Gaura lindheimeri 'Pink Cloud'                              ,Pink Cloud Gaura                                            ,,,,,,,,,,,,,,,,,
GA,017275,GELSEMIUM DOUBLE SHOT R,Gelsemium sempervirens & G. rankinii                        ,Double Shot®  Jessamine,,,,,,,,,,,,,,,,,
GA,038161,GELSEMIUM RANKINII,Gelsemium rankinii                                          ,Swamp Jessamine                                             ,,,,,,,,,,,,,,,,,
GA,038165,GELSEMIUM RANKINII,Gelsemium rankinii                                          ,Swamp Jessamine                                             ,,,,,,,,,,,,,,,,,
GA,038105,GELSEMIUM SEMPERVIRENS,Gelsemium sempervirens                                      ,Carolina Jessamine                                          ,,,,,,,,,,,,,,,,,
GA,005455,GR-MIS SIN DIXIELAND,Miscanthus sinensis 'Dixieland'                             ,Dwarf Variegated Maiden Grass                               ,,,,,,,,,,,,,,,,,
GA,061641,GR-MIS SIN YAKUSHIMA,Miscanthus sinensis 'Yakushima'                             ,Dwarf Maiden Grass                                          ,,,,,,,,,,,,,,,,,
GA,024673,GR-MUHLEN CAP REGAL MIST R,Muhlenbergia capillaris 'Lenca'                             ,Regal Mist®  Pink Muhly,,,,,,,,,,,,,,,,,
GA,063532,GR-PAN VIR CLOUD NINE,Panicum virgatum 'Cloud Nine'                               ,Cloud Nine Tall Switch Grass                                ,,,,,,,,,,,,,,,,,
GA,022961,GR-PAN VIR NORTHWIND,Panicum virgatum 'Northwind'                                ,Northwind Switch Grass                                      ,,,,,,,,,,,,,,,,,
GA,064261,GR-PENN ALO HAMELN,Pennisetum alopecuroides 'Hameln'                           ,Dwarf Fountain Grass                                        ,,,,,,,,,,,,,,,,,
GA,064262,GR-PENN ALO HAMELN,Pennisetum alopecuroides 'Hameln'                           ,Dwarf Fountain Grass                                        ,,,,,,,,,,,,,,,,,
GA,064263,GR-PENN ALO HAMELN,Pennisetum alopecuroides 'Hameln'                           ,Dwarf Fountain Grass                                        ,,,,,,,,,,,,,,,,,
GA,063591,GR-PENN ALO LITTLE BUNNY,Pennisetum alopecuroides 'Little Bunny'                     ,Little Bunny Dwarf Fountain Grass                           ,,,,,,,,,,,,,,,,,
GA,064181,HESPERALOE BRK LIGHTS R P21729,"Hesperaloe parviflora 'Perpa' P.P. # 21,729                 ",Brakelights®  Red Yucca,,,,,,,,,,,,,,,,,
GA,040805,HIB R AMOUR,Hibiscus rosa-sinensis 'Amour'                              ,Amour Hibiscus                                              ,,,,,,,,,,,,,,,,,
GA,040905PT,HIB R BRILLIANT,Hibiscus rosa-sinensis 'Brilliant'                          ,Brilliant Hibiscus                                          ,,,,,,,,,,,,,,,,,
GA,040985,HIB R CHERIE,Hibiscus rosa-sinensis 'Cherie'                             ,Cherie Hibiscus                                             ,,,,,,,,,,,,,,,,,
GA,025205PT,HIB R ERIN RACHEL,Hibiscus rosa-sinensis 'Erin Rachel'                        ,Erin Rachel Hibiscus                                        ,,,,,,,,,,,,,,,,,
GA,041205,HIB R FULLMOON R,Hibiscus rosa-sinensis 'Monoon'                             ,Fullmoon®  Hibiscus,,,,,,,,,,,,,,,,,
GA,041205PT,HIB R FULLMOON R,Hibiscus rosa-sinensis 'Monoon'                             ,Fullmoon®  Hibiscus,,,,,,,,,,,,,,,,,
GA,041255PT,HIB R GOLDEN DUST,Hibiscus rosa-sinensis 'Golden Dust'                        ,Golden Dust Hibiscus                                        ,,,,,,,,,,,,,,,,,
GA,041305,HIB R HULA GIRL,Hibiscus rosa-sinensis 'Hula Girl'                          ,Hula Girl Hibiscus                                          ,,,,,,,,,,,,,,,,,
GA,041305PT,HIB R HULA GIRL,Hibiscus rosa-sinensis 'Hula Girl'                          ,Hula Girl Hibiscus                                          ,,,,,,,,,,,,,,,,,
GA,060585PT,HIB R KISS & TELL,Hibiscus rosa-sinensis 'Kiss & Tell'                        ,Kiss & Tell Hibiscus                                        ,,,,,,,,,,,,,,,,,
GA,091425,HIB R RED DARLING R,Hibiscus rosa-sinensis 'Hiroshi1'                           ,Red Darling®  Hibiscus,,,,,,,,,,,,,,,,,
GA,091425PT,HIB R RED DARLING R,Hibiscus rosa-sinensis 'Hiroshi1'                           ,Red Darling®  Hibiscus,,,,,,,,,,,,,,,,,
GA,036981,HOSTA APHRODITE,Hosta plantaginea 'Aphrodite'                               ,Aphrodite Plantain Lily                                     ,,,,,,,,,,,,,,,,,
GA,041691,HOSTA FRANCEE,Hosta x 'Francee'                                           ,Francee Plantain Lily                                       ,,,,,,,,,,,,,,,,,
GA,006981,HOSTA MINUTEMAN,Hosta x 'Minuteman'                                         ,Minuteman Plantain Lily                                     ,,,,,,,,,,,,,,,,,
GA,041651,HOSTA NIGHT BEFORE CHRISTMAS,Hosta x 'Night Before Christmas'                            ,Night Before Christmas Plantain Lily                        ,,,,,,,,,,,,,,,,,
GA,403621,HOSTA PRAYING HANDS,Hosta x 'Praying Hands'                                     ,Praying Hands Hosta                                         ,,,,,,,,,,,,,,,,,
GA,041851,HOSTA WIDE BRIM,Hosta x 'Wide Brim'                                         ,Wide Brim Plantain Lily                                     ,,,,,,,,,,,,,,,,,
GA,077445,HYD ABRACADABRA TM ORB PP21635,"Hydrangea macrophylla 'Hororb' P.P. #21,635                 ",Abracadabra™  Orb Hydrangea,,,,,,,,,,,,,,,,,
GA,077455,HYD ABRACADABRA TM STR PP21636,"Hydrangea macrophylla 'Horabstra' P.P. #21,636              ",Abracadabra™  Star Hydrangea,,,,,,,,,,,,,,,,,
GA,056455,HYD ASPERA PLUM PASSION R,Hydrangea aspera                                            ,Plum Passion®  Hydrangea,,,,,,,,,,,,,,,,,
GA,092752,HYD BLUE ENCHANTRESS R PP25209,"Hydrangea macrophylla 'Monmar' PP #25,209                   ",Blue Enchantress®  Hydrangea,,,,,,,,,,,,,,,,,
GA,017312S,HYD M ENDLESS SUMMER R PP15298,"Hydrangea macrophylla 'Bailmer' P.P. #15,298                ",Endless Summer®  Hydrangea,,,,,,,,,,,,,,,,,
GA,074562S,HYD MAC CTYLN TM PARIS PP10906,"Hydrangea macrophylla	'Paris Rapa' P.P. #10,906             ",Cityline®  Paris Bigleaf Hydrangea,,,,,,,,,,,,,,,,,
GA,074542S,HYD MAC CTYLN TM RIO,"Hydrangea macrophylla	'Ragra'                               ",Cityline®  Rio Bigleaf Hydrangea,,,,,,,,,,,,,,,,,
GA,077465,HYD MAC LD R BIG EASY PPAF,"Hydrangea macrophylla 'Berner' P.P.A.F., C.B.R.A.F.         ",Let's Dance®  Big Easy Hydrangea,,,,,,,,,,,,,,,,,
GA,074592S,HYD MAC LD R MOONLIGHT PP20020,"Hydrangea	macrophylla 'Robert' P.P. #20,020, C.B.R.A.F.     ",Let's Dance®  Moonlight Hydrangea,,,,,,,,,,,,,,,,,
GA,074595,HYD MAC LD R MOONLIGHT PP20020,"Hydrangea	macrophylla 'Robert' P.P. #20,020, C.B.R.A.F.     ",Let's Dance®  Moonlight Hydrangea,,,,,,,,,,,,,,,,,
GA,086315,HYD MAC LD R RHYTHMIC BLUE PAF,Hydrangea macrophylla 'ES14' P.P.A.F.                       ,Let's Dance®  Rhythmic Blue Hydrangea,,,,,,,,,,,,,,,,,
GA,074582S,HYD MAC LD R STARLIGHT PP20019,"Hydrangea	macrophylla 'Lynn' P.P. #20,019, C.B.R.A.F.       ",Let's Dance®  Starlight Bigleaf Hydrangea,,,,,,,,,,,,,,,,,
GA,074585,HYD MAC LD R STARLIGHT PP20019,"Hydrangea	macrophylla 'Lynn' P.P. #20,019, C.B.R.A.F.       ",Let's Dance®  Starlight Bigleaf Hydrangea,,,,,,,,,,,,,,,,,
GA,038775,HYD MAC MINI PENNY TM PP15744,"Hydrangea macrophylla 'Mini Penny' P.P. #15,744             ",Mini Penny™  Hydrangea,,,,,,,,,,,,,,,,,
GA,041961,HYD MAC NIKKO BLUE,Hydrangea macrophylla 'Nikko Blue'                          ,Nikko Blue Hydrangea                                        ,,,,,,,,,,,,,,,,,
GA,041967,HYD MAC NIKKO BLUE,Hydrangea macrophylla 'Nikko Blue'                          ,Nikko Blue Hydrangea                                        ,,,,,,,,,,,,,,,,,
GA,023757,HYD MAC PENNY MAC,Hydrangea macrophylla 'Penny Mac'                           ,Penny Mac Hydrangea                                         ,,,,,,,,,,,,,,,,,
GA,042072,HYD MAC PINK ELF R (PIA),Hydrangea macrophylla 'Pia'                                 ,Pink Elf®  French Hydrangea,,,,,,,,,,,,,,,,,
GA,007445,HYD MAC VARIEGATA,Hydrangea macrophylla 'Variegata'                           ,Variegated Hydrangea                                        ,,,,,,,,,,,,,,,,,
GA,007447,HYD MAC VARIEGATA,Hydrangea macrophylla 'Variegata'                           ,Variegated Hydrangea                                        ,,,,,,,,,,,,,,,,,
GA,080962S,HYD SER TUFF STUFF TM PPAF,Hydrangea serrata 'MAK20' P.P.A.F.                          ,Tuff Stuff™  Reblooming Mountain Hydrangea,,,,,,,,,,,,,,,,,
GA,074621S,HYPERICUM SUNNY BLVD TM P20045,"Hypericum 'Deppe' P.P. #20,045, C.B.R.A.F.                  ",Sunny Boulevard™  St. John's Wort,,,,,,,,,,,,,,,,,
GA,074622S,HYPERICUM SUNNY BLVD TM P20045,"Hypericum 'Deppe' P.P. #20,045, C.B.R.A.F.                  ",Sunny Boulevard™  St. John's Wort,,,,,,,,,,,,,,,,,
GA,044007,ILEX COR DWARF BURFORD,Ilex cornuta 'Dwarf Burford'                                ,Dwarf Burford Holly                                         ,,,,,,,,,,,,,,,,,
GA,007497,ILEX COR NEEDLEPOINT,Ilex cornuta 'Needlepoint'                                  ,Needlepoint Holly                                           ,,,,,,,,,,,,,,,,,
GA,044507,ILEX CREN COMPACTA,Ilex crenata 'Compacta'                                     ,Compact Japanese Holly                                      ,,,,,,,,,,,,,,,,,
GA,044903,ILEX CREN HELLERI,Ilex crenata 'Helleri'                                      ,Heller's Japanese Holly                                     ,,,,,,,,,,,,,,,,,
GA,044939,ILEX CREN SKY PENCIL(SKY SNTRY,Ilex crenata 'Sky Pencil'                                   ,Sky Pencil Japanese Holly                                   ,,,,,,,,,,,,,,,,,
GA,007592,ILEX CREN SOFT TOUCH,Ilex crenata 'Soft Touch'                                   ,Soft Touch Compact Holly                                    ,,,,,,,,,,,,,,,,,
GA,007593,ILEX CREN SOFT TOUCH,Ilex crenata 'Soft Touch'                                   ,Soft Touch Compact Holly                                    ,,,,,,,,,,,,,,,,,
GA,092652,ILEX EMRLD COLONNADE R PP23905,"Ilex x 'RutHol1' P.P.#23,905                                ",Emerald Colonnade®  Holly,,,,,,,,,,,,,,,,,
GA,007869TR,ILEX X ATTENUATA SAVANNAH,Ilex x attenuata 'Savannah'                                 ,Savannah Holly                                              ,,,,,,,,,,,,,,,,,
GA,045125,ILEX X BERRI-MAGIC R CHINA,Ilex x meserveae 'Mesdob' & 'Mesog'                         ,Berri-Magic®  China Holly Combination,,,,,,,,,,,,,,,,,
GA,045205,ILEX X CHINA BOY R,Ilex x meserveae 'Mesdob'                                   ,China Boy®  Holly,,,,,,,,,,,,,,,,,
GA,045243,ILEX X CHINA GIRL R,Ilex x meserveae 'Mesog'                                    ,China Girl®  Holly,,,,,,,,,,,,,,,,,
GA,045307,ILEX X NELLIE R STEVENS,Ilex x 'Nellie R. Stevens'                                  ,Nellie R. Stevens Holly                                     ,,,,,,,,,,,,,,,,,
GA,045309,ILEX X NELLIE R STEVENS,Ilex x 'Nellie R. Stevens'                                  ,Nellie R. Stevens Holly                                     ,,,,,,,,,,,,,,,,,
GA,04530X,ILEX X NELLIE R STEVENS,Ilex x 'Nellie R. Stevens'                                  ,Nellie R. Stevens Holly                                     ,,,,,,,,,,,,,,,,,
GA,007947,ILEX X OAK LEAF TM P9487,Ilex x 'Conaf' P.P.# 9487                                   ,Oak Leaf™  Red Holly,,,,,,,,,,,,,,,,,
GA,019655,ILEX X RED BEAUTY R PP14750,Ilex x 'Rutzan' P.P.# 14750                                 ,Red Beauty®  Holly,,,,,,,,,,,,,,,,,
GA,007987,ILLICIUM PARVIFLORUM,Illicium parviflorum                                        ,Yellow Anise Tree                                           ,,,,,,,,,,,,,,,,,
GA,007989,ILLICIUM PARVIFLORUM,Illicium parviflorum                                        ,Yellow Anise Tree                                           ,,,,,,,,,,,,,,,,,
GA,008121,JASMINUM NUDIFLORUM,Jasminum nudiflorum                                         ,Winter Jasmine                                              ,,,,,,,,,,,,,,,,,
GA,008123,JASMINUM NUDIFLORUM,Jasminum nudiflorum                                         ,Winter Jasmine                                              ,,,,,,,,,,,,,,,,,
GA,046877,JUN C BLUE POINT,Juniperus chinensis 'Blue Point'                            ,Blue Point Juniper                                          ,,,,,,,,,,,,,,,,,
GA,04687M,JUN C BLUE POINT,Juniperus chinensis 'Blue Point'                            ,Blue Point Juniper                                          ,,,,,,,,,,,,,,,,,
GA,047509SP,JUN C HETZII COLUMN,Juniperus chinensis 'Hetzii Columnaris'                     ,Green Columnar Juniper                                      ,,,,,,,,,,,,,,,,,
GA,049103,JUN CON BLUE PACIFIC,Juniperus conferta 'Blue Pacific'                           ,Blue Pacific Shore Juniper                                  ,,,,,,,,,,,,,,,,,
GA,049901,JUN H ICEE BLUE R P9639,"Juniperus horizontalis 'Monber' P.P. #9,639                 ",Icee Blue®  Juniper,,,,,,,,,,,,,,,,,
GA,050905,JUN PRO NANA,Juniperus procumbens 'Nana'                                 ,Dwarf Japanese Garden Juniper                               ,,,,,,,,,,,,,,,,,
GA,054145,JUN V GREY OWL,Juniperus virginiana 'Grey Owl'                             ,Grey Owl Juniper                                            ,,,,,,,,,,,,,,,,,
GA,054705,LAG CATAWBA,Lagerstroemia indica 'Catawba'                              ,Catawba Crape Myrtle                                        ,,,,,,,,,,,,,,,,,
GA,054709BH,LAG CATAWBA,Lagerstroemia indica 'Catawba'                              ,Catawba Crape Myrtle                                        ,,,,,,,,,,,,,,,,,
GA,008792,LAG CHICKASAW,Lagerstroemia indica x fauriei 'Chickasaw'                  ,Chickasaw Crape Myrtle                                      ,,,,,,,,,,,,,,,,,
GA,008865,LAG DYNAMITE R P10296,Lagerstroemia indica 'Whit II' P.P.# 10296                  ,Dynamite®  Crape Myrtle,,,,,,,,,,,,,,,,,
GA,008869BH,LAG DYNAMITE R P10296,Lagerstroemia indica 'Whit II' P.P.# 10296                  ,Dynamite®  Crape Myrtle,,,,,,,,,,,,,,,,,
GA,008895,LAG MUSKOGEE,Lagerstroemia indica x fauriei 'Muskogee'                   ,Muskogee Crape Myrtle                                       ,,,,,,,,,,,,,,,,,
GA,008995,LAG NATCHEZ,Lagerstroemia indica x fauriei 'Natchez'                    ,Natchez Crape Myrtle                                        ,,,,,,,,,,,,,,,,,
GA,008997,LAG NATCHEZ,Lagerstroemia indica x fauriei 'Natchez'                    ,Natchez Crape Myrtle                                        ,,,,,,,,,,,,,,,,,
GA,00899X,LAG NATCHEZ,Lagerstroemia indica x fauriei 'Natchez'                    ,Natchez Crape Myrtle                                        ,,,,,,,,,,,,,,,,,
GA,404392,LAG VIOLET FILLI PP14267,"Lagerstroemia indica 'Violet Filli' PP #14,267              ",Violet Filli Crape Myrtle                                   ,,,,,,,,,,,,,,,,,
GA,056355,LAG X TONTO,Lagerstroemi (indica {{#215}} fauriei) 'Tonto'              ,Tonto Crape Myrtle                                          ,,,,,,,,,,,,,,,,,
GA,054575,LAG X ZUNI,Lagerstroemia indica x fauriei 'Zuni'                       ,Zuni Crape Myrtle                                           ,,,,,,,,,,,,,,,,,
GA,056641,LANTANA CAM MARY ANN,Lantana 'Mary Ann'                                          ,Mary Ann Lantana                                            ,,,,,,,,,,,,,,,,,
GA,056841,LANTANA CAM MISS HUFF,Lantana camara 'Miss Huff'                                  ,Miss Huff Hardy Lantana                                     ,,,,,,,,,,,,,,,,,
GA,05684UT,LANTANA CAM MISS HUFF,Lantana camara 'Miss Huff'                                  ,Miss Huff Hardy Lantana                                     ,,,,,,,,,,,,,,,,,
GA,009131,LANTANA CAM MOZELLE,Lantana camara 'Mozelle'                                    ,Mozelle Lantana                                             ,,,,,,,,,,,,,,,,,
GA,056631,LANTANA CHAPEL HILL YLW P19548,"Lantana 'Chapel Hill Yellow' P.P.# 19,548                   ",Chapel Hill Yellow Lantana                                  ,,,,,,,,,,,,,,,,,
GA,056631SPT,LANTANA CHAPEL HILL YLW P19548,"Lantana 'Chapel Hill Yellow' P.P.# 19,548                   ",Chapel Hill Yellow Lantana                                  ,,,,,,,,,,,,,,,,,
GA,009091,LANTANA NEW GOLD,Lantana x 'New Gold'                                        ,New Gold Lantana                                            ,,,,,,,,,,,,,,,,,
GA,057231,LANTANA S LAVENDER SWIRL R,Lantana sellowiana 'Monswee'                                ,Lavender Swirl®  Trailing Lantana,,,,,,,,,,,,,,,,,
GA,057231SPT,LANTANA S LAVENDER SWIRL R,Lantana sellowiana 'Monswee'                                ,Lavender Swirl®  Trailing Lantana,,,,,,,,,,,,,,,,,
GA,057203PT,LANTANA TANGERINE TM,Lantana x 'Mone'                                            ,Tangerine™  Spreading Lantana,,,,,,,,,,,,,,,,,
GA,024461,LANTANA TEENIE GENIE R PP17612,"Lantana camara 'Monike' P.P. #17,612                        ",Teenie Genie®  Compact Lantana,,,,,,,,,,,,,,,,,
GA,009197,LIGUSTRUM JAP RECURVIFOLIUM,Ligustrum japonicum 'Recurvifolium'                         ,Curled-Leaf Privet                                          ,,,,,,,,,,,,,,,,,
GA,058209BH,LIGUSTRUM TEXANUM,Ligustrum japonicum 'Texanum'                               ,Waxleaf Privet                                              ,,,,,,,,,,,,,,,,,
GA,036541,LIRIOPE EMRLD GODDESS R P15471,Liriope muscari 'Love Potion No. 13' P.P.# 15471            ,Emerald Goddess®  Lilyturf,,,,,,,,,,,,,,,,,
GA,009661,LIRIOPE MUSCARI AZTEC GRASS,Liriope muscari 'Aztec Grass'                               ,Aztec Grass                                                 ,,,,,,,,,,,,,,,,,
GA,00966UT,LIRIOPE MUSCARI AZTEC GRASS,Liriope muscari 'Aztec Grass'                               ,Aztec Grass                                                 ,,,,,,,,,,,,,,,,,
GA,058851,LIRIOPE MUSCARI MAJESTIC,Liriope muscari 'Majestic'                                  ,Majestic Lilyturf                                           ,,,,,,,,,,,,,,,,,
GA,009761,LIRIOPE MUSCARI MONROE'S WHITE,Liriope muscari 'Monroe's White'                            ,Monroe's White Lilyturf                                     ,,,,,,,,,,,,,,,,,
GA,009791,LIRIOPE MUSCARI VARIEGATA,Liriope muscari 'Variegata'                                 ,Variegated Lilyturf                                         ,,,,,,,,,,,,,,,,,
GA,058921,LIRIOPE SPICATA SILVER DRAGON,Liriope spicata 'Silver Dragon'                             ,Silver Dragon Lilyturf                                      ,,,,,,,,,,,,,,,,,
GA,05892UT,LIRIOPE SPICATA SILVER DRAGON,Liriope spicata 'Silver Dragon'                             ,Silver Dragon Lilyturf                                      ,,,,,,,,,,,,,,,,,
GA,058995,LONICERA X GOLDFLAME,Lonicera x heckrottii 'Goldflame'                           ,Goldflame Honeysuckle                                       ,,,,,,,,,,,,,,,,,
GA,040963,LORO C DARUMA,Loropetalum chinense var. rubrum 'Daruma'                   ,Daruma Chinese Fringe Flower                                ,,,,,,,,,,,,,,,,,
GA,037425,LORO C EVER RED R,Loropetalum chinense 'Chang Nian Hong'                      ,Ever Red®  Fringe Flower,,,,,,,,,,,,,,,,,
GA,059191,LORO C SIZZLING PINK,Loropetalum chinense 'Sizzling Pink'                        ,Sizzling Pink Fringe Flower                                 ,,,,,,,,,,,,,,,,,
GA,059192,LORO C SIZZLING PINK,Loropetalum chinense 'Sizzling Pink'                        ,Sizzling Pink Fringe Flower                                 ,,,,,,,,,,,,,,,,,
GA,059195PT,LORO C SIZZLING PINK,Loropetalum chinense 'Sizzling Pink'                        ,Sizzling Pink Fringe Flower                                 ,,,,,,,,,,,,,,,,,
GA,009932,LORO C SUZANNE,Loropetalum chinense 'Suzanne'                              ,Suzanne Fringe Flower                                       ,,,,,,,,,,,,,,,,,
GA,009933,LORO C SUZANNE,Loropetalum chinense 'Suzanne'                              ,Suzanne Fringe Flower                                       ,,,,,,,,,,,,,,,,,
GA,060439,MAG G BRACKENS BROWN BEAUTY,Magnolia grandiflora 'Bracken's Brown Beauty'               ,Bracken's Brown Beauty Magnolia                             ,,,,,,,,,,,,,,,,,
GA,010039,MAG G GREENBACK TM P9243,Magnolia grandiflora 'MGTIG' P.P.# 9243                     ,Greenback™  Southern Magnolia,,,,,,,,,,,,,,,,,
GA,060901,MAHONIA BEALEI,Mahonia japonica 'Bealei'                                   ,Leatherleaf Mahonia                                         ,,,,,,,,,,,,,,,,,
GA,060925,MAHONIA FORTUNEI,Mahonia fortunei                                            ,Chinese Mahonia                                             ,,,,,,,,,,,,,,,,,
GA,061192,MAN PNK PRFT R P11787-P6300547,"Mandevilla x amabilis 'Rita Marie Green' P.P. #11,787, UP #6",Pink Parfait®  Mandevilla,,,,,,,,,,,,,,,,,
GA,061245ST,MAN RED RIDING HOOD,Mandevilla sanderi 'Red Riding Hood'                        ,Red Riding Hood Mandevilla                                  ,,,,,,,,,,,,,,,,,
GA,057085,MAN SUN PAR R GIANT PNK P15202,"Mandevilla 'Sunmandecos' P.P.# 15,202                       ",Sun Parasol®  Giant Pink Mandevilla,,,,,,,,,,,,,,,,,
GA,061235,MAN SUN PAR R GNT CRIM P17736,"Mandevilla x 'Sunmandecrikin' P.P.# 17,736                  ",Sun Parasol®  Giant Crimson Mandevilla,,,,,,,,,,,,,,,,,
GA,061295,MAN TANGO TWIRL R P14290,"Mandevilla x amabilis 'Monrey' P.P. #14,290                 ",Tango Twirl®  Mandevilla,,,,,,,,,,,,,,,,,
GA,061821,MONARDA JACOB CLINE,Monarda didyma 'Jacob Cline'                                ,Jacob Cline Bee Balm                                        ,,,,,,,,,,,,,,,,,
GA,062231,NAND DOM FIREPOWER,Nandina domestica 'Firepower'                               ,Firepower Heavenly Bamboo                                   ,,,,,,,,,,,,,,,,,
GA,062232,NAND DOM FIREPOWER,Nandina domestica 'Firepower'                               ,Firepower Heavenly Bamboo                                   ,,,,,,,,,,,,,,,,,
GA,062123,NAND DOM GULF STREAM,Nandina domestica 'Gulf Stream'                             ,Gulf Stream Heavenly Bamboo                                 ,,,,,,,,,,,,,,,,,
GA,063111,OPHIOPOGON EBONY KNIGHT TM,Ophiopogon planiscapus 'Ebknizam'                           ,Ebony Knight™  Mondo Grass,,,,,,,,,,,,,,,,,
GA,06311UT,OPHIOPOGON EBONY KNIGHT TM,Ophiopogon planiscapus 'Ebknizam'                           ,Ebony Knight™  Mondo Grass,,,,,,,,,,,,,,,,,
GA,063121,OPHIOPOGON JAPONICUS NANUS,Ophiopogon japonicus 'Nanus'                                ,Dwarf Mondo Grass                                           ,,,,,,,,,,,,,,,,,
GA,063655,PALM-CHAMAEROPS HUMILIS,Chamaerops humilis                                          ,Mediterranean Fan Palm                                      ,,,,,,,,,,,,,,,,,
GA,063775,PALM-DIOON EDULE,Dioon edule                                                 ,Chesnut Dioon                                               ,,,,,,,,,,,,,,,,,
GA,063605,PALM-TRACHYCARPUS FORTUNEI,Trachycarpus fortunei                                       ,Windmill Palm                                               ,,,,,,,,,,,,,,,,,
GA,058671,PAVONIA LASA TEXAS ROCK ROSE,Pavonia lasiopetala                                         ,Texas Rock Rose                                             ,,,,,,,,,,,,,,,,,
GA,064211,PEROVSKIA ATRIPLICIFOLIA,Perovskia atriplicifolia                                    ,Russian Sage                                                ,,,,,,,,,,,,,,,,,
GA,065875,PITT TOB CREAM DE MINT TM,Pittosporum tobira 'Shima'                                  ,Cream De Mint™  Dwarf Mock Orange,,,,,,,,,,,,,,,,,
GA,065955,PITT TOB VARIEGATUM,Pittosporum tobira 'Variegatum'                             ,Variegated Japanese Mock Orange                             ,,,,,,,,,,,,,,,,,
GA,066002,PITT TOB WHEELERS DWARF,Pittosporum tobira 'Wheeler's Dwarf'                        ,Wheeler's Dwarf Japanese Mock Orange                        ,,,,,,,,,,,,,,,,,
GA,066005,PITT TOB WHEELERS DWARF,Pittosporum tobira 'Wheeler's Dwarf'                        ,Wheeler's Dwarf Japanese Mock Orange                        ,,,,,,,,,,,,,,,,,
GA,066361,PLUMBAGO WHITE CAPE R PP13953,Plumbago auriculata 'Monite' P.P.# 13953                    ,White Cape®  Plumbago,,,,,,,,,,,,,,,,,
GA,071982,PODOCARPUS MACRO PRINGILII,Podocarpus macrophyllus 'Pringle's Dwarf'                   ,Pringles Dwarf Podocarpus                                   ,,,,,,,,,,,,,,,,,
GA,071985,PODOCARPUS MACRO PRINGILII,Podocarpus macrophyllus 'Pringle's Dwarf'                   ,Pringles Dwarf Podocarpus                                   ,,,,,,,,,,,,,,,,,
GA,039825,PYRACANTHA X SLVRLNG TM P15517,Pyracantha x 'Cadvar' P.P.# 15517                           ,Silver Lining™  Pyracantha,,,,,,,,,,,,,,,,,
GA,064941,RHAPH ELEANOR TABER TM P9398,Rhaphiolepis indica 'Conor' P.P# 9398                       ,Eleanor Taber™  Indian Hawthorn,,,,,,,,,,,,,,,,,
GA,064947,RHAPH ELEANOR TABER TM P9398,Rhaphiolepis indica 'Conor' P.P# 9398                       ,Eleanor Taber™  Indian Hawthorn,,,,,,,,,,,,,,,,,
GA,011221,RHAPH SNOW CAP R P15544,"Rhaphiolepis x delacourii 'Corleyscourii' P.P.# 15,544      ",Snowcap®  Indian Hawthorn,,,,,,,,,,,,,,,,,
GA,011223,RHAPH SNOW CAP R P15544,"Rhaphiolepis x delacourii 'Corleyscourii' P.P.# 15,544      ",Snowcap®  Indian Hawthorn,,,,,,,,,,,,,,,,,
GA,011227,RHAPH SNOW CAP R P15544,"Rhaphiolepis x delacourii 'Corleyscourii' P.P.# 15,544      ",Snowcap®  Indian Hawthorn,,,,,,,,,,,,,,,,,
GA,046751,RHAPH U RUTRHAPH STHRN MOON TM,"Rhaphiolepis umbellata 'RutRhaph1' P.P.# 20,730             ",Southern Moon®  Yedda Hawthorn,,,,,,,,,,,,,,,,,
GA,046752,RHAPH U RUTRHAPH STHRN MOON TM,"Rhaphiolepis umbellata 'RutRhaph1' P.P.# 20,730             ",Southern Moon®  Yedda Hawthorn,,,,,,,,,,,,,,,,,
GA,046753,RHAPH U RUTRHAPH STHRN MOON TM,"Rhaphiolepis umbellata 'RutRhaph1' P.P.# 20,730             ",Southern Moon®  Yedda Hawthorn,,,,,,,,,,,,,,,,,
GA,098572S,ROSA DRIFT R SWEET PP21612,"Rosa 'Meiswetdom' P.P. #21,612                              ",Sweet Drift®  Groundcover Rose,,,,,,,,,,,,,,,,,
GA,036312,ROSA FLWR CAR R SCARLET P17373,"Rosa x 'NOA83100B' P.P. #17,373                             ",Flower Carpet®  Scarlet Groundcover Rose,,,,,,,,,,,,,,,,,
GA,042825,ROSA KNCK OUT R DBL PNK P18507,Rosa x 'Radtkopink' P.P.# 18507                             ,Pink Double Knock Out®  Rose,,,,,,,,,,,,,,,,,
GA,030905,ROSA KNCK OUT R DBL RD P16202,Rosa x 'Radtko' P.P.# 16202                                 ,Double Knock Out®  Rose,,,,,,,,,,,,,,,,,
GA,030905PT,ROSA KNCK OUT R DBL RD P16202,Rosa x 'Radtko' P.P.# 16202                                 ,Double Knock Out®  Rose,,,,,,,,,,,,,,,,,
GA,011625,ROSA KNCK OUT R P11836 (RED),Rosa x 'Radrazz' P.P.# 11836                                ,Knock Out®  Shrub Rose,,,,,,,,,,,,,,,,,
GA,011625PT,ROSA KNCK OUT R P11836 (RED),Rosa x 'Radrazz' P.P.# 11836                                ,Knock Out®  Shrub Rose,,,,,,,,,,,,,,,,,
GA,022152S,ROSA KNCK OUT R P15070 (PINK),Rosa x 'Radcon' P.P.# 15070                                 ,Pink Knock Out®  Rose,,,,,,,,,,,,,,,,,
GA,022153S,ROSA KNCK OUT R P15070 (PINK),Rosa x 'Radcon' P.P.# 15070                                 ,Pink Knock Out®  Rose,,,,,,,,,,,,,,,,,
GA,022155,ROSA KNCK OUT R P15070 (PINK),Rosa x 'Radcon' P.P.# 15070                                 ,Pink Knock Out®  Rose,,,,,,,,,,,,,,,,,
GA,089102,ROSA SUNROSA TM SOFT PINK,Rosa x 'Soft Pink'                                          ,Sunrosa™  Soft Pink Shrub Rose,,,,,,,,,,,,,,,,,
GA,098583,ROSA WHITE OUT TM PP20273,"Rosa x 'Radwhite' PP #20,273                                ",White Out™  Rose,,,,,,,,,,,,,,,,,
GA,070151,ROSA-CL-BANKSIAE ALBA PLENA,Rosa banksiae 'Alba Plena'                                  ,White Lady Banks Climbing Rose                              ,,,,,,,,,,,,,,,,,
GA,070205,ROSA-CL-BANKSIAE LUTEA,Rosa banksiae 'Lutea'                                       ,Yellow Lady Banks Climbing Rose                             ,,,,,,,,,,,,,,,,,
GA,06269UT,ROSMARINUS BLUE SPIRES,Rosmarinus officinalis 'Blue Spires'                        ,Blue Spires Rosemary                                        ,,,,,,,,,,,,,,,,,
GA,025961,RUBUS CALYCINOIDES,Rubus calycinoides                                          ,Creeping Bramble                                            ,,,,,,,,,,,,,,,,,
GA,011691,RUDBECKIA HIR INDIAN SUMMER,Rudbeckia hirta 'Indian Summer'                             ,Indian Summer Black-Eyed Susan                              ,,,,,,,,,,,,,,,,,
GA,070271,RUELLIA KATIE,Ruellia brittoniana 'Katie'                                 ,Dwarf Katie Ruellia                                         ,,,,,,,,,,,,,,,,,
GA,034921,SALVIA GAUR BLACK & BLUE,Salvia guaranitica 'Black and Blue'                         ,Black And Blue Sage                                         ,,,,,,,,,,,,,,,,,
GA,068421,SALVIA WENDY'S WISH PP21889,"Salvia hybrida 'Wendy's Wish' P.P.#21,889                   ",Wendy's Wish Sage                                           ,,,,,,,,,,,,,,,,,
GA,070971,SCABIOSA COL BUTTERFLY BLUE,Scabiosa columbaria 'Butterfly Blue'                        ,Butterfly Blue Pincushion Flower                            ,,,,,,,,,,,,,,,,,
GA,071661,SCABIOSA COL PINK MIST,Scabiosa columbaria 'Pink Mist'                             ,Pink Mist Pincushion Flower                                 ,,,,,,,,,,,,,,,,,
GA,065021,SEDUM DASYPHYLLUM MAJOR,Sedum dasyphyllum 'Major'                                   ,Corsican Stonecrop                                          ,,,,,,,,,,,,,,,,,
GA,06987UT,SEDUM TETRACTINUM CORAL REEF,Sedum tetractinum 'Coral Reef'                              ,Chinese Sedum                                               ,,,,,,,,,,,,,,,,,
GA,07073UT,SEDUM TRICOLOR,Sedum spurium 'Tricolor'                                    ,Variegated Stonecrop                                        ,,,,,,,,,,,,,,,,,
GA,065611,SEMPERVIVUM KREBS DES ROSE,Sempervivum 'Krebs'                                         ,Krebs Desert Rose Hens and Chicks                           ,,,,,,,,,,,,,,,,,
GA,011881,SETCREASEA PALLIDA,Setcreasea pallida                                          ,Purple Heart                                                ,,,,,,,,,,,,,,,,,
GA,011011,SISYRINCHIUM ANG BLUE NOTE TM,Sisyrinchium angustifolium                                  ,Blue Note™  Blue-Eyed Grass,,,,,,,,,,,,,,,,,
GA,011891,SISYRINCHIUM ANG LUCERNE,Sisyrinchium angustifolium 'Lucerne'                        ,Lucerne Blue Eyed Grass                                     ,,,,,,,,,,,,,,,,,
GA,065641,STOKESIA LAEVIS COLORWHEEL,Stokesia laevis 'Color Wheel'                               ,Color Wheel Stokes' Aster                                   ,,,,,,,,,,,,,,,,,
GA,01259X,THUJA GREEN GIANT,Thuja (standish x plicata) 'Green Giant'                    ,Green Giant Western Arborvitae                              ,,,,,,,,,,,,,,,,,
GA,072815,THUJA OC DEGROOT'S SPIRE,Thuja occidentalis 'Degroot's Spire'                        ,Degroot's Spire Arborvitae                                  ,,,,,,,,,,,,,,,,,
GA,015222,THUJA OC SHERWOOD MOSS,Thuja occidentalis 'Sherwood Moss'                          ,Sherwood Moss Arborvitae                                    ,,,,,,,,,,,,,,,,,
GA,039751,TIBOUCHINA LEPIDOTA,Tibouchina lepidota                                         ,Glory Bush                                                  ,,,,,,,,,,,,,,,,,
GA,039752,TIBOUCHINA LEPIDOTA,Tibouchina lepidota                                         ,Glory Bush                                                  ,,,,,,,,,,,,,,,,,
GA,039755PT,TIBOUCHINA LEPIDOTA,Tibouchina lepidota                                         ,Glory Bush                                                  ,,,,,,,,,,,,,,,,,
GA,070051ST,TRACH JASMINOIDES,Trachelospermum jasminoides                                 ,Star Jasmine                                                ,,,,,,,,,,,,,,,,,
GA,409241,VERB ENDURASCP TM DRK PRL PPAF,Verbena hybrida 'Balendakle' P.P.A.F.                       ,Endurascape™  Purple Verbena,,,,,,,,,,,,,,,,,
GA,409221,VERB ENDURASCP TM RED PPAF,Verbena hybrida 'Balendred' P.P.A.F.                        ,Endurascape™  Red Verbena,,,,,,,,,,,,,,,,,
GA,073461,VERBENA X PURPLE SPREADER TM,Verbena canadensis 'Homestead Purple'                       ,Purple Spreader™  Garden Verbena,,,,,,,,,,,,,,,,,
GA,074759,VIB AWABUKI CHINDO,Viburnum awabuki 'Chindo'                                   ,Chindo Sweet Viburnum                                       ,,,,,,,,,,,,,,,,,
GA,092675,VIB OBOVATUM WHORLED CLASS,Viburnum obovatum 'Whorled Class'                           ,Whorled Class Viburnum                                      ,,,,,,,,,,,,,,,,,
GA,075105,VIB OPULUS STERILE,Viburnum opulus 'Sterile'                                   ,Eastern Snowball                                            ,,,,,,,,,,,,,,,,,
GA,076005,VIB TINUS COMPACTUM,Viburnum tinus 'Compactum'                                  ,Spring Bouquet Laurustinus                                  ,,,,,,,,,,,,,,,,,
GA,076815,WISTERIA FRU AMETHYST FALLS,Wisteria frutescens 'Amethyst Falls'                        ,Amethyst Falls American Wisteria                            ,,,,,,,,,,,,,,,,,
GA,017345,WISTERIA MAC BLUE MOON,Wisteria macrostachya 'Blue Moon'                           ,Blue Moon Kentucky Wisteria                                 ,,,,,,,,,,,,,,,,,
GA,076855,WISTERIA SINENSIS,Wisteria sinensis                                           ,Chinese Wisteria                                            ,,,,,,,,,,,,,,,,,
