Loc,Item,Description,Botanical Name,Common Name
OR,038775,HYD MAC MINI PENNY TM PP15744,"Hydrangea macrophylla 'Mini Penny' P.P. #15,744             ",Mini Penny™  Hydrangea
OR,089932S,HYD MAC PARAPLU TM PPAF,Hydrangea macrophylla 'SMHMP1' P.P.A.F.                     ,Paraplu®  Bigleaf Hydrangea
OR,023755,HYD MAC PENNY MAC,Hydrangea macrophylla 'Penny Mac'                           ,Penny Mac Hydrangea                                         
OR,042022,HYD PAN ANGEL'S BLUSH R P10751,"Hydrangea paniculata 'Ruby' P.P.# 10,751                    ",Angel's Blush®  Hydrangea
OR,042025,HYD PAN ANGEL'S BLUSH R P10751,"Hydrangea paniculata 'Ruby' P.P.# 10,751                    ",Angel's Blush®  Hydrangea
OR,024372S,HYD PAN LIMELIGHT PP12874,"Hydrangea	paniculata 'Limelight' P.P. #12,874, C.B.R. #2,319",Limelight Hardy Hydrangea                                   
OR,024375,HYD PAN LIMELIGHT PP12874,"Hydrangea	paniculata 'Limelight' P.P. #12,874, C.B.R. #2,319",Limelight Hardy Hydrangea                                   
OR,035011,HYD PET MIRANDA,Hydrangea anomala petiolaris 'Miranda'                      ,Miranda Climbing Hydrangea                                  
OR,035012,HYD PET MIRANDA,Hydrangea anomala petiolaris 'Miranda'                      ,Miranda Climbing Hydrangea                                  
OR,035015,HYD PET MIRANDA,Hydrangea anomala petiolaris 'Miranda'                      ,Miranda Climbing Hydrangea                                  
OR,041701,HYD PETIOLARIS,Hydrangea anomala petiolaris                                ,Climbing Hydrangea                                          
OR,041705,HYD PETIOLARIS,Hydrangea anomala petiolaris                                ,Climbing Hydrangea                                          
OR,056482,HYD SERRATA CHIRI-SAN SUE (DH),Hydrangea serrata 'Chiri-san Sue'                           ,Chiri-san Sue Mountain Hydrangea                            
OR,056485,HYD SERRATA CHIRI-SAN SUE (DH),Hydrangea serrata 'Chiri-san Sue'                           ,Chiri-san Sue Mountain Hydrangea                            
OR,065381,HYPERICUM AN IGNITE RED P19468,"Hypericum androsaemum 'Seifire' P.P. #19,468                ",Ignite Red St. John's Wort                                  
OR,065382,HYPERICUM AN IGNITE RED P19468,"Hypericum androsaemum 'Seifire' P.P. #19,468                ",Ignite Red St. John's Wort                                  
OR,042131,HYPERICUM FRONDOSUM SUNBURST,Hypericum frondosum 'Sunburst'                              ,Sunburst St. John's Wort                                    
OR,080891S,HYPERICUM K BLUES FSTVL TM PAF,Hypericum kalmianum 'Blue & Gold' P.P.A.F.                  ,Blue & Gold St. John's Wort                                 
OR,090981,IBERIS SEMP PURITY,Iberis sempervirens 'Purity'                                ,Purity Candytuft                                            
OR,043055,ILEX AQ GOLD COAST R,Ilex aquifolium 'Monvila'                                   ,Gold Coast®  English Holly
OR,089972S,ILEX CREN PATTI O TM,                                                            ,                                                            
OR,044931,ILEX CREN SKY PENCIL(SKY SNTRY,Ilex crenata 'Sky Pencil'                                   ,Sky Pencil Japanese Holly                                   
OR,007595,ILEX CREN SOFT TOUCH,Ilex crenata 'Soft Touch'                                   ,Soft Touch Compact Holly                                    
OR,092652,ILEX EMRLD COLONNADE R PP23905,"Ilex x 'RutHol1' P.P.#23,905                                ",Emerald Colonnade®  Holly
OR,092655,ILEX EMRLD COLONNADE R PP23905,"Ilex x 'RutHol1' P.P.#23,905                                ",Emerald Colonnade®  Holly
OR,086345,ILEX VERT BERRY POPPINS R,Ilex verticillata 'FarrowBPop' P.P.A.F.                     ,Berry Poppins™  Winterberry
OR,086355,ILEX VERT MR POPPINS R,Ilex verticillata 'FarrowMP' P.P.A.F.                       ,Mr. Poppins™  Winterberry
OR,045135,ILEX X BERRI-MAGIC R ROYALTY,Ilex x meserveae 'Blue Prince' & 'Blue Princess'            ,Berri-Magic®  Royalty Holly Combination
OR,045105,ILEX X BLUE GIRL,Ilex x meserveae 'Blue Girl'                                ,Blue Girl Holly                                             
OR,045172,ILEX X BLUE PRINCESS,Ilex x meserveae 'Blue Princess'                            ,Blue Princess Holly                                         
OR,074955,ILEX X CASTLE SPIRE R PP14310,"Ilex x meserveae 'Hachfee' P.P. #14,310                     ",Castle Spire®  Blue Holly
OR,031155,ILEX X HONEY MAID PP12060,Ilex x 'Honey Maid' P.P.# 12060                             ,Honey Maid Holly                                            
OR,045351,ILEX X LITTLE RASCAL R P9999,"Ilex x 'Mondo' (Male) P.P.# 9,999                           ",Little Rascal®  Holly
OR,019652,ILEX X RED BEAUTY R PP14750,Ilex x 'Rutzan' P.P.# 14750                                 ,Red Beauty®  Holly
OR,019655,ILEX X RED BEAUTY R PP14750,Ilex x 'Rutzan' P.P.# 14750                                 ,Red Beauty®  Holly
OR,021091,ILEX X SCALLYWAG TM PP21941,"Ilex x meservae 'MonNieves' P.P.# 21,941                    ",Scallywag™  Holly
OR,046361,IRIS SIB BENNERUP BLUE,Iris sibirica 'Bennerup Blue'                               ,Bennerup Blue Siberian Iris                                 
OR,046475,IRIS SIB ERIC THE RED,Iris sibirica 'Eric The Red'                                ,Eric The Red Siberian Iris                                  
OR,046011,IRIS SIB RUFFLED VELVET,Iris sibirica 'Ruffled Velvet'                              ,Ruffled Velvet Siberian Iris                                
OR,046015,IRIS SIB RUFFLED VELVET,Iris sibirica 'Ruffled Velvet'                              ,Ruffled Velvet Siberian Iris                                
OR,084905,JUN COMMUNIS VAR MONTANA,Juniperus communis var. montana (var. jackii)               ,Mountain Juniper                                            
OR,049251,JUN H BLUE CHIP,Juniperus horizontalis 'Blue Chip'                          ,Blue Chip Juniper                                           
OR,049255,JUN H BLUE CHIP,Juniperus horizontalis 'Blue Chip'                          ,Blue Chip Juniper                                           
OR,050201,JUN H YOUNGSTOWN,Juniperus horizontalis 'Youngstown'                         ,Youngstown Andorra Juniper                                  
OR,053391,JUN SQUA BLUE STAR,Juniperus squamata 'Blue Star'                              ,Blue Star Juniper                                           
OR,053392,JUN SQUA BLUE STAR,Juniperus squamata 'Blue Star'                              ,Blue Star Juniper                                           
OR,053395,JUN SQUA BLUE STAR,Juniperus squamata 'Blue Star'                              ,Blue Star Juniper                                           
OR,053395PT,JUN SQUA BLUE STAR,Juniperus squamata 'Blue Star'                              ,Blue Star Juniper                                           
OR,054191,KERRIA J PLENIFLORA,Kerria japonica 'Pleniflora'                                ,Double Flowered Japanese Rose                               
OR,054195,KERRIA J PLENIFLORA,Kerria japonica 'Pleniflora'                                ,Double Flowered Japanese Rose                               
OR,086671,KNIPH LEMON POPSICLE TM PPAF,"Kniphofia 'Lemon Popsicle' P.P. 24,01                       ",Lemon Popsicle Hot Poker                                    
OR,080251,KNIPH MANGO POPSICLE TM PPAF,Kniphofia 'Mango Popsicle' P.P.A.F.                         ,Mango Popsicle™  Dwarf Poker
OR,080262,KNIPH PINEAPPL POPSICLE TM PAF,Kniphofia 'Pineapple Popsicle' P.P.A.F.                     ,Pineapple Popsicle Dwarf Poker                              
OR,080271,KNIPH REDHOT POPSICLE TM PPAF,Kniphofia 'Redhot Popsicle' P.P.A.F.                        ,Redhot Popsicle™  Poker
OR,043121,KNIPHOFIA HIR FIRE DANCE,Kniphofia hirsuta 'Fire Dance'                              ,Fire Dance Dwarf Poker                                      
OR,054335,LABURNUM X WAT VOSSII,Laburnum x Watereri 'Vossii'                                ,Golden Chain Tree                                           
OR,024901,LAMIUM M PURPLE DRAGON P15890,Lamium maculatum 'Purple Dragon' P.P.# 15890                ,Purple Dragon Dead Nettle                                   
OR,02490UT,LAMIUM M PURPLE DRAGON P15890,Lamium maculatum 'Purple Dragon' P.P.# 15890                ,Purple Dragon Dead Nettle                                   
OR,009081,LAMIUM ORCHID FROST PP11122,Lamium maculatum 'Orchid Frost' P.P.# 11122                 ,Orchid Frost Spotted Dead Nettle                            
OR,057265,LARIX DECIDUA,Larix decidua                                               ,European Larch                                              
OR,052567,LARIX KAEMPHERI DIANA,Larix kaempferi 'Diana'                                     ,Diana Japanese Larch                                        
OR,057291,LAURUS NOBILIS,Laurus nobilis                                              ,Sweet Bay                                                   
OR,057295,LAURUS NOBILIS,Laurus nobilis                                              ,Sweet Bay                                                   
OR,021471,LAURUS NOBILIS EMERALD WAVE R,Laurus nobilis 'Monem'                                      ,Emerald Wave®  Sweet Bay
OR,021472,LAURUS NOBILIS EMERALD WAVE R,Laurus nobilis 'Monem'                                      ,Emerald Wave®  Sweet Bay
OR,021475,LAURUS NOBILIS EMERALD WAVE R,Laurus nobilis 'Monem'                                      ,Emerald Wave®  Sweet Bay
OR,02147UT,LAURUS NOBILIS EMERALD WAVE R,Laurus nobilis 'Monem'                                      ,Emerald Wave®  Sweet Bay
OR,086691,LAVAN PEN WITH LOVE TM PP22709,"Lavandula stoechas ssp. pedunculata 'Bentley' P.P. #22,709  ",With Love™  Lavender
OR,028131,LAVANDULA X INT PROVENCE,Lavandula x intermedia 'Provence'                           ,Provence French Lavender                                    
OR,060321,LEUCOSCEPTRUM JAP GOLDEN ANGEL,Leucosceptrum japonicum 'Golden Angel'                      ,Golden Angel Japanese Shrub Mint                            
OR,060325,LEUCOSCEPTRUM JAP GOLDEN ANGEL,Leucosceptrum japonicum 'Golden Angel'                      ,Golden Angel Japanese Shrub Mint                            
OR,057881,LIATRIS SPI KOBOLD,Liatris spicata 'Kobold'                                    ,Kobold Gayfeather                                           
OR,033342,LIGULARIA PRZEWALSKI,Ligularia przewalskii                                       ,Ragwort                                                     
OR,058455,LIGUSTRUM VULGARE LODENSE,Ligustrum vulgare 'Lodense'                                 ,Lodense Privet                                              
OR,058805,LIRIODENDRON MAJESTIC BEAUTY R,Liriodendron tulipifera 'Aureo-marginatum'                  ,Majestic Beauty®  Tulip Tree
OR,036805,LIRIODENDRON TULIPIFERA ARNOLD,Liriodendron tulipifera 'Arnold'                            ,Arnold Tulip Tree                                           
OR,058941,LITHODORA GRACE WARD,Lithodora diffusa 'Grace Ward'                              ,Grace Ward Lithodora                                        
OR,404612,LOBELIA SPEC FAN SCARLET,Lobelia x speciosa 'Fan Scarlet'                            ,Fan Scarlet Lobelia                                         
OR,072511,LOBELIA X SPE RUSSIAN PRINCESS,Lobelia x speciosa 'Russian Princess'                       ,Russian Princess Lobelia                                    
OR,059055ST,LONICERA JAP HALLIANA,Lonicera japonica 'Halliana'                                ,Hall's Japanese Honeysuckle                                 
OR,059185,LONICERA PER BERRIES JUBILEE R,Lonicera periclymenum 'Monul'                               ,Berries Jubilee®  Woodbine Honeysuckle
OR,067835,LONICERA SEMP MAJOR WHEELER,Lonicera sempervirens 'Major Wheeler'                       ,Major Wheeler Coral Honeysuckle                             
OR,059905,MAG LILIFLORA NIGRA,Magnolia liliiflora 'Nigra'                                 ,Purple Lily Magnolia                                        
OR,060401,MAG STELLATA ROYAL STAR,Magnolia stellata 'Royal Star'                              ,Royal Star Magnolia                                         
OR,06040M,MAG STELLATA ROYAL STAR,Magnolia stellata 'Royal Star'                              ,Royal Star Magnolia                                         
OR,059585TR,MAG X BLACK TULIP PPAF,Magnolia x soulangiana 'Jurmag1' P.P.A.F.                   ,Black Tulip™  Magnolia
OR,059587TR,MAG X BLACK TULIP PPAF,Magnolia x soulangiana 'Jurmag1' P.P.A.F.                   ,Black Tulip™  Magnolia
OR,059427TR,MAG X ELIZABETH,Magnolia acuminata 'Elizabeth'                              ,Elizabeth Magnolia                                          
OR,060701,MAHONIA AQUIFOLIUM,Mahonia aquifolium                                          ,Oregon Grape Holly                                          
OR,060705,MAHONIA AQUIFOLIUM,Mahonia aquifolium                                          ,Oregon Grape Holly                                          
OR,060931,MAHONIA NERVOSA,Mahonia nervosa                                             ,Longleaf Mahonia                                            
OR,060932,MAHONIA NERVOSA,Mahonia nervosa                                             ,Longleaf Mahonia                                            
OR,060951,MAHONIA REPENS,Mahonia repens                                              ,Creeping Mahonia                                            
OR,036652,MAHONIA X CHARITY,Mahonia x media 'Charity'                                   ,Charity Mahonia                                             
OR,036655,MAHONIA X CHARITY,Mahonia x media 'Charity'                                   ,Charity Mahonia                                             
OR,053582,MAHONIA X MED LIONEL FORTESCUE,Mahonia x media 'Lionel Fortescue'                          ,Lionel Fortescue Mahonia                                    
OR,053585,MAHONIA X MED LIONEL FORTESCUE,Mahonia x media 'Lionel Fortescue'                          ,Lionel Fortescue Mahonia                                    
OR,030575,MALUS CENTURION R,Malus x 'Centzan'                                           ,Centurion®  Crabapple
OR,018325,MALUS SARGENTII TINA,Malus sargentii 'Tina'                                      ,Tina Sargent Crabapple                                      
OR,061145,MALUS X PRAIRIFIRE,Malus x 'Prairifire'                                        ,Prairifire Crabapple                                        
OR,046701,MONARDA D FIREBALL P14235,Monarda didyma 'Fireball' P.P. 14235                        ,Fireball Bee Balm                                           
OR,047251,MUKDENIA ROS CRIMSON FANS,Mukdenia rossii 'Crimson Fans'                              ,Red-Leafed Mukdenia                                         
OR,062185,MYRICA PENSYLVANICA,Myrica pennsylvanica                                        ,Northern Bayberry                                           
OR,062332,NAND DOM HARBOUR DWARF,Nandina domestica 'Harbour Dwarf'                           ,Harbour Dwarf Heavenly Bamboo                               
OR,055661,OPHIOPOGON FORMOSANUM,Ophiopogon formosanum                                       ,Taiwan Mondo Grass                                          
OR,063231,OSMANTHUS HET GOSHIKI,Osmanthus heterophyllus 'Goshiki'                           ,Goshiki False Holly                                         
OR,063232,OSMANTHUS HET GOSHIKI,Osmanthus heterophyllus 'Goshiki'                           ,Goshiki False Holly                                         
OR,063232CN,OSMANTHUS HET GOSHIKI,Osmanthus heterophyllus 'Goshiki'                           ,Goshiki False Holly                                         
OR,063235,OSMANTHUS HET GOSHIKI,Osmanthus heterophyllus 'Goshiki'                           ,Goshiki False Holly                                         
OR,06323UT,OSMANTHUS HET GOSHIKI,Osmanthus heterophyllus 'Goshiki'                           ,Goshiki False Holly                                         
OR,077131,OSTEO AVALANCHE PP22705,"Osteospermum 'Avalanche' P.P. 22,705                        ",Avalanche White Sun Daisy                                   
OR,079331,OSTEO LAVENDER MIST R,Osteospermum sp Lavender Mist® ,Lavender Mist®  Sun Daisy
OR,079351,OSTEO PURPLE MOUNTAIN R,Osteospermum barberiae var. compactum Purple Mountain{{#174},Purple Mountain®  Sun Daisy
OR,063351,PACHYSANDRA TERM GREEN SHEEN,Pachysandra terminalis 'Green Sheen'                        ,Green Sheen Japanese Spurge                                 
OR,06335UT,PACHYSANDRA TERM GREEN SHEEN,Pachysandra terminalis 'Green Sheen'                        ,Green Sheen Japanese Spurge                                 
OR,093191,PACHYSANDRA WINDCLIFF FRAGRANT,Pachysandra axillaris 'Windcliff Fragrant'                  ,Windcliff Fragrant Pachysandra                              
OR,081521S,PARTH Q RED WALL TM PPAF,Parthenocissus quinquefolia 'Troki' P.P.A.F.                ,Red Wall™  Virginia Creeper
OR,081522S,PARTH Q RED WALL TM PPAF,Parthenocissus quinquefolia 'Troki' P.P.A.F.                ,Red Wall™  Virginia Creeper
OR,081525,PARTH Q RED WALL TM PPAF,Parthenocissus quinquefolia 'Troki' P.P.A.F.                ,Red Wall™  Virginia Creeper
OR,002505,PARTH TRI VEITCHII,Parthenocissus tricuspidata 'Veitchii'                      ,Boston Ivy                                                  
OR,409001,PENST ROCK CANDY TM PINK PPAF,Penstemon 'Novapenpin' P.P.A.F.                             ,Rock Candy™  Pink Penstemon
OR,409011,PENST ROCK CANDY TM PRPL PPAF,Penstemon 'Novapenpur' P.P.A.F.                             ,Rock Candy™  Purple Penstemon
OR,066811,PENSTEMON X PRETTY PETTICOAT,Penstemon x 'Pretty Petticoat'                              ,Pretty Petticoat Beardtongue                                
OR,064211,PEROVSKIA ATRIPLICIFOLIA,Perovskia atriplicifolia                                    ,Russian Sage                                                
OR,064212,PEROVSKIA ATRIPLICIFOLIA,Perovskia atriplicifolia                                    ,Russian Sage                                                
OR,064215,PEROVSKIA ATRIPLICIFOLIA,Perovskia atriplicifolia                                    ,Russian Sage                                                
OR,405201,PHLOX PAN BUBBLEGUM PINK,"Phlox paniuculata 'DITOFRA' P.P.# 21,171                    ",Candy Store®  Bubblegum Pink™  Phlox
OR,405221,PHLOX PAN CORAL CREME DROP,"Phlox paniculata 'Ditomdre' P.P.# 20,907                    ",Candy Store®  Coral Cr{{#232}}me Drop Garden Phlox
OR,405231,PHLOX PAN GRAPE LOLLIPOP,"Phlox paniculata 'Ditomsur' P.P.# 21,171                    ",Candy Store®  Grape Lollipop™  Phlox
OR,064341,PHLOX SUB CANDY STRIPE,Phlox subulata 'Candy Stripe'                               ,Candy Stripe Creeping Phlox                                 
OR,06445UT,PHLOX SUB EMERALD BLUE,Phlox subulata 'Emerald Blue'                               ,Emerald Blue Creeping Phlox                                 
OR,06460UT,PHLOX SUB RED WINGS,Phlox subulata 'Red Wings'                                  ,Red Wings Creeping Phlox                                    
OR,085861,PHYGELIUS CAPENSIS MAGENTA,Phygelius capensis 'Magenta'                                ,Magenta Cape Fuchsia                                        
OR,034655,PHYSOCARPUS CENTER GLOW P16894,Physocarpus opulifolius 'Center Glow' P.P.# 16894           ,Center Glow Ninebark                                        
OR,063935,PHYSOCARPUS DIABOLO R P11211,"Physocarpus opulifolius 'Monlo' P.P. #11,211                ",Diabolo®  Ninebark
OR,068265,PHYSOCARPUS OPU DART'S GOLD,Physocarpus opulifolius 'Dart's Gold'                       ,Dart's Gold Ninebark                                        
OR,064525,PICEA ABIES,Picea abies                                                 ,Norway Spruce                                               
OR,064552,PICEA ABIES LITTLE GEM,Picea abies 'Little Gem'                                    ,Little Gem Norway Spruce                                    
OR,064561,PICEA ABIES NIDIFORMIS,Picea abies 'Nidiformis'                                    ,Nest Spruce                                                 
OR,064565,PICEA ABIES NIDIFORMIS,Picea abies 'Nidiformis'                                    ,Nest Spruce                                                 
OR,064577ST,PICEA ABIES PENDULA,Picea abies 'Pendula'                                       ,Weeping Norway Spruce                                       
OR,049015,PICEA BICOLOR PROSTRATA,                                                            ,                                                            
OR,033265,PICEA ENG BUSH'S LACE,Picea engelmannii 'Bush's Lace'                             ,Bush's Lace Engleman Spruce                                 
OR,064621,PICEA GL CONICA,Picea glauca 'Conica'                                       ,Dwarf Alberta Spruce                                        
OR,064622,PICEA GL CONICA,Picea glauca 'Conica'                                       ,Dwarf Alberta Spruce                                        
OR,064622P2,PICEA GL CONICA,Picea glauca 'Conica'                                       ,Dwarf Alberta Spruce                                        
OR,064622SP,PICEA GL CONICA,Picea glauca 'Conica'                                       ,Dwarf Alberta Spruce                                        
OR,064625,PICEA GL CONICA,Picea glauca 'Conica'                                       ,Dwarf Alberta Spruce                                        
OR,064625SP,PICEA GL CONICA,Picea glauca 'Conica'                                       ,Dwarf Alberta Spruce                                        
OR,06462M,PICEA GL CONICA,Picea glauca 'Conica'                                       ,Dwarf Alberta Spruce                                        
OR,06462MP3,PICEA GL CONICA,Picea glauca 'Conica'                                       ,Dwarf Alberta Spruce                                        
OR,06462MSP,PICEA GL CONICA,Picea glauca 'Conica'                                       ,Dwarf Alberta Spruce                                        
OR,019371,PICEA GL CONICA TINY TOWER R,Picea glauca conica 'MonRon'                                ,Tiny Tower®  Alberta Spruce
OR,019372,PICEA GL CONICA TINY TOWER R,Picea glauca conica 'MonRon'                                ,Tiny Tower®  Alberta Spruce
OR,01937E,PICEA GL CONICA TINY TOWER R,Picea glauca conica 'MonRon'                                ,Tiny Tower®  Alberta Spruce
OR,064652,PICEA GL DENSATA,Picea glauca 'Densata'                                      ,Black Hills Spruce                                          
OR,06465M,PICEA GL DENSATA,Picea glauca 'Densata'                                      ,Black Hills Spruce                                          
OR,033275,PICEA GL DENSATA WELLS' WEEPER,Picea glauca 'Wells' Weeper'                                ,Wells' Weeper Spruce                                        
OR,064475,PICEA MARIANA NANA,Picea mariana 'Nana'                                        ,Dwarf Black Spruce                                          
OR,04761M,PICEA OMORIKA SKY TRAILS,Picea omorika 'Sky Trails'                                  ,Sky Trails Serbian Spruce                                   
OR,06481M,PICEA ORIEN ATROVIRENS,Picea orientalis 'Atrovirens'                               ,Oriental Spruce                                             
OR,064785,PICEA PUN GLAUCA FAT ALBERT,Picea pungens 'Fat Albert'                                  ,Fat Albert Colorado Blue Spruce                             
OR,064789,PICEA PUN GLAUCA FAT ALBERT,Picea pungens 'Fat Albert'                                  ,Fat Albert Colorado Blue Spruce                             
OR,06469M,PICEA PUN GLOBOSA,Picea pungens 'Globosa'                                     ,Dwarf Globe Blue Spruce                                     
OR,06469MPT,PICEA PUN GLOBOSA,Picea pungens 'Globosa'                                     ,Dwarf Globe Blue Spruce                                     
OR,064719,PICEA PUN HOOPSII,Picea pungens 'Hoopsii'                                     ,Hoop's Blue Spruce                                          
OR,06471M,PICEA PUN HOOPSII,Picea pungens 'Hoopsii'                                     ,Hoop's Blue Spruce                                          
OR,044635,PICEA PUN ISELI FASTIGATE,Picea pungens 'Iseli fastigiate'                            ,Iseli Fastigiate Spruce                                     
OR,04463M,PICEA PUN ISELI FASTIGATE,Picea pungens 'Iseli fastigiate'                            ,Iseli Fastigiate Spruce                                     
OR,064765,PICEA PUN MOERHEIM,Picea pungens 'Moerheim'                                    ,Moerheim Blue Spruce                                        
OR,064725,PICEA PUN MONTGOMERY,Picea pungens 'Montgomery'                                  ,Montgomery Blue Spruce                                      
OR,01939M,PICEA PUN THE BLUES,Picea pungens 'The Blues'                                   ,The Blues Blue Spruce                                       
OR,04737M,PICEA PUN THOMPSENII,Picea pungens 'Thompsenii'                                  ,Thompsen Blue Spruce                                        
OR,049515,PIERIS J BROOKSIDE MINIATURE,Pieris japonica 'Brookside Miniature'                       ,Brookside Miniature Lily of the Valley                      
OR,04947UT,PIERIS J IMPISH ELF TM PPAF,Pieris japonica 'Shy' P.P.A.F.                              ,Impish Elf®  Lily of the Valley Shrub (Enchanted Fores
OR,065251,PIERIS J PURITY,Pieris japonica 'Purity'                                    ,Purity Japanese Lily Of The Valley                          
OR,051212,PIERIS J RIVER NYMPH TM,Pieris japonica 'River Run'                                 ,River Nymph™  Lily of the Valley Shrub (Enchanted Fore
OR,051215,PIERIS J RIVER NYMPH TM,Pieris japonica 'River Run'                                 ,River Nymph™  Lily of the Valley Shrub (Enchanted Fore
OR,049492,PIERIS J TIKI,Pieris japonica 'Tiki'                                      ,Tiki Lily of the Valley Shrub                               
OR,065301,PIERIS J VALLEY ROSE,Pieris japonica 'Valley Rose'                               ,Valley Rose Lily Of The Valley                              
OR,065302,PIERIS J VALLEY ROSE,Pieris japonica 'Valley Rose'                               ,Valley Rose Lily Of The Valley                              
OR,065312,PIERIS J VALLEY VALENTINE,Pieris japonica 'Valley Valentine'                          ,Valley Valentine Lily Of The Valley                         
OR,065321,PIERIS J VARIEGATA,Pieris japonica 'Variegata'                                 ,Variegated Japanese Lily Of The Valley                      
OR,065322,PIERIS J VARIEGATA,Pieris japonica 'Variegata'                                 ,Variegated Japanese Lily Of The Valley                      
OR,065221,PIERIS TAIWAN PRELUDE,Pieris japonica 'Prelude'                                   ,Prelude Lily Of The Valley                                  
OR,065222,PIERIS TAIWAN PRELUDE,Pieris japonica 'Prelude'                                   ,Prelude Lily Of The Valley                                  
OR,065082,PIERIS X FOREST FLAME,Pieris x 'Forest Flame'                                     ,Forest Flame Lily Of The Valley                             
OR,065425,PINUS CEM SILVER WHISPERS TM,Pinus cembra 'Klein'                                        ,Silver Whispers™  Swiss Stone Pine
OR,065395,PINUS FL VANDERWOLFES PYRAMID,Pinus flexilis 'Vanderwolf's Pyramid'                       ,Vanderwolf's Pyramid Limber Pine                            
OR,064735,PINUS FLEXILIS CESARINI BLUE,                                                            ,                                                            
OR,021545,PINUS KOR SILVERAY,Pinus koraiensis 'Silveray'                                 ,Silveray Korean Pine                                        
OR,065555,PINUS LEUCODERMIS,Pinus leucodermis                                           ,Bosnian Pine                                                
OR,019405,PINUS MONOPHYLLA,Pinus monophylla                                            ,Singleleaf Pinyon                                           
OR,052535PT,PINUS MUGO <RK> VERY COMPACT,                                                            ,                                                            
OR,049092,PINUS MUGO BIG TUNA,Pinus mugo 'Big Tuna                                        ,Big Tuna Mugo Pine                                          
OR,049095,PINUS MUGO BIG TUNA,Pinus mugo 'Big Tuna                                        ,Big Tuna Mugo Pine                                          
OR,032742,PINUS MUGO COMPACT SELECT,Pinus mugo pumilio 'Compact Select'                         ,Compact Mugo Pine                                           
OR,032745,PINUS MUGO COMPACT SELECT,Pinus mugo pumilio 'Compact Select'                         ,Compact Mugo Pine                                           
OR,065452,PINUS MUGO PUMILIO,Pinus mugo pumilio                                          ,Dwarf Mugo Pine                                             
OR,065453,PINUS MUGO PUMILIO,Pinus mugo pumilio                                          ,Dwarf Mugo Pine                                             
OR,065455,PINUS MUGO PUMILIO,Pinus mugo pumilio                                          ,Dwarf Mugo Pine                                             
OR,065455NT,PINUS MUGO PUMILIO,Pinus mugo pumilio                                          ,Dwarf Mugo Pine                                             
OR,065455PT,PINUS MUGO PUMILIO,Pinus mugo pumilio                                          ,Dwarf Mugo Pine                                             
OR,065459NT,PINUS MUGO PUMILIO,Pinus mugo pumilio                                          ,Dwarf Mugo Pine                                             
OR,06545M,PINUS MUGO PUMILIO,Pinus mugo pumilio                                          ,Dwarf Mugo Pine                                             
OR,06545MNT,PINUS MUGO PUMILIO,Pinus mugo pumilio                                          ,Dwarf Mugo Pine                                             
OR,049135,PINUS NIGRA FRANK,Pinus nigra 'Frank'                                         ,Frank's Austrian Pine                                       
OR,025685,PINUS PARV BLUE ANGEL PP14169,"Pinus parviflora 'Blue Angel' P.P.# 14,169                  ",Blue Angel White Pine                                       
OR,046425,PINUS PARVIFLORA GLAUCA NANA,Pinus parviflora 'Glauca Nana'                              ,Dwarf Japanese White Pine                                   
OR,049115,PINUS STROBUS BLUE SHAG,Pinus strobus 'Blue Shag'                                   ,Blue Shag Eastern White Pine                                
OR,065495,PINUS STROBUS NANA,Pinus strobus 'Nana'                                        ,Dwarf Eastern White Pine                                    
OR,065535,PINUS SYL GLAUCA NANA,Pinus sylvestris 'Glauca Nana'                              ,Dwarf Scotch Pine                                           
OR,049145,PINUS SYL GLOBOSA VIRIDIS,Pinus sylvestris 'Globosa Viridis'                          ,Dwarf Twisted Scotch Pine                                   
OR,046835,PINUS THUN THUNDERHEAD,Pinus thunbergii 'Thunderhead'                              ,Thunderhead Japanese Black Pine                             
OR,016582,PITT TEN GOLF BALL P15329,"Pittosporum tenuifolium 'Golf Ball' P.P. #15,329            ",Golf Ball Kohuhu                                            
OR,016802,PITT TEN OLIVER TWIST,Pittosporum tenuifolium 'Oliver Twist'                      ,Oliver Twist Kohuhu                                         
OR,016805,PITT TEN OLIVER TWIST,Pittosporum tenuifolium 'Oliver Twist'                      ,Oliver Twist Kohuhu                                         
OR,051422,PITT TEN TASMAN RUFFLES,Pittosporum tenuifolium 'Tasman Ruffles'                    ,Tasman Ruffles Pittosporum                                  
OR,035142,PODOCARPUS ALP BLUE GEM,Podocarpus alpinus 'Blue Gem'                               ,Blue Gem Alpine Plum Yew                                    
OR,035142ST,PODOCARPUS ALP BLUE GEM,Podocarpus alpinus 'Blue Gem'                               ,Blue Gem Alpine Plum Yew                                    
OR,035112,PODOCARPUS LAW BLUE TREASURE,Podocarpus lawrencei 'Blue Treasure'                        ,Blue Treasure Mountain Plum Pine                            
OR,036561,POLE STAIRWAY TO HEAVEN P15187,Polemonium reptans 'Stairway to Heaven' P.P.# 15187         ,Stairway To Heaven Jacob's Ladder                           
OR,066692,POTENTILLA ABBOTSWOOD,Potentilla fruticosa 'Abbotswood'                           ,Abbotswood Potentilla                                       
OR,066685,POTENTILLA GOLDFINGER,Potentilla fruticosa 'Goldfinger'                           ,Goldfinger Potentilla                                       
OR,086651,POTENTILLA PINK BEAUTY P9874,Potentilla fruticosa 'Pink Beauty' P.P.# 9874               ,Pink Beauty Potentilla                                      
OR,066771,POTENTILLA RED ACE,Potentilla fruticosa 'Red Ace'                              ,Red Ace Potentilla                                          
OR,066772,POTENTILLA RED ACE,Potentilla fruticosa 'Red Ace'                              ,Red Ace Potentilla                                          
OR,066741,POTENTILLA SUNSET,Potentilla fruticosa 'Sunset'                               ,Sunset Potentilla                                           
OR,053845,PROSTANTHERA CUN BADJA PEAK,Prostanthera cuneata 'Badja Peak'                           ,Badja Peak Mint Bush                                        
OR,066835,PRUNUS CER KRAUTER VESUVIUS,Prunus cerasifera 'Krauter Vesuvius'                        ,Krauter Vesuvius Purple Leaf Plum                           
OR,066885,PRUNUS CER THUNDERCLOUD,Prunus cerasifera 'Thundercloud'                            ,Thundercloud Purple Leaf Plum                               
OR,031815,PRUNUS CRMSON POINTE TM P19564,"Prunus x cerasifera 'Cripoizam' P.P. #19,564                ",Crimson Pointe™  Flowering Plum
OR,016525,PRUNUS DREAM CATCHER,Prunus 'Dream Catcher'                                      ,Dream Catcher Flowering Cherry                              
OR,019095,PRUNUS LAUR ETNA,Prunus laurocerasus 'Anbri'                                 ,Etna English Laurel                                         
OR,067101,PRUNUS LAUR MT VERNON,Prunus laurocerasus 'Mount Vernon'                          ,Mount Vernon English Laurel                                 
OR,067102,PRUNUS LAUR MT VERNON,Prunus laurocerasus 'Mount Vernon'                          ,Mount Vernon English Laurel                                 
OR,067051,PRUNUS LAUROCERASUS,Prunus laurocerasus                                         ,English Laurel                                              
OR,067055,PRUNUS LAUROCERASUS,Prunus laurocerasus                                         ,English Laurel                                              
OR,067057,PRUNUS LAUROCERASUS,Prunus laurocerasus                                         ,English Laurel                                              
OR,067051C,PRUNUS LAUROCERASUS (CA CERT),Prunus laurocerasus                                         ,English Laurel                                              
OR,067055C,PRUNUS LAUROCERASUS (CA CERT),Prunus laurocerasus                                         ,English Laurel                                              
OR,066955,PRUNUS PEN PLENO ROSEA,Prunus pendula 'Pleno-rosea'                                ,Double Weeping Rosebud Cherry                               
OR,028025,PRUNUS SER ANGELS BLSH R TAIZO,Prunus serrulata 'Taizo'                                    ,Angel's Blush®  Flowering Cherry
OR,066915,PRUNUS SER KWANZAN,Prunus serrulata 'Kwanzan'                                  ,Kwanzan Flowering Cherry                                    
OR,066945,PRUNUS SER MOUNT FUJI,Prunus serrulata 'Mount Fuji'                               ,Mount Fuji Japanese Flowering Cherry                        
OR,081785,PRUNUS VIR CANADA RED,Prunus virginiana 'Canada Red'                              ,Canada Red Chokecherry                                      
OR,043395,PRUNUS WEEPING EXTRAORDNARE TM,Prunus x 'Extrazam' Weeping Extraordinaire™ ,Weeping Extraordinaire™  Double Flowering Cherry
OR,04339M,PRUNUS WEEPING EXTRAORDNARE TM,Prunus x 'Extrazam' Weeping Extraordinaire™ ,Weeping Extraordinaire™  Double Flowering Cherry
OR,066985,PRUNUS X YEDOENSIS AKEBONO,Prunus x yedoensis 'Akebono'                                ,Akebono Yoshino Cherry                                      
OR,043082,PSEUDOPANAX LAETUS KIWI GEM TM,Pseudopanax laetus                                          ,Kiwi Gem™  Shrub Panax
OR,043085,PSEUDOPANAX LAETUS KIWI GEM TM,Pseudopanax laetus                                          ,Kiwi Gem™  Shrub Panax
OR,069455,QUERCUS PALUSTRIS,Quercus palustris                                           ,Pin Oak                                                     
OR,069315,QUERCUS ROBUR FASTIGIATA,Quercus robur 'Fastigiata'                                  ,Columnar English Oak                                        
OR,069255,QUERCUS RUBRA,Quercus rubra                                               ,Northern Red Oak                                            
OR,046751,RHAPH U RUTRHAPH STHRN MOON TM,"Rhaphiolepis umbellata 'RutRhaph1' P.P.# 20,730             ",Southern Moon®  Yedda Hawthorn
OR,046752,RHAPH U RUTRHAPH STHRN MOON TM,"Rhaphiolepis umbellata 'RutRhaph1' P.P.# 20,730             ",Southern Moon®  Yedda Hawthorn
OR,030461,RHOD (H-1) ELVIIRA,Rhododendron 'Elviira' (H-1)                                ,Elviira Rhododendron                                        
OR,016222,RHOD (H-1) HELLIKKI,Rhododendron x 'Hellikki' (H-1)                             ,Hellikki Rhododendron                                       
OR,016232,RHOD (H-1) HELSINKI UNIVERSITY,Rhododendron x 'Helsinki University' (H-1)                  ,Helsinki University Rhododendron                            
OR,009751,RHOD (H-1) NOVA ZEMBLA,Rhododendron x 'Nova Zembla' (H-1)                          ,Nova Zembla Rhododendron                                    
OR,009972,RHOD (H-1) PURPLE GEM,Rhododendron x 'Purple Gem' (H-1)                           ,Purple Gem Rhododendron                                     
OR,010052,RHOD (H-1) RAMAPO,Rhododendron x 'Ramapo' (H-1)                               ,Ramapo Rhododendron                                         
OR,010055,RHOD (H-1) RAMAPO,Rhododendron x 'Ramapo' (H-1)                               ,Ramapo Rhododendron                                         
OR,010155,RHOD (H-1) ROSEUM ELEGANS,Rhododendron x 'Roseum Elegans' (H-1)                       ,Roseum Elegans Rhododendron                                 
OR,019772,RHOD (H-1) RTR HOOPLA,Rhododendron x 'Hoopla' (H-1) Raise the Roof®  Series,Hoopla Rhododendron                                         
OR,020195,RHOD (H-1) RTR MARCH MADNESS,Rhododendron x 'March Madness' (H-1) Raise the Roof® ,March Madness Rhododendron                                  
OR,009202,RHOD (H-2) CUNNINGHAM'S WHITE,Rhododendron x 'Cunningham's White' (H-2)                   ,Cunningham's White Rhododendron                             
OR,009205,RHOD (H-2) CUNNINGHAM'S WHITE,Rhododendron x 'Cunningham's White' (H-2)                   ,Cunningham's White Rhododendron                             
OR,009255,RHOD (H-2) DAPHNOIDES,Rhododendron x 'Daphnoides' (H-2)                           ,Daphnoides Rhododendron                                     
OR,009435,RHOD (H-2) GOMER WATERER,Rhododendron x 'Gomer Waterer' (H-2)                        ,Gomer Waterer Rhododendron                                  
OR,009572,RHOD (H-2) LEE'S DARK PURPLE,Rhododendron x 'Lee's Dark Purple' (H-2)                    ,Lee's Dark Purple Rhododendron                              
OR,009562,RHOD (H-2) LOOKING GLASS,Rhododendron x 'Looking Glass' (H-2)                        ,Looking Glass Rhododendron                                  
OR,009565,RHOD (H-2) LOOKING GLASS,Rhododendron x 'Looking Glass' (H-2)                        ,Looking Glass Rhododendron                                  
OR,009552,RHOD (H-2) LORD ROBERTS,Rhododendron x 'Lord Roberts' (H-2)                         ,Lord Roberts Rhododendron                                   
OR,009555,RHOD (H-2) LORD ROBERTS,Rhododendron x 'Lord Roberts' (H-2)                         ,Lord Roberts Rhododendron                                   
OR,010072,RHOD (H-2) ROCKET,Rhododendron x 'Rocket' (H-2)                               ,Rocket Rhododendron                                         
OR,010075,RHOD (H-2) ROCKET,Rhododendron x 'Rocket' (H-2)                               ,Rocket Rhododendron                                         
OR,010191,RHOD (H-2) SNEEZY,Rhododendron x 'Sneezy' (H-2)                               ,Sneezy Rhododendron                                         
OR,010192,RHOD (H-2) SNEEZY,Rhododendron x 'Sneezy' (H-2)                               ,Sneezy Rhododendron                                         
OR,010252,RHOD (H-2) TRILBY,Rhododendron x 'Trilby' (H-2)                               ,Trilby Rhododendron                                         
OR,010255,RHOD (H-2) TRILBY,Rhododendron x 'Trilby' (H-2)                               ,Trilby Rhododendron                                         
OR,010405,RHOD (H-2) VULCAN,Rhododendron x 'Vulcan' (H-2)                               ,VULCAN RHODODENDRON                                         
OR,010521,RHOD (H-2) YAKU PRINCESS,Rhododendron x 'Yaku Princess' (H-2)                        ,Yaku Princess Rhododendron                                  
OR,010522,RHOD (H-2) YAKU PRINCESS,Rhododendron x 'Yaku Princess' (H-2)                        ,Yaku Princess Rhododendron                                  
OR,008805,RHOD (H-3) ANNA ROSE WHITNEY,Rhododendron x 'Anna Rose Whitney' (H-3)                    ,Anna Rose Whitney Rhododendron                              
OR,009502,RHOD (H-3) JEAN MARIE DE MNTGE,Rhododendron x 'Jean Marie de Montague' (H-3)               ,Jean Marie De Montague Rhododendron                         
OR,009505,RHOD (H-3) JEAN MARIE DE MNTGE,Rhododendron x 'Jean Marie de Montague' (H-3)               ,Jean Marie De Montague Rhododendron                         
OR,026385,RHOD (H-3) RAC ROCK ROSE,Rhododendron racemosum 'Rock Rose'                          ,Rock Rose Rhododendron                                      
OR,010355,RHOD (H-3) VIRGINIA RICHARDS,Rhododendron x 'Virginia Richards' (H-3)                    ,Virginia Richards Rhododendron                              
OR,009311,RHOD (H-3) YAKU DREAMLAND,Rhododendron x 'Dreamland' (Yakushima hybrid) (H-3)         ,Dreamland Rhododendron                                      
OR,009312,RHOD (H-3) YAKU DREAMLAND,Rhododendron x 'Dreamland' (Yakushima hybrid) (H-3)         ,Dreamland Rhododendron                                      
OR,010502,RHOD (H-3) YELLOW PETTICOATS,Rhododendron x 'Yellow Petticoats' (H-3)                    ,Yellow Petticoats Rhododendron                              
OR,024582,ROSA CARAMBA TM PP13396,Rosa x 'Tanabamar' P.P.# 13396                              ,Caramba®  Shrub Rose
OR,024632,ROSA CHATEAU MERLOT TM PP12190,Rosa x 'Tanoronez' P.P.# 12190                              ,Chateau Merlot®  Shrub Rose
OR,036292,ROSA FLWR CAR R AMBER PPAF,Rosa x 'NOA97400A' P.P.A.F.                                 ,Flower Carpet®  Amber Groundcover Rose
OR,069292,ROSA FLWR CAR R APLBLSM P10239,Rosa x 'Noamel' P.P.# 10239                                 ,Flower Carpet®  Appleblossom Groundcover Rose
OR,069782,ROSA FLWR CAR R PINK,Rosa x 'Noatraum'                                           ,Flower Carpet®  Pink Groundcover Rose
OR,079572,ROSA FLWR CAR R PNK SPLSH PPAF,Rosa x 'Noasplash' P.P.A.F.                                 ,Flower Carpet®  Pink Splash Groundcover Rose
OR,071602,ROSA FLWR CAR R RED P11308,Rosa x 'Noare' P.P.# 11308                                  ,Flower Carpet®  Red Groundcover Rose
OR,036312,ROSA FLWR CAR R SCARLET P17373,"Rosa x 'NOA83100B' P.P. #17,373                             ",Flower Carpet®  Scarlet Groundcover Rose
OR,030902S,ROSA KNCK OUT R DBL RD P16202,Rosa x 'Radtko' P.P.# 16202                                 ,Double Knock Out®  Rose
OR,011622S,ROSA KNCK OUT R P11836 (RED),Rosa x 'Radrazz' P.P.# 11836                                ,Knock Out®  Shrub Rose
OR,022152S,ROSA KNCK OUT R P15070 (PINK),Rosa x 'Radcon' P.P.# 15070                                 ,Pink Knock Out®  Rose
OR,081502,ROSA SWT SPOT TM PEACH PPAF,Rosa L. hybrid var. 'IntRos02' P.P.A.F.                     ,Sweet Spot™  Peach Rose
OR,081392,ROSA SWT SPOT TM YELLOW PPAF,Rosa L. hybrid var. 'IntRos03' P.P.A.F.                     ,Sweet Spot™  Yellow Rose
OR,058915ST,ROSA-CL-WILLIAM BAFFIN,Rosa x 'William Baffin'                                     ,William Baffin Climbing Rose                                
OR,020491,ROSMARINUS OFF ARP,Rosmarinus officinalis 'Arp'                                ,Arp Rosemary                                                
OR,020492,ROSMARINUS OFF ARP,Rosmarinus officinalis 'Arp'                                ,Arp Rosemary                                                
OR,084941,ROSMARINUS OFF SPICE ISLANDS,Rosmarinus officinalis 'Spice Islands'                      ,Spice Islands Rosemary                                      
OR,070281,ROSMARINUS OFF TUSCAN BLUE,Rosmarinus officinalis 'Tuscan Blue'                        ,Tuscan Blue Rosemary                                        
OR,070282,ROSMARINUS OFF TUSCAN BLUE,Rosmarinus officinalis 'Tuscan Blue'                        ,Tuscan Blue Rosemary                                        
OR,041361,ROSMARINUS ROMAN BTY PP18192,"Rosmarinus officinalis 'Roman Beauty' P.P.# 18,192          ",Roman Beauty Rosemary                                       
OR,041362,ROSMARINUS ROMAN BTY PP18192,"Rosmarinus officinalis 'Roman Beauty' P.P.# 18,192          ",Roman Beauty Rosemary                                       
OR,025961,RUBUS CALYCINOIDES,Rubus calycinoides                                          ,Creeping Bramble                                            
OR,079382,RUBUS RSPBRY SHRTCKE TM P22141,"Rubus idaeus 'NR7' P.P. #22,141                             ",BrazelBerries®  Raspberry Shortcake™  Dwarf Thor
OR,079389,RUBUS RSPBRY SHRTCKE TM P22141,"Rubus idaeus 'NR7' P.P. #22,141                             ",BrazelBerries®  Raspberry Shortcake™  Dwarf Thor
OR,071111,RUDBECKIA ERLY BRD GLD PP20286,"Rudbeckia fulgida 'Early Bird Gold' P.P. #20,286            ",Early Bird Gold Gloriosa Daisy                              
OR,071011,RUDBECKIA FULGIDA GOLDSTURM,Rudbeckia fulgida var. sullivantii 'Goldsturm'              ,Goldsturm Black Eyed Susan                                  
OR,070465,SALIX CAP KILMARNOCK(S C PEND),Salix caprea 'Kilmarnock'                                   ,Kilmarnock Willow                                           
OR,070615PT,SALIX INTEGRA HAKURO NISHIKI,Salix integra 'Hakuro Nishiki'                              ,Dappled Willow                                              
OR,086705,SALIX PURPUREA CANYON BLUE,Salix purpurea 'Canyon Blue'                                ,Canyon Blue Arctic Blue Leaf Willow                         
OR,412691,SALVIA NEM BLUE MARVEL PPAF,Salvia nemorosa 'Blue Marvel'                               ,Blue Marvel Salvia                                          
OR,019541,SALVIA NEM MARCUS R PP13322,Salvia nemorosa 'Haeumanarc' P.P.# 13322                    ,Marcus®  Meadow Sage
OR,020411,SALVIA NEMOROSA CARADONNA,Salvia nemorosa 'Caradonna'                                 ,Caradonna Meadow Sage                                       
OR,070591,SALVIA NEMOROSA EAST FRIESLAND,Salvia nemorosa 'East Friesland'                            ,East Friesland Meadow Sage                                  
OR,407941,SALVIA SNSATION R DEEP ROS PAF,Salvia nemorosa 'Sensation Deep Rose' P.P.A.F.              ,Sensation Deep Rose Salvia                                  
OR,400271,SALVIA SNSATION R SKY BLUE PAF,Salvia nemerosa 'Sky Blue' P.P.A.F.                         ,Sensation®  Sky Blue Sage
OR,030321,SALVIA X SYL SNOW HILL,Salvia x sylvestris 'Snow Hill'                             ,Snow Hill Meadow Sage                                       
OR,035945,SAMBUCUS BLACK LACE TM PP15575,"Sambucus nigra 'Eva' P.P. #15,575, C.B.R. #2,633            ",Black Lace™  Elderberry
OR,019995,SAMBUCUS BLK BEAUTY TM PP12305,"Sambucus nigra 'Gerda' P.P. #12,305, C.B.R. #2,663          ",Black Beauty™  Elderberry
OR,070401,SANTOLINA CHAMAECYPARISSUS,Santolina chamaecyparissus                                  ,Lavender Cotton                                             
OR,076641,SAXIFRAGA FORT BERRY BRIGHT TM,Saxifraga fortunei 'Magenta'                                ,Berry Bright™  Saxifrage
OR,076731,SAXIFRAGA FORTUNEI PINK ELF R,Saxifraga fortunei                                          ,Pink Elf®  Saxifrage
OR,070971,SCABIOSA COL BUTTERFLY BLUE,Scabiosa columbaria 'Butterfly Blue'                        ,Butterfly Blue Pincushion Flower                            
OR,049955,SCHEFFLERA TAIW YUAN SHAN,Schefflera taiwaniana 'Yuan Shan'                           ,Yuan Shan Hardy Schefflera                                  
OR,043462,SCHIZOPHRAGMA ELLIP 8170 DJHV8,                                                            ,                                                            
OR,043465,SCHIZOPHRAGMA ELLIP 8170 DJHV8,                                                            ,                                                            
OR,071025,SCHIZOPHRAGMA HYD MOONLIGHT,Schizophragma hydrangeoides 'Moonlight'                     ,Moonlight Chinese Hydrangea Vine                            
OR,06501UT,SEDUM ACRE,Sedum acre                                                  ,Goldmoss Sedum                                              
OR,06500UT,SEDUM ALB C BABY TEARS,Sedum album chloroticum 'Baby Tears'                        ,Baby Tears Stonecrop                                        
OR,029141,SEDUM BLUE SPRUCE,Sedum reflexum 'Blue Spruce'                                ,Blue Spruce Stonecrop                                       
OR,070941,SEDUM BRONZE CARPET,Sedum spurium 'Bronze Carpet'                               ,Bronze Carpet Stonecrop                                     
OR,07094UT,SEDUM BRONZE CARPET,Sedum spurium 'Bronze Carpet'                               ,Bronze Carpet Stonecrop                                     
OR,03028UT,SEDUM DRAGON'S BLOOD,Sedum spurium 'Dragon's Blood'                              ,Dragon's Blood Stonecrop                                    
OR,092351,SEDUM ELSIE GOLD PP20368,"Sedum spectabile 'Elsie's Gold' P.P.#20,368                 ",Elsie's Gold Stonecrop                                      
OR,06505UT,SEDUM GLOBOSUM OLD MAN'S BONES,Sedum globosum 'Old Man's Bones'                            ,Old Man's Bones Stonecrop                                   
OR,01182UT,SEDUM JOHN CREECH,Sedum spurium 'John Creech'                                 ,John Creech Stonecrop                                       
OR,048261,SEDUM OREGANUM,Sedum oreganum                                              ,Oregon Stonecrop                                            
OR,044871,SEDUM RUP ANGELINA PPAF,Sedum rupestre 'Angelina'                                   ,Angelina Stonecrop                                          
OR,04487UT,SEDUM RUP ANGELINA PPAF,Sedum rupestre 'Angelina'                                   ,Angelina Stonecrop                                          
OR,063681,SEDUM SIEBOLDII,Sedum sieboldii                                             ,October Daphne Stonecrop                                    
OR,035171,SEDUM SPURIUM VOODOO,Sedum spurium 'Voodoo'                                      ,Voodoo Stonecrop                                            
OR,035174PTC,SEDUM SPURIUM VOODOO,Sedum spurium 'Voodoo'                                      ,Voodoo Stonecrop                                            
OR,03517UT,SEDUM SPURIUM VOODOO,Sedum spurium 'Voodoo'                                      ,Voodoo Stonecrop                                            
OR,087481,SEDUM SSPKLR R CHERRY TART PAF,Sedum 'Cherry Tart' P.P.A.F.                                ,Sunsparkler®  Cherry Tart Stonecrop
OR,412721,SEDUM SSPKLR R FIRE CRACKR PAF,Sedum 'Firecracker' P.P.A.F.                                ,SunSparkler®  Firecracker Sedum
OR,41272UT,SEDUM SSPKLR R FIRE CRACKR PAF,Sedum 'Firecracker' P.P.A.F.                                ,SunSparkler®  Firecracker Sedum
OR,007331,SEDUM SSPRKLR R DZLBRY PP22457,"Sedum 'Razzleberry' P.P.# 22,457                            ",Sunsparkler®  Dazzleberry Sedum
OR,00733UT,SEDUM SSPRKLR R DZLBRY PP22457,"Sedum 'Razzleberry' P.P.# 22,457                            ",Sunsparkler®  Dazzleberry Sedum
OR,007301,SEDUM SSPRKLR R LIME ZNGR PPAF,Sedum 'Lime Zinger' P.P.A.F.                                ,Sunsparkler®  Lime Zinger Sedum
OR,046311,SEDUM STRAWBERRIES & CREAM,Sedum x telephium 'Strawberries & Cream'                    ,Strawberries & Cream Stonecrop                              
OR,069871,SEDUM TETRACTINUM CORAL REEF,Sedum tetractinum 'Coral Reef'                              ,Chinese Sedum                                               
OR,057161,SEDUM X AUTUMN CHARM PP14421,"Sedum telephium 'Lajos' P.P.# 14,421                        ",Autumn Charm™  Stonecrop
OR,025041,SEDUM X AUTUMN FIRE,Sedum x 'Autumn Fire'                                       ,Autumn Fire Stonecrop                                       
OR,06550UT,SEMPERVIVUM ARACHNOIDEUM,Sempervivum arachnoideum                                    ,Cobweb Houseleek                                            
OR,06559UT,SEMPERVIVUM BLACK,Sempervivum 'Black'                                         ,Black Hens and Chicks                                       
OR,06560UT,SEMPERVIVUM GREEN WHEEL,Sempervivum 'Green Wheel'                                   ,Green Wheel Hens and Chicks                                 
OR,06561UT,SEMPERVIVUM KREBS DES ROSE,Sempervivum 'Krebs'                                         ,Krebs Desert Rose Hens and Chicks                           
OR,04491UT,SEMPERVIVUM RUBIKON,Sempervivum 'Rubikon'                                       ,Rubikon Hens & Chicks                                       
OR,05696UT,SEMPERVIVUM RUBY HEARTS,Sempervivum 'Ruby Hearts'                                   ,Ruby Hearts Hens and Chicks                                 
OR,071051,SKIMMIA JAPONICA-FEMALE,Skimmia japonica (Female)                                   ,Japanese Skimmia (Female)                                   
OR,071052,SKIMMIA JAPONICA-FEMALE,Skimmia japonica (Female)                                   ,Japanese Skimmia (Female)                                   
OR,071062,SKIMMIA JAPONICA-MALE,Skimmia japonica (Male)                                     ,Japanese Skimmia (Male)                                     
OR,071081,SKIMMIA REEVESIANA,Skimmia reevesiana                                          ,Reeves Skimmia                                              
OR,071082,SKIMMIA REEVESIANA,Skimmia reevesiana                                          ,Reeves Skimmia                                              
OR,071031,SOLIDAGO CROWN OF RAYS,Solidago 'Crown of Rays'                                    ,Crown Of Rays Goldenrod                                     
OR,071185,SORBUS HUPEHEN CORAL FIRE TM,Sorbus hupehensis 'Coral Fire'                              ,Coral Fire™  Mountain Ash
OR,075012S,SPIRAEA DBLPLAY R ARTIST PPAF,Spiraea japonica 'Galen' P.P.A.F.                           ,Double Play®  Artist Spirea
OR,075032S,SPIRAEA DBLPLAY R BIGBANG PPAF,Spiraea japonica 'Tracy' P.P.A.F.                           ,Double Play®  Big Bang Spirea
OR,408162S,SPIRAEA DBLPLAY R BL KZO TMPAF,Spiraea media 'Blue Kazoo'                                  ,Double Play®  Blue Kazoo Spirea
OR,071222,SPIRAEA JAP ALPINA,Spiraea japonica 'Alpina'                                   ,Daphne Spirea                                               
OR,071252,SPIRAEA JAP LITTLE PRINCESS,Spiraea japonica 'Little Princess'                          ,Little Princess Spirea                                      
OR,071302,SPIRAEA NIPPON SNOWMOUND,Spiraea nipponica 'Snowmound'                               ,Snowmound Spirea                                            
OR,071305,SPIRAEA NIPPON SNOWMOUND,Spiraea nipponica 'Snowmound'                               ,Snowmound Spirea                                            
OR,071152,SPIRAEA X ANTHONY WATERER,Spiraea x bumalda 'Anthony Waterer'                         ,Anthony Waterer Spirea                                      
OR,071155,SPIRAEA X ANTHONY WATERER,Spiraea x bumalda 'Anthony Waterer'                         ,Anthony Waterer Spirea                                      
OR,071175,SPIRAEA X GOLDFLAME,Spiraea x bumalda 'Goldflame'                               ,Goldflame Spirea                                            
OR,012091,STACHYS BIG EARS,Stachys byzantina 'Big Ears'                                ,Big Ears Lamb's Ear                                         
OR,012111,STACHYS SILVER CARPET,Stachys byzantina 'Silver Carpet'                           ,Silver Carpet Lamb's Ear                                    
OR,050655,STACHYURUS SAL SPARKLER R,Stachyurus salicifolia 'MonEmeri'                           ,Sparkler®  Willow-Leaf Stachyurus
OR,406721,STOKESIA LAEVIS BLUE DANUBE,Stokesia laevis 'Blue Danube'                               ,Blue Danube Aster                                           
OR,022511,STOKESIA LAEVIS PEACHIE'S PICK,Stokesia laevis 'Peachie's Pick'                            ,Peachie's Pick Stokes' Aster                                
OR,071735,STYRAX JAPONICUS,Styrax japonicus                                            ,Japanese Snowbell Tree                                      
OR,017665,SYMPH BRIGHT FANTASY TM P14570,Symphoricarpos 'Bokrabright' P.P.# 14570                    ,Bright Fantasy™  Snowberry
OR,086435,SYRINGA BLOOMERNG R DK PPL PAF,"Syringa x 'SMSJBP7' P.P.A.F., Can P.B.R.A.F.                ",Bloomerang®  Dark Purple Lilac
OR,074681S,SYRINGA BLOOMERNG R PUR P20575,"Syringa x 'Penda' P.P. #20,575, Can. P.P. 4071              ",Bloomerang®  Purple Lilac
OR,074682S,SYRINGA BLOOMERNG R PUR P20575,"Syringa x 'Penda' P.P. #20,575, Can. P.P. 4071              ",Bloomerang®  Purple Lilac
OR,072022,SYRINGA PATULA MISS KIM,Syringa pubescens subsp. patula 'Miss Kim'                  ,Miss Kim Korean Lilac                                       
OR,071801,SYRINGA V ANGEL WHITE,Syringa vulgaris 'Angel White' (Descanso Hybrid)            ,Angel White Lilac                                           
OR,071802,SYRINGA V ANGEL WHITE,Syringa vulgaris 'Angel White' (Descanso Hybrid)            ,Angel White Lilac                                           
OR,071791,SYRINGA V BLUE SKIES R,Syringa vulgaris 'Monore'                                   ,Blue Skies®  Lilac
OR,071795,SYRINGA V BLUE SKIES R,Syringa vulgaris 'Monore'                                   ,Blue Skies®  Lilac
OR,072151,SYRINGA V LAVENDER LADY,Syringa vulgaris 'Lavender Lady'                            ,Lavender Lady Lilac                                         
OR,072152,SYRINGA V LAVENDER LADY,Syringa vulgaris 'Lavender Lady'                            ,Lavender Lady Lilac                                         
OR,071901,SYRINGA V LUDWIG SPAETH,Syringa vulgaris 'Ludwig Spaeth'                            ,Ludwig Spaeth Lilac                                         
OR,072145,SYRINGA V PRESIDENT LINCOLN,Syringa vulgaris 'President Lincoln'                        ,President Lincoln Lilac                                     
OR,072161,SYRINGA V SENSATION,Syringa vulgaris 'Sensation'                                ,Sensation Lilac                                             
OR,072165,SYRINGA V SENSATION,Syringa vulgaris 'Sensation'                                ,Sensation Lilac                                             
OR,028425,SYRINGA X DECLARATION NA62975,Syringa x 'Declaration'                                     ,Declaration Lilac                                           
OR,072191,SYRINGA X HYA POCAHONTAS,Syringa x hyacinthiflora 'Pocahontas'                       ,Pocahontas Canadian Lilac                                   
OR,042191,SYRINGA X OLD GLORY NA62974,Syringa X Old Glory (N.A.# 62974)                           ,Old Glory Lilac                                             
OR,042192,SYRINGA X OLD GLORY NA62974,Syringa X Old Glory (N.A.# 62974)                           ,Old Glory Lilac                                             
OR,042195,SYRINGA X OLD GLORY NA62974,Syringa X Old Glory (N.A.# 62974)                           ,Old Glory Lilac                                             
OR,050115,TAXODIUM DIS PEVE MINARET,Taxodium distichum 'Peve Minaret'                           ,Peve Minaret Dwarf Bald Cypress                             
OR,028852,TAXUS X MED HUBERS TAWNY GOLD,Taxus x media 'Huber's Tawny Gold'                          ,Huber's Tawny Gold Spreading Yew                            
OR,012402,TAXUS X MEDIA BERRYHILLI,Taxus x media 'Berryhillii'                                 ,Berryhill Yew                                               
OR,012405,TAXUS X MEDIA BERRYHILLI,Taxus x media 'Berryhillii'                                 ,Berryhill Yew                                               
OR,072302,TAXUS X MEDIA BROWNII,Taxus x media 'Brownii'                                     ,Brown's Yew                                                 
OR,072305CN,TAXUS X MEDIA BROWNII,Taxus x media 'Brownii'                                     ,Brown's Yew                                                 
OR,072321,TAXUS X MEDIA DENSIFORMIS,Taxus x media 'Densiformis'                                 ,Dense Spreading Yew                                         
OR,072325,TAXUS X MEDIA DENSIFORMIS,Taxus x media 'Densiformis'                                 ,Dense Spreading Yew                                         
OR,07232M,TAXUS X MEDIA DENSIFORMIS,Taxus x media 'Densiformis'                                 ,Dense Spreading Yew                                         
OR,072331,TAXUS X MEDIA HICKSII,Taxus x media 'Hicksii'                                     ,Hicks Yew                                                   
OR,072332,TAXUS X MEDIA HICKSII,Taxus x media 'Hicksii'                                     ,Hicks Yew                                                   
OR,072335,TAXUS X MEDIA HICKSII,Taxus x media 'Hicksii'                                     ,Hicks Yew                                                   
OR,087055,THUJA KORAIENSIS,Thuja koraiensis                                            ,Korean Arborvitae                                           
OR,072942,THUJA OC DANICA,Thuja occidentalis 'Danica'                                 ,Danica Arborvitae                                           
OR,072812,THUJA OC DEGROOT'S SPIRE,Thuja occidentalis 'Degroot's Spire'                        ,Degroot's Spire Arborvitae                                  
OR,073011,THUJA OC EMERALD,Thuja occidentalis 'Smaragd'                                ,Emerald Green Arborvitae                                    
OR,073012,THUJA OC EMERALD,Thuja occidentalis 'Smaragd'                                ,Emerald Green Arborvitae                                    
OR,073015,THUJA OC EMERALD,Thuja occidentalis 'Smaragd'                                ,Emerald Green Arborvitae                                    
OR,073015SP,THUJA OC EMERALD,Thuja occidentalis 'Smaragd'                                ,Emerald Green Arborvitae                                    
OR,073019,THUJA OC EMERALD,Thuja occidentalis 'Smaragd'                                ,Emerald Green Arborvitae                                    
OR,07301M,THUJA OC EMERALD,Thuja occidentalis 'Smaragd'                                ,Emerald Green Arborvitae                                    
OR,047442,THUJA OC FIRE CHIEF TM P19009,"Thuja occidentalis 'Congabe' P.P. #19,009                   ",Fire Chief™  Globe Arborvitae
OR,072862,THUJA OC GOLDEN GLOBE,Thuja occidentalis 'Golden Globe'                           ,Golden Globe Arborvitae                                     
OR,072865,THUJA OC GOLDEN GLOBE,Thuja occidentalis 'Golden Globe'                           ,Golden Globe Arborvitae                                     
OR,055971,THUJA OC GOLDEN TUFFET,Thuja occidentalis 'Golden Tuffet'                          ,Golden Tuffet Arborvitae                                    
OR,055972,THUJA OC GOLDEN TUFFET,Thuja occidentalis 'Golden Tuffet'                          ,Golden Tuffet Arborvitae                                    
OR,055975PT,THUJA OC GOLDEN TUFFET,Thuja occidentalis 'Golden Tuffet'                          ,Golden Tuffet Arborvitae                                    
OR,072922,THUJA OC HETZ MIDGET,Thuja occidentalis 'Hetz Midget'                            ,Hetz Midget Arborvitae                                      
OR,072925,THUJA OC HETZ MIDGET,Thuja occidentalis 'Hetz Midget'                            ,Hetz Midget Arborvitae                                      
OR,053931,THUJA OC HIGHLIGHTS TM PP21967,"Thuja occidentalis 'Janed Gold' PP.# 21,967                 ",Highlights™  Arborvitae
OR,053932,THUJA OC HIGHLIGHTS TM PP21967,"Thuja occidentalis 'Janed Gold' PP.# 21,967                 ",Highlights™  Arborvitae
OR,053935,THUJA OC HIGHLIGHTS TM PP21967,"Thuja occidentalis 'Janed Gold' PP.# 21,967                 ",Highlights™  Arborvitae
OR,072872,THUJA OC LITTLE GIANT,Thuja occidentalis 'Little Giant'                           ,Little Giant Dwarf Arborvitae                               
OR,072875,THUJA OC LITTLE GIANT,Thuja occidentalis 'Little Giant'                           ,Little Giant Dwarf Arborvitae                               
OR,031185,THUJA OC MALONYANA,Thuja occidentalis 'Malonyana'                              ,Malonyana Arborvitae                                        
OR,022175,THUJA OC MR BOWLING BALL R,Thuja occidentalis 'Bobozam'                                ,Mr. Bowling Ball™  Arborvitae
OR,075055,THUJA OC NORTH POLE R PPAF,"Thuja occidentalis 'Art Boe' P.P. #22,174                   ",North Pole™  Arborvitae
OR,072892,THUJA OC RHEINGOLD,Thuja occidentalis 'Rheingold'                              ,Rheingold Arborvitae                                        
OR,073055,THUJA OC RUSHMORE,Thuja occidentalis 'Rushmore'                               ,Rushmore Arborvitae                                         
OR,072915,THUJA OC YELLOW RIBBON,Thuja occidentalis 'Yellow Ribbon'                          ,Yellow Ribbon Arborvitae                                    
OR,019441,THUJA PL GRN GLOBE (GRNE KGEL),Thuja plicata 'Grune Kugel'                                 ,Grune Kugel Western Red Cedar                               
OR,019442,THUJA PL GRN GLOBE (GRNE KGEL),Thuja plicata 'Grune Kugel'                                 ,Grune Kugel Western Red Cedar                               
OR,031195,THUJA PLICATA GREEN SPORT,Thuja plicata 'Green Sport'                                 ,Green Sport Western Red Cedar                               
OR,019455,THUJA PLICATA SUNSHINE,Thuja plicata 'Sunshine'                                    ,Sunshine Western Red Cedar                                  
OR,066572,THUJA PLICATA WHIPCORD,Thuja plicata 'Whipcord'                                    ,Whipcord Western Red Cedar                                  
OR,055142,THUJA X EMBER WAVES TM PP25363,"Thuja 'MonPin' P.P.# 25,363                                 ",Ember Waves™  Western Arborvitae
OR,055145,THUJA X EMBER WAVES TM PP25363,"Thuja 'MonPin' P.P.# 25,363                                 ",Ember Waves™  Western Arborvitae
OR,05514M,THUJA X EMBER WAVES TM PP25363,"Thuja 'MonPin' P.P.# 25,363                                 ",Ember Waves™  Western Arborvitae
OR,05514UT,THUJA X EMBER WAVES TM PP25363,"Thuja 'MonPin' P.P.# 25,363                                 ",Ember Waves™  Western Arborvitae
OR,034052,THUJOPSIS DOLOBRATA NANA,Thujopsis dolobrata 'Nana'                                  ,False Hiba Cedar                                            
OR,034055,THUJOPSIS DOLOBRATA NANA,Thujopsis dolobrata 'Nana'                                  ,False Hiba Cedar                                            
OR,05124UT,THYMUS PRA PINK CHINTZ,Thymus 'Pink Chintz'                                        ,Pink Chintz Thyme                                           
OR,029675,TILIA TOMENTOSA SATIN SHADOW R,Tilia tomentosa 'Sashazam'                                  ,Satin Shadow®  Linden
OR,053125TR,TROCHODENDRON ARALIOIDES,Trochodendron aralioides                                    ,Taiwanese Parasol Tree                                      
OR,051322,TSUGA C GLDN DUCHESS R PP25503,"Tsuga canadensis 'MonKinn' P.P.#25,503                      ",Golden Duchess®  Eastern Hemlock
OR,051325,TSUGA C GLDN DUCHESS R PP25503,"Tsuga canadensis 'MonKinn' P.P.#25,503                      ",Golden Duchess®  Eastern Hemlock
OR,07343M,TSUGA CAN EMERALD FOUNTAIN R,Tsuga canadensis 'Monler'                                   ,Emerald Fountain®  Canadian Hemlock
OR,034095,TSUGA CAN GRACILLIS,Tsuga canadensis 'Gracilis'                                 ,Gracilis Hemlock                                            
OR,038191,TSUGA CAN JEDDELOH,Tsuga canadensis 'Jeddeloh'                                 ,Jeddeloh Canadian Hemlock                                   
OR,038192,TSUGA CAN JEDDELOH,Tsuga canadensis 'Jeddeloh'                                 ,Jeddeloh Canadian Hemlock                                   
OR,073285,TSUGA CAN PENDULA,Tsuga canadensis 'Pendula'                                  ,Sargent's Weeping Hemlock                                   
OR,073287,TSUGA CAN PENDULA,Tsuga canadensis 'Pendula'                                  ,Sargent's Weeping Hemlock                                   
OR,073265,TSUGA CANADENSIS,Tsuga canadensis                                            ,Canadian Hemlock                                            
OR,073325,ULMUS GLABRA CAMPERDOWNII,Ulmus glabra 'Camperdownii'                                 ,Camperdown Elm                                              
OR,084852,VACC X PINK ICING TM PP23336,"Vaccinium corymbosum 'ZF06-079' P.P.# 23,336                ",BrazelBerries®  Pink Icing™  Blueberry
OR,021745,VACCINIUM CORY SUNSHINE BLUE,Vaccinium x 'Sunshine Blue' (Southern Highbush)             ,Sunshine Blue Blueberry                                     
OR,080362,VACCINIUM CORYMBOSUM CHANDLER,Vaccinium corymbosum 'Chandler' (Northern Highbush)         ,Chandler Midseason Blueberry                                
OR,034481,VACCINIUM CORYMBOSUM JUBILEE,Vaccinium corymbosum 'Jubilee' (Southern Highbush)          ,Jubilee Blueberry                                           
OR,073401,VACCINIUM CORYMBOSUM NORTHLAND,Vaccinium corymbosum 'Northland' (Northern Highbush)        ,Northland Midseason Blueberry                               
OR,073402,VACCINIUM CORYMBOSUM NORTHLAND,Vaccinium corymbosum 'Northland' (Northern Highbush)        ,Northland Midseason Blueberry                               
OR,073742,VACCINIUM CORYMBOSUM PATRIOT,Vaccinium corymbosum 'Patriot' (Northern Highbush)          ,Patriot Early Season Blueberry                              
OR,073745,VACCINIUM CORYMBOSUM PATRIOT,Vaccinium corymbosum 'Patriot' (Northern Highbush)          ,Patriot Early Season Blueberry                              
OR,081712,VACCINIUM PEACH SORBET TM PPAF,"Vaccinium corymbosum 'ZF06-043' P.P.#23,325                 ",BrazelBerries®  Peach Sorbet™  Blueberry
OR,079551,VERONICA HYB TIDAL POOL PPAF,Veronica 'Tidal Pool' P.P.A.F.                              ,Tidal Pool Prostrate Speedwell                              
OR,079481,VERONICA HYB WHITE WATER PPAF,"Veronica x 'Whitewater' P.P.#22,783                         ",Whitewater Speedwell                                        
OR,409261,VERONICA MDY BLUES LT BLU PPAF,Veronica spicata 'Novaverlig' P.P.A.F.                      ,Moody Blues Light Blue Speedwell                            
OR,409271,VERONICA MDY BLUES MAUVE PPAF,Veronica spicata 'Novavermau' P.P.A.F.                      ,Moody Blues Mauve Speedwell                                 
OR,409251,VERONICA MDY BLUES PINK PPAF,Veronica spicata 'Novaverpin' P.P.A.F.                      ,Moody Blues Pink Speedwell                                  
OR,07426UT,VERONICA PROSTRATA TREHANE,Veronica prostrata 'Trehane'                                ,Trehane Speedwell                                           
OR,073621,VERONICA SPICATA RED FOX,Veronica spicata 'Red Fox'                                  ,Red Fox Spike Speedwell                                     
OR,07362UT,VERONICA SPICATA RED FOX,Veronica spicata 'Red Fox'                                  ,Red Fox Spike Speedwell                                     
OR,074202,VIB DAVIDII,Viburnum davidii                                            ,David Viburnum                                              
OR,074205,VIB DAVIDII,Viburnum davidii                                            ,David Viburnum                                              
OR,074652,VIB OPULUS NANUM,Viburnum opulus 'Nanum'                                     ,Dwarf Cranberry Bush                                        
OR,074065,VIB PLI T MARIESI,Viburnum plicatum tomentosum 'Mariesii'                     ,Doublefile Viburnum                                         
OR,073602,VIB X BURKWOODII,Viburnum x burkwoodii                                       ,Burkwood Viburnum                                           
OR,076131,VINCA MINOR BOWLES',Vinca minor 'Bowles'                                        ,Bowles' Common Periwinkle                                   
OR,07613UT,VINCA MINOR BOWLES',Vinca minor 'Bowles'                                        ,Bowles' Common Periwinkle                                   
OR,076041,VIOLA X PURPLE SHOWERS,Viola x 'Purple Showers'                                    ,Purple Showers Viola                                        
OR,076395,WEIGELA FL DARK HORSE PP14381,Weigela florida 'Dark Horse' P.P.# 14381                    ,Dark Horse Weigela                                          
OR,076415,WEIGELA FL FRNC LACE TM P12666,Weigela florida 'Brigela' P.P.# 12666                       ,French Lace™  Weigela
OR,076435,WEIGELA FL MINUET,Weigela florida 'Minuet'                                    ,Minuet Weigela                                              
OR,076541,WEIGELA FL PINK POPPET,Weigela florida 'Plangen'                                   ,Pink Poppet Weigela                                         
OR,076545,WEIGELA FL PINK POPPET,Weigela florida 'Plangen'                                   ,Pink Poppet Weigela                                         
OR,017575,WEIGELA MAGICAL R FNTSY P13567,Weigela florida 'Kolsunn' P.P.# 13567                       ,Magical®  Fantasy Weigela
OR,076811,WISTERIA FRU AMETHYST FALLS,Wisteria frutescens 'Amethyst Falls'                        ,Amethyst Falls American Wisteria                            
OR,066705,ZELKOVA SERRATA GOLD FALLS TM,Zelkova serrata 'Gold Falls'                                ,Gold Falls™  Zelkova
