1,Item,Description,Botanical Name,Common Name
OR,048992,ABIES BAL TYLER'S BLUE,                                                            ,                                                            
OR,051315,ABIES CONCOLOR CANDICANS,Abies concolor 'Candicans'                                  ,Candicans White Fir                                         
OR,021565,ABIES HORSTMANN'S SILBERLOCKE,Abies koreana 'Horstmann's Silberlocke'                     ,Horstmann's Silberlocke Korean Fir                          
OR,019342,ABIES LAS GLAUCA COMPACTA,Abies lasiocarpa 'Glauca Compacta'                          ,Dwarf Blue Rocky Mountain Fir                               
OR,030345,ACER CIR MONROE,Acer circinatum 'Monroe'                                    ,Monroe Vine Maple                                           
OR,001285,ACER F AUTUMN BLAZE R,Acer x freemanii 'Jeffsred'                                 ,Autumn Blaze®  Maple
OR,000485,ACER GIN RED RHAPSODY R,Acer ginnala 'Mondy'                                        ,Red Rhapsody®  Amur Maple
OR,000525,ACER JAPONICUM ACONITIFOLIUM,Acer japonicum 'Aconitifolium'                              ,Fernleaf Full-Moon Maple                                    
OR,000555,ACER NEGUNDO FLAMINGO,Acer negundo 'Flamingo'                                     ,Flamingo Boxelder Maple                                     
OR,030355,ACER PAL AOYAGI,Acer palmatum 'Aoyagi'                                      ,Aoyagi Japanese Maple                                       
OR,001075,ACER PAL ATROLINEARE,                                                            ,                                                            
OR,000702,ACER PAL ATROPURPUREUM-S.,Acer palmatum 'Atropurpureum'                               ,Red-Leaf Japanese Maple                                     
OR,000705,ACER PAL ATROPURPUREUM-S.,Acer palmatum 'Atropurpureum'                               ,Red-Leaf Japanese Maple                                     
OR,000752,ACER PAL BLOODGOOD,Acer palmatum var. atropurpureum 'Bloodgood'                ,Bloodgood Japanese Maple                                    
OR,000802,ACER PAL BURGUNDY LACE,Acer palmatum var. atropurpureum 'Burgundy Lace'            ,Burgundy Lace Japanese Maple                                
OR,000805,ACER PAL BURGUNDY LACE,Acer palmatum var. atropurpureum 'Burgundy Lace'            ,Burgundy Lace Japanese Maple                                
OR,00080M,ACER PAL BURGUNDY LACE,Acer palmatum var. atropurpureum 'Burgundy Lace'            ,Burgundy Lace Japanese Maple                                
OR,000952ST,ACER PAL CRIMSON QUEEN,Acer palmatum var. dissectum 'Crimson Queen'                ,Crimson Queen Japanese Maple                                
OR,000955,ACER PAL CRIMSON QUEEN,Acer palmatum var. dissectum 'Crimson Queen'                ,Crimson Queen Japanese Maple                                
OR,000955ST,ACER PAL CRIMSON QUEEN,Acer palmatum var. dissectum 'Crimson Queen'                ,Crimson Queen Japanese Maple                                
OR,000959ST,ACER PAL CRIMSON QUEEN,Acer palmatum var. dissectum 'Crimson Queen'                ,Crimson Queen Japanese Maple                                
OR,00095M,ACER PAL CRIMSON QUEEN,Acer palmatum var. dissectum 'Crimson Queen'                ,Crimson Queen Japanese Maple                                
OR,000845,ACER PAL EMPEROR I R,Acer palmatum 'Wolff'                                       ,Emperor I®  Japanese Maple
OR,00084M,ACER PAL EMPEROR I R,Acer palmatum 'Wolff'                                       ,Emperor I®  Japanese Maple
OR,018345,ACER PAL OSAKAZUKI,Acer palmatum 'Osakazuki'                                   ,Osakazuki Japanese Maple                                    
OR,01834M,ACER PAL OSAKAZUKI,Acer palmatum 'Osakazuki'                                   ,Osakazuki Japanese Maple                                    
OR,001052,ACER PAL OSHIO BENI,Acer palmatum 'Oshio-Beni'                                  ,Oshio-Beni Japanese Maple                                   
OR,001055,ACER PAL OSHIO BENI,Acer palmatum 'Oshio-Beni'                                  ,Oshio-Beni Japanese Maple                                   
OR,00105M,ACER PAL OSHIO BENI,Acer palmatum 'Oshio-Beni'                                  ,Oshio-Beni Japanese Maple                                   
OR,001022,ACER PAL SANGOKAKU,Acer palmatum 'Sangokaku'                                   ,Coral Bark Japanese Maple                                   
OR,001212,ACER PAL SHAINA,Acer palmatum 'Shaina'                                      ,Shaina Japanese Maple                                       
OR,001215,ACER PAL SHAINA,Acer palmatum 'Shaina'                                      ,Shaina Japanese Maple                                       
OR,031825,ACER PAL SHIN DESHOJO,Acer palmatum 'Deshojo'                                     ,Deshojo Japanese Maple                                      
OR,018332,ACER PAL SHISHIGASHIRA,Acer palmatum 'Shishigashira'                               ,Shishigashira Japanese Maple                                
OR,018335,ACER PAL SHISHIGASHIRA,Acer palmatum 'Shishigashira'                               ,Shishigashira Japanese Maple                                
OR,033962,ACER PAL TROMPENBURG,Acer palmatum 'Trompenburg'                                 ,Trompenburg Japanese Maple                                  
OR,033965,ACER PAL TROMPENBURG,Acer palmatum 'Trompenburg'                                 ,Trompenburg Japanese Maple                                  
OR,03396M,ACER PAL TROMPENBURG,Acer palmatum 'Trompenburg'                                 ,Trompenburg Japanese Maple                                  
OR,000902ST,ACER PAL WATERFALL,Acer palmatum 'Waterfall'                                   ,Waterfall Japanese Maple                                    
OR,000905,ACER PAL WATERFALL,Acer palmatum 'Waterfall'                                   ,Waterfall Japanese Maple                                    
OR,00090M,ACER PAL WATERFALL,Acer palmatum 'Waterfall'                                   ,Waterfall Japanese Maple                                    
OR,000655,ACER PALMATUM,Acer palmatum                                               ,Japanese Maple                                              
OR,049585,ACER PSEUDO ESKIMO SUNSET,Acer pseudoplatanus 'Esk Sunset'                            ,Eskimo Sunset Sycamore Maple                                
OR,03033M,ACER SHIR AUTUMN MOON,Acer shirasawanum 'Autumn Moon'                             ,Autumn Moon Fullmoon Maple                                  
OR,058241,ACHILLEA APRICOT DLGHT PP18738,"Achillea millefolium 'Apricot Delight' P.P.# 18,738         ",Tutti Frutti Apricot Delight Yarrow                         
OR,407531,ACHILLEA MILL PRETTY BELINDA,Achillea millefolium 'Pretty Belinda'                       ,Pretty Belinda Yarrow                                       
OR,029061,ACHILLEA MILL RED VELVET,Achillea millefolium 'Red Velvet'                           ,Red Velvet Yarrow                                           
OR,000511,ACHILLEA OERTEL'S ROSE,Achillea millefolium 'Oertel's Rose'                        ,Oertel's Rose Yarrow                                        
OR,058251,ACHILLEA STRWBRY SDCTN P18401,"Achillea millefolium 'Strawberry Seduction' P.P.# 18,401    ",Strawberry Seduction Yarrow                                 
OR,096085,ACTINIDIA ARG HARDY MALE,Actinidia arguta (Male)                                     ,Hardy Kiwi (Male)                                           
OR,001395,ACTINIDIA ARG ISSAI (FEMALE),Actinidia arguta 'Issai' (Self-fertile female)              ,Hardy Kiwi Vine                                             
OR,056411,ACTINIDIA TETRA  VAR MALOIDES,Actinidia tetramera var. maloides                           ,Rosy Crabapple Kiwi                                         
OR,056415,ACTINIDIA TETRA  VAR MALOIDES,Actinidia tetramera var. maloides                           ,Rosy Crabapple Kiwi                                         
OR,028895,AESCULUS X ARN AUTUMN SPLENDOR,Aesculus x arnoldiana 'Autumn Splendor'                     ,Autumn Splendor Horse Chestnut                              
OR,050011,AGAPANTHUS BLUE LEAP,Agapanthus 'Blue Leap'                                      ,Blue Leap Lily of the Nile                                  
OR,050012,AGAPANTHUS BLUE LEAP,Agapanthus 'Blue Leap'                                      ,Blue Leap Lily of the Nile                                  
OR,050002,AGAPANTHUS INAPTERUS GRASKOP,Agapanthus inapertus 'Graskop'                              ,Graskop Lily of the Nile                                    
OR,412511,AGASTACHE KUDOS CORAL PPAF,Agastache 'Kudos Coral' P.P.A.F.                            ,Kudos Coral Dwarf Hummingbird Mint                          
OR,021251,AGASTACHE X BLUE FORTUNE,Agastache 'Blue Fortune'                                    ,Blue Fortune Hyssop                                         
OR,080301,AJUGA CHOCOLATE CHIP,Ajuga x 'Chocolate Chip'                                    ,Chocolate Chip Carpet Bugle                                 
OR,08030UT,AJUGA CHOCOLATE CHIP,Ajuga x 'Chocolate Chip'                                    ,Chocolate Chip Carpet Bugle                                 
OR,00189UT,AJUGA REPTANS BRONZE BEAUTY,Ajuga reptans 'Bronze Beauty'                               ,Bronze Beauty Carpet Bugle                                  
OR,000591,AJUGA REPTANS BURGUNDY GLOW,Ajuga reptans 'Burgundy Glow'                               ,Burgundy Glow Carpet Bugle                                  
OR,000594PTC,AJUGA REPTANS BURGUNDY GLOW,Ajuga reptans 'Burgundy Glow'                               ,Burgundy Glow Carpet Bugle                                  
OR,00059UT,AJUGA REPTANS BURGUNDY GLOW,Ajuga reptans 'Burgundy Glow'                               ,Burgundy Glow Carpet Bugle                                  
OR,002565,AKEBIA QUINATA SHIRO BANA,Akebia quinata 'Shirobana'                                  ,White Flowered Chocolate Vine                               
OR,035341,AMSONIA HUBRICHTII,Amsonia hubrichtii                                          ,Arkansas Blue Star                                          
OR,016632,ANDROMEDA POL BLUE ICE,Andromeda polifolia 'Blue Ice'                              ,Blue Ice Bog Rosemary                                       
OR,038561,ANEMONE X SERENADE,Anemone x hybrida 'Serenade'                                ,Serenade Japanese Anemone                                   
OR,039021,ANEMONE X WILD SWAN TM PP23132,"Anemone x 'Macane001' Wild Swan™  P.P.# 23,132",Wild Swan™  Hybrid Anemone
OR,029351,AQUILEGIA CAE ORIGAMI MIX,Aquilegia x hybrida 'Origami Mix'                           ,Origami Mix Columbine                                       
OR,055482,ARALIA CORDATA GOTEMBA,Aralia cordata 'Gotemba'                                    ,Gotemba Golden Japanese Spikenard                           
OR,003041,ARMERIA MAR BLOODSTONE,Armeria maritima 'Bloodstone'                               ,Bloodstone Thrift                                           
OR,019461,ARMERIA MAR RUBRIFOLIA,Armeria maritima 'Rubrifolia'                               ,Red Leaf Thrift                                             
OR,003471,ASTER PROF KIPPENBURG,Aster novi-belgii 'Professor Kippenburg'                    ,Professor Kippenburg Dwarf Aster                            
OR,023891,ASTER WOOD'S BLUE,Aster novi-belgii 'Wood's Blue'                             ,Wood's Blue New York Aster                                  
OR,001531,ASTER WOOD'S PINK,Aster novi-belgii 'Wood's Pink'                             ,Woods Pink New York Aster                                   
OR,001591,ASTILBE BRIDAL VEIL,Astilbe x arendsii 'Bridal Veil'                            ,Bridal Veil®  Astilbe
OR,00159UT,ASTILBE BRIDAL VEIL,Astilbe x arendsii 'Bridal Veil'                            ,Bridal Veil®  Astilbe
OR,027501,ASTILBE COLOR FLASH R PP17343,Astilbe x arendsii 'Beauty of Ernst' P.P.# 17343            ,Color Flash®  Astilbe
OR,003511,ASTILBE DEUTSCHLAND,Astilbe x arendsii 'Deutschland'                            ,Deutschland Astilbe                                         
OR,003501,ASTILBE FANAL,Astilbe x arendsii 'Fanal'                                  ,Fanal Astilbe                                               
OR,001631,ASTILBE HENNIE GRAAFLAND,Astilbe simplicifolia 'Hennie Graafland'                    ,Hennie Graafland Star Astilbe                               
OR,034331,ASTILBE MAGGIE DALEY,Astilbe chinensis 'Maggie Daley'                            ,Maggie Daley Astilbe                                        
OR,001681,ASTILBE RED SENTINEL,Astilbe x arendsii 'Red Sentinel'                           ,Red Sentinel Astilbe                                        
OR,003541,ASTILBE RHEINLAND,Astilbe x arendsii 'Rheinland'                              ,Rheinland Astilbe                                           
OR,00354UT,ASTILBE RHEINLAND,Astilbe x arendsii 'Rheinland'                              ,Rheinland Astilbe                                           
OR,023191,ASTRANTIA ABBEY ROAD PP14961,Astrantia major 'Abbey Road' P.P.# 14961                    ,Abbey Road Masterwort                                       
OR,003551,AUBRIETA ROKEY'S PURPLE,Aubrieta x cultorum 'Rokey's Purple'                        ,Rokey's Purple Aubrieta                                     
OR,078761S,AZ BLM-A-THON TM DB PK PP21477,"Rhododendron x 'RLH1-2P8' P.P. #21,477                      ",Bloom-A-Thon®  Pink Double Reblooming Azalea
OR,078762S,AZ BLM-A-THON TM DB PK PP21477,"Rhododendron x 'RLH1-2P8' P.P. #21,477                      ",Bloom-A-Thon®  Pink Double Reblooming Azalea
OR,078752S,AZ BLM-A-THON TM LVNDR PP21476,"Rhododendron x 'RLH14P19' P.P.# 21,476                      ",Bloom-A-Thon®  Lavender Reblooming Azalea
OR,007072,AZALEA EX CANNON'S DOUBLE,Azalea x 'Cannon's Double' (Exbury hybrid)                  ,Cannon's Double Azalea                                      
OR,007075,AZALEA EX CANNON'S DOUBLE,Azalea x 'Cannon's Double' (Exbury hybrid)                  ,Cannon's Double Azalea                                      
OR,008305,AZALEA EX KLONDYKE,Azalea x 'Klondyke' (Exbury hybrid)                         ,Klondyke Azalea                                             
OR,001811,AZALEA GA KAREN,Azalea x 'Karen' (Gable Hybrid)                             ,Karen Azalea                                                
OR,001812,AZALEA GA KAREN,Azalea x 'Karen' (Gable Hybrid)                             ,Karen Azalea                                                
OR,008451,AZALEA GA ROSEBUD,Azalea x 'Rosebud' (Gable Hybrid)                           ,Rosebud Azalea                                              
OR,002031,AZALEA GD RENEE MICHELLE,Azalea x'Renee Michelle' (Girard hybrid)                    ,Renee Michelle Azalea                                       
OR,002032,AZALEA GD RENEE MICHELLE,Azalea x'Renee Michelle' (Girard hybrid)                    ,Renee Michelle Azalea                                       
OR,007401,AZALEA GR FUCHSIA,Azalea x 'Girard's Fuchsia' (Girard hybrid)                 ,Girard's Fuchsia Azalea                                     
OR,007602,AZALEA GR ROSE,Azalea x 'Girard's Rose' (Girard hybrid)                    ,Girard's Rose Azalea                                        
OR,007782,AZALEA NL GOLDEN LIGHTS,Azalea x 'Golden Lights' (Northern Lights hybrid)           ,Golden Lights Azalea                                        
OR,049782,AZARA MICRO VARIEGATA,Azara microphylla 'Variegata'                               ,Variegated Box-Leaf Azara                                   
OR,049785,AZARA MICRO VARIEGATA,Azara microphylla 'Variegata'                               ,Variegated Box-Leaf Azara                                   
OR,049772,AZARA MICROPHYLLA,Azara microphylla                                           ,Box-leaf Azara                                              
OR,049795,AZARA SERRATA ANDEAN GOLD TM,Azara serrata Andean Gold™ ,Andean Gold™  Saw-toothed Azara
OR,078461,BACCHARIS MAGELLANICA,Baccharis magellanica                                       ,Christmas Bush                                              
OR,053492,BAM-BORINDA BOLIANA (CLUMP),Borinda boliana (Clumping)                                  ,Giant Blue Bamboo                                           
OR,050022,BEESIA DELTOPHYLLA,Beesia deltophylla                                          ,Beesia                                                      
OR,074741S,BER SUNJOY R GOLD PILLAR PPAF,"Berberis thunbergii 'Maria' P.P. #18,082                    ",Sunjoy®  Gold Pillar Barberry
OR,012001,BER T ATROPURPUREA,Berberis thunbergii 'Atropurpurea'                          ,Red Leaf Japanese Barberry                                  
OR,012011,BER T CHERRY BOMB R CPBR 3488,Berberis thunbergii 'Monomb' C.P.B.R. #3488                 ,Cherry Bomb®  Japanese Barberry
OR,012012,BER T CHERRY BOMB R CPBR 3488,Berberis thunbergii 'Monomb' C.P.B.R. #3488                 ,Cherry Bomb®  Japanese Barberry
OR,012013,BER T CHERRY BOMB R CPBR 3488,Berberis thunbergii 'Monomb' C.P.B.R. #3488                 ,Cherry Bomb®  Japanese Barberry
OR,012053,BER T CRIMSON PYGMY,Berberis thunbergii 'Crimson Pygmy' ('Atropurpurea Nana')   ,Crimson Pygmy Dwarf Japanese Barberry                       
OR,035232,BER T GOLDEN RUBY R PP16203,"Berberis thunbergii 'Goruzam' P.P. #16,203                  ",Golden Ruby®  Barberry
OR,035233,BER T GOLDEN RUBY R PP16203,"Berberis thunbergii 'Goruzam' P.P. #16,203                  ",Golden Ruby®  Barberry
OR,012102,BER T HELMOND PILLAR,Berberis thunbergii 'Helmond Pillar'                        ,Helmond Pillar Barberry                                     
OR,012105,BER T HELMOND PILLAR,Berberis thunbergii 'Helmond Pillar'                        ,Helmond Pillar Barberry                                     
OR,035241,BER T PYGMY RUBY TM,Berberis thunbergii 'Pygruzam'                              ,Pygmy Ruby™  Barberry
OR,012201,BER T ROSE GLOW,Berberis thunbergii 'Rose Glow'                             ,Rose Glow Japanese Barberry                                 
OR,012202,BER T ROSE GLOW,Berberis thunbergii 'Rose Glow'                             ,Rose Glow Japanese Barberry                                 
OR,012205,BER T ROSE GLOW,Berberis thunbergii 'Rose Glow'                             ,Rose Glow Japanese Barberry                                 
OR,012211,BER T ROYAL BURGUNDY R P9461,Berberis thunbergii 'Gentry' P.P.# 9461                     ,Royal Burgundy®  Barberry
OR,012212,BER T ROYAL BURGUNDY R P9461,Berberis thunbergii 'Gentry' P.P.# 9461                     ,Royal Burgundy®  Barberry
OR,029661,BER T ROYAL CLOAK,Berberis thunbergii 'Royal Cloak'                           ,Royal Cloak Japanese Barberry                               
OR,029665,BER T ROYAL CLOAK,Berberis thunbergii 'Royal Cloak'                           ,Royal Cloak Japanese Barberry                               
OR,022021,BERGENIA COR WINTERGLOW,Bergenia cordifolia 'Winterglut'                            ,Winterglow Bergenia                                         
OR,012315,BETULA JACQUEMONTII,Betula utilis var. jacquemontii                             ,Whitebarked Himalayan Birch                                 
OR,024715,BETULA N SUMR CASCADE PP15150,Betula nigra 'Summer Cascade' P.P.# 15105                   ,Summer Cascade River Birch                                  
OR,002345,BETULA NIGRA DURA HEAT R,Betula nigra 'BNMTF'                                        ,Dura Heat®  River Birch
OR,012365,BETULA PENDULA PURPLE RAIN R,Betula pendula 'Monle'                                      ,Purple Rain®  European White Birch
OR,012415SE,BETULA PENDULA YOUNGII,Betula pendula 'Youngii'                                    ,Young's Weeping Birch                                       
OR,012417SE,BETULA PENDULA YOUNGII,Betula pendula 'Youngii'                                    ,Young's Weeping Birch                                       
OR,013651,BRUNNERA MAC VARIEGATA,Brunnera macrophylla 'Variegata'                            ,Variegated Siberian Bugloss                                 
OR,080811S,BUD LO&BEHLD R ICE CHIP PPAF,Buddleja Lo & Behold®  'Ice Chip' P.P.A.F. Can. P.B.R.,Ice Chip Summer Lilac                                       
OR,080812S,BUD LO&BEHLD R ICE CHIP PPAF,Buddleja Lo & Behold®  'Ice Chip' P.P.A.F. Can. P.B.R.,Ice Chip Summer Lilac                                       
OR,077392S,BUDDLEJA MISS MOLLY PPAF,"Buddleja x 'Miss Molly' P.P.A.F., C.B.R.A.F.                ",Miss Molly Summer Lilac                                     
OR,077395,BUDDLEJA MISS MOLLY PPAF,"Buddleja x 'Miss Molly' P.P.A.F., C.B.R.A.F.                ",Miss Molly Summer Lilac                                     
OR,074405,BUDDLEJA X MISS RUBY PPAF,Buddleja (B.davidii x (B. davidii x B. globosa)) x (B. david,Miss Ruby Summer Lilac                                      
OR,013825SP,BUXUS GREEN MOUNTAIN,Buxus x 'Green Mountain'                                    ,Green Mountain Boxwood                                      
OR,013905SP,BUXUS S GREEN TOWER R PP15243,"Buxus sempervirens 'Monrue' P.P. #15,243                    ",Green Tower®  Boxwood
OR,01398ECN,BUXUS SEMP SUFFRUTICOSA,Buxus sempervirens 'Suffruticosa'                           ,Dwarf English Boxwood                                       
OR,01398UT,BUXUS SEMP SUFFRUTICOSA,Buxus sempervirens 'Suffruticosa'                           ,Dwarf English Boxwood                                       
OR,01388EGL,BUXUS SEMP VARIEGATA,Buxus sempervirens 'Variegata'                              ,Variegated English Boxwood                                  
OR,01388UT,BUXUS SEMP VARIEGATA,Buxus sempervirens 'Variegata'                              ,Variegated English Boxwood                                  
OR,035971,BUXUS WEE WILLIE R PP17007,"Buxus sinica var. insularis 'Wee Willie' P.P.# 17,007       ",Wee Willie®  Boxwood
OR,03597E,BUXUS WEE WILLIE R PP17007,"Buxus sinica var. insularis 'Wee Willie' P.P.# 17,007       ",Wee Willie®  Boxwood
OR,03597UT,BUXUS WEE WILLIE R PP17007,"Buxus sinica var. insularis 'Wee Willie' P.P.# 17,007       ",Wee Willie®  Boxwood
OR,013991,CALLICARPA BOD PROFUSION,Callicarpa bodinieri 'Profusion'                            ,Profusion Beautyberry                                       
OR,013995,CALLICARPA BOD PROFUSION,Callicarpa bodinieri 'Profusion'                            ,Profusion Beautyberry                                       
OR,092922,CALLICARPA DICH SUMMER SNOW R,Callicarpa dichotoma Summer Snow® ,Summer Snow®  Beauty Berry
OR,029051,CALLUNA MRS. RONALD GRAY,Calluna vulgaris 'Mrs. Ronald Gray'                         ,Mrs. Ronald Gray Scotch Heather                             
OR,02235UT,CAMPANULA CAR DEEP BLUE CLIPS,Campanula carpatica 'Deep Blue Clips'                       ,Deep Blue Clips Bellflower                                  
OR,408421,CAMPANULA GLOM GENTI BLUE PPAF,Campanula glomerata 'Genti Blue'                            ,Genti Blue Bellflower                                       
OR,408411,CAMPANULA GLOM GENTI WHITE PAF,Campanula glomerata 'Genti White'                           ,Genti White Bellflower                                      
OR,022361,CAMPANULA PORTENSCHLAGIANA,Campanula portenschlagiana                                  ,Dalmatian Bellflower                                        
OR,038611,CAMPANULA SAMANTHA,Campanula 'Samantha'                                        ,Samantha Bellflower                                         
OR,022495,CARAGANA ARB WALKER,Caragana arborescens 'Walker'                               ,Walker Siberian Peashrub                                    
OR,092891,CARY CLA KORBALL BLU BALLOON R,Caryopteris x clandonensis 'Korball' Blue Balloon® ,Blue Balloon®  Bluebeard
OR,092892,CARY CLA KORBALL BLU BALLOON R,Caryopteris x clandonensis 'Korball' Blue Balloon® ,Blue Balloon®  Bluebeard
OR,031295,CEANOTHUS CENTENNIAL,Ceanothus 'Centennial'                                      ,Centennial Hybrid Wild Lilac                                
OR,023185,CEANOTHUS THY VICTORIA,Ceanothus thyrsiflorus 'Victoria'                           ,Victoria California Lilac                                   
OR,074432S,CEANOTHUS X MARIE BLEU TM PPAF,Ceanothus x pallidus 'Minmari' P.P.A.F.                     ,Marie Bleu™  New Jersey Tea
OR,023305,CEDRUS ATLANTICA GLAUCA,Cedrus atlantica 'Glauca'                                   ,Blue Atlas Cedar                                            
OR,023315SE,CEDRUS ATLANTICA GLAUCA PNDULA,Cedrus atlantica 'Glauca Pendula'                           ,Weeping Blue Atlas Cedar                                    
OR,023315ST,CEDRUS ATLANTICA GLAUCA PNDULA,Cedrus atlantica 'Glauca Pendula'                           ,Weeping Blue Atlas Cedar                                    
OR,023327,CEDRUS ATLANTICA HORSTMANN,Cedrus atlantica 'Horstmann'                                ,Horstmann Blue Atlas Cedar                                  
OR,023357,CEDRUS DEODARA,Cedrus deodara                                              ,Deodar Cedar                                                
OR,023365,CEDRUS DEODARA AUREA,Cedrus deodara 'Aurea'                                      ,Golden Deodar Cedar                                         
OR,023367,CEDRUS DEODARA AUREA,Cedrus deodara 'Aurea'                                      ,Golden Deodar Cedar                                         
OR,02328MST,CEDRUS DEODARA FEELIN BLUE,Cedrus deodara 'Feelin' Blue'                               ,Feelin' Blue Deodar Cedar                                   
OR,051275ST,CEDRUS FEELIN SUNNY R PP23886,"Cedrus deodara 'MonKinn' P.P.# 23,886                       ",Feelin' Sunny®  Deodar Cedar
OR,017381,CEPHALOTAXUS HAR FASTIGIATA,Cephalotaxus harringtonia 'Fastigiata'                      ,Upright Japanese Plum Yew                                   
OR,017382,CEPHALOTAXUS HAR FASTIGIATA,Cephalotaxus harringtonia 'Fastigiata'                      ,Upright Japanese Plum Yew                                   
OR,017385,CEPHALOTAXUS HAR FASTIGIATA,Cephalotaxus harringtonia 'Fastigiata'                      ,Upright Japanese Plum Yew                                   
OR,028832,CEPHALOTAXUS HAR PROSTRATA,Cephalotaxus harringtonia 'Prostrata'                       ,Spreading Japanese Plum Yew                                 
OR,028835,CEPHALOTAXUS HAR PROSTRATA,Cephalotaxus harringtonia 'Prostrata'                       ,Spreading Japanese Plum Yew                                 
OR,023481,CERATOSTIGMA PLUMBAGINOIDES,Ceratostigma plumbaginoides                                 ,Dwarf Plumbago                                              
OR,038425,CERCIS C ACE OF HEARTS PP17161,"Cercis canadensis 'Ace Of Hearts' P.P. #17,161              ",Ace of Hearts Redbud                                        
OR,049545,CERCIS C LITTLE WOODY PPAF,"Cercis canadensis 'Little Woody' P.P. #15,854               ",Little Woody Redbud                                         
OR,017855,CERCIS LAVENDER TWIST R P10328,"Cercis canadensis 'Covey' P.P. #10,328                      ",Lavender Twist®  Redbud
OR,057382,CESTRUM AUR ORANGE PEEL,Cestrum 'Orange Peel'                                       ,Orange Peel Jessamine                                       
OR,074442S,CHAEN DBLTKE TM OR STRM P20950,"Chaenomeles speciosa 'Orange Storm' P.P. #20,950, C.B.R.A.F.",Double Take™  Orange Storm Flowering Quince
OR,074452S,CHAEN DBLTKE TM PK STRM P20920,"Chaenomeles speciosa 'Pink Storm' P.P.# 20,920, CBRAF       ",Double Take™  Pink Storm Flowering Quince
OR,023655,CHAM NOOT PENDULA,Chamaecyparis nootkatensis 'Pendula'                        ,Weeping Nootka Cypress                                      
OR,02365M,CHAM NOOT PENDULA,Chamaecyparis nootkatensis 'Pendula'                        ,Weeping Nootka Cypress                                      
OR,023902,CHAM OBT FILICOIDES,Chamaecyparis obtusa 'Filicoides'                           ,Fernspray False Cypress                                     
OR,023905,CHAM OBT FILICOIDES,Chamaecyparis obtusa 'Filicoides'                           ,Fernspray False Cypress                                     
OR,023682,CHAM OBT GRACILIS,Chamaecyparis obtusa 'Gracilis'                             ,Slender Hinoki False Cypress                                
OR,023685,CHAM OBT GRACILIS,Chamaecyparis obtusa 'Gracilis'                             ,Slender Hinoki False Cypress                                
OR,023911,CHAM OBT TEMPELHOF,Chamaecyparis obtusa 'Tempelhof'                            ,Tempelhof Cypress                                           
OR,082401,CHAM PIS BABY BLUE,Chamaecyparis pisifera 'Baby Blue'                          ,Baby Blue Sawara Cypress                                    
OR,082402,CHAM PIS BABY BLUE,Chamaecyparis pisifera 'Baby Blue'                          ,Baby Blue Sawara Cypress                                    
OR,082405,CHAM PIS BABY BLUE,Chamaecyparis pisifera 'Baby Blue'                          ,Baby Blue Sawara Cypress                                    
OR,08240UT,CHAM PIS BABY BLUE,Chamaecyparis pisifera 'Baby Blue'                          ,Baby Blue Sawara Cypress                                    
OR,024031,CHAM PIS FIL GOLDEN CHARM,Chamaecyparis pisifera filifera 'Golden Charm'              ,Golden Charm Thread-Branch Cypress                          
OR,024035,CHAM PIS FIL GOLDEN CHARM,Chamaecyparis pisifera filifera 'Golden Charm'              ,Golden Charm Thread-Branch Cypress                          
OR,074782S,CHAM PIS SOFT SERVE R PPAF,Chamaecyparis pisifera 'Dow Whiting' P.P.A.F.               ,Soft Serve®  False Cypress
OR,023822,CHAM PIS SQUARROSA MINIMA,Chamaecyparis pisifera 'Squarrosa Minima'                   ,Miniature Moss False Cypress                                
OR,024185,CHIONANTHUS VIRGINICUS,Chionanthus virginicus                                      ,White Fringe Tree                                           
OR,048622,CHOISYA TERN SUNDANCE,Choisya ternata 'Sundance'                                  ,Sundance Mexican Orange Blossom                             
OR,412561,CHRY (LEU) REAL CHARMER PPAF,Chrysanthemum 'Real Charmer' P.P.A.F.                       ,Real Charmer Shasta Daisy                                   
OR,412571,CHRY (LEU) REAL GALAXY PPAF,Chrysanthemum 'Real Galaxy' P.P.A.F.                        ,Real Galaxy Shasta Daisy                                    
OR,407861,CHRY (LEUCA) X REAL GLORY,Chrysanthemum 'Real Glory' P.P.A.F.                         ,Real Glory Shasta Daisy                                     
OR,023021,CHRYS (LEUCANTH) X SUP BECKY,Chrysanthemum x superbum 'Becky'                            ,Becky Shasta Daisy                                          
OR,050515,CISTUS GRAYSWOOD PINK,Cistus 'Grayswood Pink'                                     ,Grayswood Pink Rock Rose                                    
OR,090661,CLEM ALP PAMELA JACKMAN,Clematis alpina 'Pamela Jackman'                            ,Pamela Jackman Alpine Clematis                              
OR,027251,CLEM INTEGRIFOLIA CAERULEA,Clematis integrifolia 'Caerulea'                            ,Bushy Blue Bell Clematis                                    
OR,027431,CLEM MONTANA FREDA,Clematis montana 'Freda'                                    ,Freda Anemone Clematis                                      
OR,027435,CLEM MONTANA FREDA,Clematis montana 'Freda'                                    ,Freda Anemone Clematis                                      
OR,027401,CLEM MONTANA RUBENS,Clematis montana rubens                                     ,Pink Anemone Clematis                                       
OR,021865,CLEM SAPPHIRE INDIGO TMPP17012,"Clematis 'Cleminov 51' P.P. # 17,012                        ",Sapphire Indigo™  Clematis
OR,055211,CLEM SIEBOLDII,Clematis florida Seiboldii                                  ,Florida Seiboldii Clematis                                  
OR,055215,CLEM SIEBOLDII,Clematis florida Seiboldii                                  ,Florida Seiboldii Clematis                                  
OR,038002,CLEM TEX PRINCESS DIANA,Clematis texensis 'Princess Diana'                          ,Princess Diana Clematis                                     
OR,038005,CLEM TEX PRINCESS DIANA,Clematis texensis 'Princess Diana'                          ,Princess Diana Clematis                                     
OR,046272,CLEM VANCOUVER TM FRGRNT STAR,Clematis x 'Fragrant Star'                                  ,Vancouver™  Fragrant Star Clematis
OR,046275,CLEM VANCOUVER TM FRGRNT STAR,Clematis x 'Fragrant Star'                                  ,Vancouver™  Fragrant Star Clematis
OR,048742,CLEM VANCOUVER TM STARRY NGHTS,Clematis x 'Starry Nights'                                  ,Vancouver™  Starry Nights Clematis
OR,048745,CLEM VANCOUVER TM STARRY NGHTS,Clematis x 'Starry Nights'                                  ,Vancouver™  Starry Nights Clematis
OR,015905,CLEM X BLUE LIGHT R PP15953,Clematis x 'Vanso' P.P.# 15953                              ,Blue Light®  Clematis
OR,090615,CLEM X CART AVALANCHE,Clematis x cartmanii 'Blaaval'                              ,Avalanche Evergreen Clematis                                
OR,027221,CLEM X COMTESSE DE BOUCHAUD,Clematis x 'Comtesse de Bouchaud'                           ,Comtesse De Bouchaud Clematis                               
OR,027225,CLEM X COMTESSE DE BOUCHAUD,Clematis x 'Comtesse de Bouchaud'                           ,Comtesse De Bouchaud Clematis                               
OR,027265,CLEM X JACKMANII,Clematis x jackmanii                                        ,Jackman Clematis                                            
OR,044482,CLEM X JACKMANII SUPERBA,Clematis x jackmanii 'Superba'                              ,Jackman Superba Clematis                                    
OR,044485,CLEM X JACKMANII SUPERBA,Clematis x jackmanii 'Superba'                              ,Jackman Superba Clematis                                    
OR,055205,CLEM X MRS. SPENCER CASTLE,Clematis 'Mrs. Spencer Castle'                              ,Mrs. Spencer Castle Clematis                                
OR,027065,CLEM X MULTI-BLUE,Clematis x 'Multi-blue'                                     ,Multi-Blue Clematis                                         
OR,027441,CLEM X NELLY MOSER,Clematis x 'Nelly Moser'                                    ,Nelly Moser Clematis                                        
OR,027445,CLEM X NELLY MOSER,Clematis x 'Nelly Moser'                                    ,Nelly Moser Clematis                                        
OR,027465,CLEM X NIOBE,Clematis x 'Niobe'                                          ,Niobe Clematis                                              
OR,027072,CLEM X PINK CHAMPAGNE,Clematis x 'Pink Champagne'                                 ,Pink Champagne Clematis                                     
OR,027075,CLEM X PINK CHAMPAGNE,Clematis x 'Pink Champagne'                                 ,Pink Champagne Clematis                                     
OR,027485,CLEM X RAMONA,Clematis x 'Ramona'                                         ,Ramona Clematis                                             
OR,027495,CLEM X ROUGE CARDINAL,Clematis x 'Rouge Cardinal'                                 ,Rouge Cardinal Clematis                                     
OR,026372,CLEM X TOKI,Clematis x 'Toki'                                           ,Toki Clematis                                               
OR,026375,CLEM X TOKI,Clematis x 'Toki'                                           ,Toki Clematis                                               
OR,056215,CLEM X WESTERPLATTE,Clematis x 'Westerplatte'                                   ,Westerplatte Clematis                                       
OR,022431,CLEMATIS INT BLUE RIBBONS,Clematis integrifolia 'Blue Ribbons'                        ,Blue Ribbons Bush Clematis                                  
OR,027532,CLETHRA ALN RUBY SPICE,Clethra alnifolia 'Ruby Spice'                              ,Ruby Spice Summersweet                                      
OR,055535,CLETHRA BARBINERVIS VARIEGATA,Clethra barbinervis 'Takeda Nishiki'                        ,First Snow®  Japanese Clethra
OR,078721,CORE BIGBANG TM CSMC EY P22601,"Coreopsis x 'Cosmic Eye' P.P.#22,601                        ",Big Bang™  Cosmic Eye Tickseed
OR,088891,CORE BIGBANG TM MRCRY RSNG PAF,Coreopsis x 'Mercury Rising' P.P.A.F.                       ,Big Bang™  Mercury Rising Tickseed
OR,018401,CORE CRUZIN' TM BROAD STRT PAF,"Coreopsis verticillata 'Broad Street' P.P. #24,598          ",Broad Street Tickseed (Cruizin' Series)                     
OR,018421,CORE CRUZIN' TM ELCTRC AVE PAF,"Coreopsis verticillata 'Electric Avenue' P.P.#24,688        ",Electric Avenue Tickseed (Cruizin' Series)                  
OR,018411,CORE CRUZIN' TM MAIN STRT PAF,"Coreopsis verticillata 'Main Street' P.P.#24,562            ",Main Street Tickseed (Cruizin' Series)                      
OR,408551,CORE LIL' BANG TM DAYBREAK PAF,Coreopsis 'Daybreak' P.P.A.F.                               ,Lil' Bang™  Daybreak Tickseed
OR,408541,CORE LIL' BANG TM RED ELF,Coreopsis x 'Red Elf' P.P.A.F.                              ,Lil' Bang™  Red Elf Tickseed
OR,408531,CORE LIL' BANG TM STARLIGHT,Coreopsis 'Starlight' P.P.A.F.                              ,Lil' Bang™  Starlight Tickseed
OR,058261,COREOPSIS VER ROUTE 66 PP20609,"Coreopsis verticillata 'Route 66' P.P.# 20,609              ",Route 66 Tickseed (Cruizin' Series)                         
OR,058262,COREOPSIS VER ROUTE 66 PP20609,"Coreopsis verticillata 'Route 66' P.P.# 20,609              ",Route 66 Tickseed (Cruizin' Series)                         
OR,027961,COREOPSIS VERT MOONBEAM,Coreopsis verticillata 'Moonbeam'                           ,Moonbeam Threadleaf Tickseed                                
OR,027962,COREOPSIS VERT MOONBEAM,Coreopsis verticillata 'Moonbeam'                           ,Moonbeam Threadleaf Tickseed                                
OR,027971,COREOPSIS VERT ZAGREB,Coreopsis verticillata 'Zagreb'                             ,Zagreb Threadleaf Tickseed                                  
OR,027972,COREOPSIS VERT ZAGREB,Coreopsis verticillata 'Zagreb'                             ,Zagreb Threadleaf Tickseed                                  
OR,02797UT,COREOPSIS VERT ZAGREB,Coreopsis verticillata 'Zagreb'                             ,Zagreb Threadleaf Tickseed                                  
OR,045281,CORNUS ALBA PRAIRIE FIRE AUREA,Cornus alba 'Prairie Fire'                                  ,Prairie Fire Dogwood                                        
OR,080841S,CORNUS STO PUCKERED UP TM PPAF,Cornus stolonifera 'Neil Z' P.P.A.F.                        ,Pucker Up!™  Red Twig Dogwood
OR,027585,CORNUS X STELLAR PINK R,Cornus x 'Rutgan'                                           ,Stellar Pink®  Dogwood
OR,090462,COROKIA X VIR PHANTOM PP19257,"Corokia x virgata 'Phantom' P.P. #19,257                    ",Phantom Corokia                                             
OR,028502,COT APICULATUS,Cotoneaster apiculatus                                      ,Cranberry Cotoneaster                                       
OR,02855UT,COT APICULATUS TOM THUMB,Cotoneaster apiculatus 'Tom Thumb'                          ,Tom Thumb Cranberry Cotoneaster                             
OR,029001,COT DAM CORAL BEAUTY,Cotoneaster dammeri 'Coral Beauty'                          ,Coral Beauty Cotoneaster                                    
OR,029002,COT DAM CORAL BEAUTY,Cotoneaster dammeri 'Coral Beauty'                          ,Coral Beauty Cotoneaster                                    
OR,029005,COT DAM CORAL BEAUTY,Cotoneaster dammeri 'Coral Beauty'                          ,Coral Beauty Cotoneaster                                    
OR,029101,COT DAM EICHHOLZ,Cotoneaster dammeri 'Eichholz'                              ,Eichholz Cotoneaster                                        
OR,029102,COT DAM EICHHOLZ,Cotoneaster dammeri 'Eichholz'                              ,Eichholz Cotoneaster                                        
OR,029105,COT DAM EICHHOLZ,Cotoneaster dammeri 'Eichholz'                              ,Eichholz Cotoneaster                                        
OR,029455,COT HOR PERPUSILLUS,Cotoneaster horizontalis 'Perpusillus'                      ,Prostrate Rock Cotoneaster                                  
OR,028311,COT HOR VARIEGATUS,Cotoneaster horizontalis 'Variegatus'                       ,Variegated Rock Cotoneaster                                 
OR,030251,COT STREIB'S FINDLING,Cotoneaster dammeri 'Streibs Findling'                      ,Streibs Findling Cotoneaster                                
OR,030252,COT STREIB'S FINDLING,Cotoneaster dammeri 'Streibs Findling'                      ,Streibs Findling Cotoneaster                                
OR,030255PT,COT STREIB'S FINDLING,Cotoneaster dammeri 'Streibs Findling'                      ,Streibs Findling Cotoneaster                                
OR,028145PT,COTINUS COG ROYAL PURPLE,Cotinus coggygria 'Royal Purple'                            ,Royal Purple Smoke Tree                                     
OR,02814M,COTINUS COG ROYAL PURPLE,Cotinus coggygria 'Royal Purple'                            ,Royal Purple Smoke Tree                                     
OR,057452,CROCOSMIA COLUMBUS,Crocosmia 'Columbus'                                        ,Columbus Montbretia                                         
OR,019472,CROCOSMIA EMBERGLOW,Crocosmia 'Emberglow'                                       ,Emberglow Montbretia                                        
OR,035355,CRYPTOMERIA J BLACK DRAGON,Cryptomeria japonica 'Black Dragon'                         ,Black Dragon Japanese Cedar                                 
OR,030732,CUP SEMP TINY TOWER R PP12933,"Cupressus sempervirens 'Monshel' P.P. #12,933 Tiny Tower{{#1",Tiny Tower®  Italian Cypress
OR,031382,CYTISUS ALLGOLD,Cytisus x praecox (C. multiflorus x C. purgans) 'Allgold'   ,Allgold Broom                                               
OR,025675,DAVIDIA INVOLUCRATA,Davidia involucrata                                         ,Dove Tree                                                   
OR,097991,DELOS JWL OF DSRT GARNT P23471,"Delosperma cooperi 'Jewel of the Desert Garnet' P.P. #23,471",Jewel of Desert Garnet Ice Plant                            
OR,084671,DELOS JWL OF DSRT RUBY P23453,"Delosperma cooperi 'Jewel of the Desert Ruby' P.P.#23,453   ",Jewel of the Desert Ruby Ice Plant                          
OR,08467UT,DELOS JWL OF DSRT RUBY P23453,"Delosperma cooperi 'Jewel of the Desert Ruby' P.P.#23,453   ",Jewel of the Desert Ruby Ice Plant                          
OR,098591,DELOS JWL OF DSRT TOPAZ P23492,"Delosperma cooperi 'Jewel of the Desert Topaz' P.P. #23,492 ",Jewel of the Desert Topaz Ice Plant                         
OR,09859UT,DELOS JWL OF DSRT TOPAZ P23492,"Delosperma cooperi 'Jewel of the Desert Topaz' P.P. #23,492 ",Jewel of the Desert Topaz Ice Plant                         
OR,034201,DELOSPERMA COOPERI,Delosperma cooperi                                          ,Hardy Ice Plant                                             
OR,03420UT,DELOSPERMA COOPERI,Delosperma cooperi                                          ,Hardy Ice Plant                                             
OR,048541,DELOSPERMA DY RED MOUNTAIN R,Delosperma dyeri 'Psdold'                                   ,Red Mountain®  Ice Plant
OR,078741,DELOSPERMA FIRE SPINNER R,Delosperma 'P001S'                                          ,Fire Spinner®  Ice Plant
OR,09723UT,DELOSPERMA FIRE WONDER PPAF,Delosperma 'Fire Wonder' P.P.A.F.                           ,Wheels of Wonder®  Fire Wonder Ice Plant
OR,059461,DELOSPERMA MESA VERDE PP13876,Delosperma 'Kelaidis' P.P.# 13876                           ,Mesa Verde®  Ice Plant
OR,05946UT,DELOSPERMA MESA VERDE PP13876,Delosperma 'Kelaidis' P.P.# 13876                           ,Mesa Verde®  Ice Plant
OR,029891S,DEUTZIA CHRDNY PERLS R PP16098,"Deutzia gracilis 'Duncan' P.P. #16,098, C.B.R. #2,640       ",Chardonnay Pearls®  Deutzia
OR,029892S,DEUTZIA CHRDNY PERLS R PP16098,"Deutzia gracilis 'Duncan' P.P. #16,098, C.B.R. #2,640       ",Chardonnay Pearls®  Deutzia
OR,086222S,DEUTZIA CREME FRAICHE TM,Deutzia gracilis                                            ,Creme Fraiche®  Deutzia
OR,031571,DEUTZIA GRACILIS NIKKO,Deutzia gracilis 'Nikko'                                    ,Dwarf Nikko Deutzia                                         
OR,031572,DEUTZIA GRACILIS NIKKO,Deutzia gracilis 'Nikko'                                    ,Dwarf Nikko Deutzia                                         
OR,031595,DEUTZIA HYBRIDA PINK-A-BOO R,Deutzia x 'Monzia'                                          ,Pink-A-Boo®  Deutzia
OR,091885,DEUTZIA X NIKKO BLUSH NA74356,Deutzia x rosea 'Nikko Blush' (NA74356)                     ,Nikko Blush Deutzia                                         
OR,031331,DIANTHUS FROSTY FIRE,Dianthus x 'Frosty Fire'                                    ,Frosty Fire Cheddar Pink                                    
OR,004801,DICENTRA BURNINGHEARTS PP20797,Dicentra 'Burning Hearts' P.P.A.F.                          ,Burning Hearts Bleeding Heart                               
OR,004901,DICENTRA SP VALENTINE R P22739,"Dicentra spectabilis 'Hordival' P.P.#22,739                 ",Valentine®  Bleeding Heart
OR,004902,DICENTRA SP VALENTINE R P22739,"Dicentra spectabilis 'Hordival' P.P.#22,739                 ",Valentine®  Bleeding Heart
OR,035621,DICENTRA SPEC GOLD HEART,Dicentra spectabilis 'Gold Heart'                           ,Gold Heart Bleeding Heart                                   
OR,035622,DICENTRA SPEC GOLD HEART,Dicentra spectabilis 'Gold Heart'                           ,Gold Heart Bleeding Heart                                   
OR,031611,DICENTRA X LUXURIANT,Dicentra x 'Luxuriant'                                      ,Luxuriant Fringed Bleeding Heart                            
OR,410421,DIGITALIS FXLGT TM RBY GLW PAF,Digitalis x 'Ruby Glow' P.P.A.F.                            ,Foxlight Ruby Glow Foxglove                                 
OR,021821,DISPOROPSIS PER SICHUAN JADE,Disporopsis pernyi 'Sichuan Jade'                           ,Sichuan Jade Solomon's Seal                                 
OR,049832,DISPORUM CANT GREEN GIANT,Disporum longistylum 'Green Giant'                          ,Chinese Fairy Bells                                         
OR,049835,DISPORUM CANT GREEN GIANT,Disporum longistylum 'Green Giant'                          ,Chinese Fairy Bells                                         
OR,085821,DISPORUM CANT MOONLIGHT P24556,"Disporum cantoniense 'Moonlight' P.P.#24,556                ",Moonlight Chinese Fairy Bells                               
OR,085822,DISPORUM CANT MOONLIGHT P24556,"Disporum cantoniense 'Moonlight' P.P.#24,556                ",Moonlight Chinese Fairy Bells                               
OR,080762,DISPORUM CANT NIGHT HERON,Disporum cantoniense 'Night Heron'                          ,Night Heron Chinese Fairy Bells                             
OR,050612,DRIMYS LANCEOLATA,Drimys lanceolata                                           ,Mountain Pepper                                             
OR,050615,DRIMYS LANCEOLATA,Drimys lanceolata                                           ,Mountain Pepper                                             
OR,412611,ECHIN DBL SCP TM CRANBRY PPAF,"Echinacea x purpurea 'Balscanery' P.P.# 24,769              ",Double Scoop™  Cranberry Echinacea
OR,097211,ECHIN SMBRO TM FLMNCO ORNG,Echinacea purpurea 'Flamenco Orange' P.P.A.F.               ,Sombrero™  Flamenco Orange Coneflower
OR,086841,ECHIN SMBRO TM SALSA RD P23105,"Echinacea x 'Balsomsed' P.P.#23,105                         ",Sombrero™  Salsa Red Coneflower
OR,007051,ECHIN SUPREME CANTALOUPE PPAF,Echinacea 'Supreme Cantaloupe' P.P.A.F.                     ,Supreme Cantaloupe Coneflower                               
OR,412621,ECHIN SUPREME FLAMINGO,"Echinacea purpurea 'Flamingo' P.P. 24,898                   ",Supreme™  Flamingo Echinacea
OR,407711,ECHIN VANILLA CUPCAKE,"Echinacea 'Vanilla Cupcake' P.P. 24,506                     ",Vanilla Cupcake™  Echinacea
OR,022831,ECHINACEA CRNBRY CUPCAKE PPAF,Echinacea 'Cranberry Cupcake' P.P.A.F.                      ,Cranberry Cupcake Coneflower                                
OR,077121,ECHINACEA NOW CHEESIER PPAF,Echinacea 'Now Cheesier' P.P.A.F.                           ,Now Cheesier Coneflower                                     
OR,047511,ECHINACEA PNK DBL DLITE P18803,Echinacea purpurea 'Pink Double Delight' P.P.A.F            ,Pink Double Delight Coneflower                              
OR,031771,ECHINACEA PUR MAGNUS,Echinacea purpurea 'Magnus'                                 ,Magnus Purple Coneflower                                    
OR,039581,ECHINACEA PUR MERLOT PP18814,Echinacea purpurea 'Merlot' P.P.# 18814                     ,Merlot Coneflower                                           
OR,018221,ECHINACEA PUR RUBY STAR,Echinacea purpurea 'Ruby Star'                              ,Ruby Star Coneflower                                        
OR,01822UT,ECHINACEA PUR RUBY STAR,Echinacea purpurea 'Ruby Star'                              ,Ruby Star Coneflower                                        
OR,057301,ECHINACEA TOMATO SOUP PPAF,"Echinacea 'Tomato Soup' P.P.# 19,427                        ",Tomato Soup Coneflower                                      
OR,032161,ERICA ATROPURPUREA,Erica cinerea 'Atropurpurea'                                ,Purple Bell Heath                                           
OR,032162,ERICA ATROPURPUREA,Erica cinerea 'Atropurpurea'                                ,Purple Bell Heath                                           
OR,017961,ERICA KRAMER'S RED,Erica x darleyensis 'Kramer's Rote'                         ,Kramer's Red Winter Heath                                   
OR,017962,ERICA KRAMER'S RED,Erica x darleyensis 'Kramer's Rote'                         ,Kramer's Red Winter Heath                                   
OR,032071,ERICA MEDITERRANEAN PINK,Erica x darleyensis 'Mediterranean Pink'                    ,Mediterranean Pink Heath                                    
OR,032072,ERICA MEDITERRANEAN PINK,Erica x darleyensis 'Mediterranean Pink'                    ,Mediterranean Pink Heath                                    
OR,032082,ERICA SILBERSCHMELZE,Erica x darleyensis 'Silberschmelze'                        ,White Bell Winter Heath                                     
OR,077591,ERYSIMUM GLOW TM ORANGE,Erysimum x hybrida 'Orange'                                 ,Glow™  Orange Wallflower
OR,077581,ERYSIMUM JENNY BROOK PP20253,"Erysimum 'Jenny Brook' P.P. #20,253 C.P.B.R.                ",Jenny Brooks Wallflower                                     
OR,050722,EUCRYPHIA LUC SPRING CREAM,Eucryphia lucida 'Spring Cream'                             ,Variegated Tasmanian Leatherwood                            
OR,050725,EUCRYPHIA LUC SPRING CREAM,Eucryphia lucida 'Spring Cream'                             ,Variegated Tasmanian Leatherwood                            
OR,019311,EUO A COLE'S COMPACT,Euonymus alatus 'Cole's Compact'                            ,Cole's Compact Burning Bush                                 
OR,019312,EUO A COLE'S COMPACT,Euonymus alatus 'Cole's Compact'                            ,Cole's Compact Burning Bush                                 
OR,019315,EUO A COLE'S COMPACT,Euonymus alatus 'Cole's Compact'                            ,Cole's Compact Burning Bush                                 
OR,033601,EUO ALATUS COMPACTUS,Euonymus alatus 'Compactus'                                 ,Dwarf Burning Bush                                          
OR,033602,EUO ALATUS COMPACTUS,Euonymus alatus 'Compactus'                                 ,Dwarf Burning Bush                                          
OR,033651,EUO F CANADALE GOLD,Euonymus fortunei 'Canadale Gold'                           ,Canadale Gold Wintercreeper                                 
OR,034001,EUO F EMERALD 'N GOLD,Euonymus fortunei 'Emerald 'n Gold'                         ,Emerald 'n Gold Wintercreeper                               
OR,033901,EUO F EMERALD GAIETY,Euonymus fortunei 'Emerald Gaiety'                          ,Emerald Gaiety Wintercreeper                                
OR,034301,EUO F GOLDEN PRINCE R,Euonymus fortunei 'Monce'                                   ,Golden Prince®  Wintercreeper
OR,035855,FAGUS SYL PURPLE FOUNTAIN,Fagus sylvatica 'Purple Fountain'                           ,Purple Fountain Beech                                       
OR,035795,FAGUS SYL RIVERSII,Fagus sylvatica 'Riversii'                                  ,River's Purple European Beech                               
OR,020515,FAGUS SYL ROHAN OBELISK(RED OB,Fagus sylvatica 'Red Obelisk'                               ,Red Obelisk European Beech                                  
OR,035645,FATSIA JAPONICA,Fatsia japonica                                             ,Japanese Aralia                                             
OR,03612UT,FERN-ATHYRIUM NIP PICTUM,Athyrium niponicum 'Pictum'                                 ,Japanese Painted Fern                                       
OR,005041,FERN-DRYOPTERIS CELSA,Dryopteris celsa                                            ,Log Fern                                                    
OR,021222,FERN-DRYOPTERIS ERY BRILLIANCE,Dryopteris erythrosora 'Brilliance'                         ,Brilliance Autumn Fern                                      
OR,03626UT,FERN-DRYOPTERIS FELIX-MAS ROB,Dryopteris filix-mas 'Robusta'                              ,Robust Male Fern                                            
OR,083722,FERN-POLYSTICHUM POLYBLEPHARUM,Polystichum polyblepharum                                   ,Tassel Fern                                                 
OR,036491,FERN-POLYSTICHUM SET(ANGULARE),Polystichum setiferum                                       ,Soft Shield Fern                                            
OR,077431S,FORS X SHOW OFF TM STARLT PAF,"Forsythia x intermedia 'Minfor6' P.P.A.F., C.B.R.A.F.       ",Show Off™  Starlet Forsythia
OR,017541,FORSYTHIA X MAGICAL R GOLD,Forsythia x intermedia 'Kolgold'                            ,Magical®  Gold Forsythia
OR,017542,FORSYTHIA X MAGICAL R GOLD,Forsythia x intermedia 'Kolgold'                            ,Magical®  Gold Forsythia
OR,017545,FORSYTHIA X MAGICAL R GOLD,Forsythia x intermedia 'Kolgold'                            ,Magical®  Gold Forsythia
OR,037101,FORSYTHIA X SPRING GLORY,Forsythia x intermedia 'Spring Glory'                       ,Spring Glory Forsythia                                      
OR,037105,FORSYTHIA X SPRING GLORY,Forsythia x intermedia 'Spring Glory'                       ,Spring Glory Forsythia                                      
OR,068341,FRAGARIA TRISTAR,Fragaria Tristar                                            ,Tristar Strawberry                                          
OR,086091,FRAGARIA X ANANASSA TOSCANA,Fragaria x ananassa 'Toscana'                               ,Toscana Strawberry                                          
OR,073101,FRAGARIA X SAN ANDREAS PP19975,"Fragaria x ananassa 'San Andreas' P.P. #19,975              ",San Andreas Strawberry                                      
OR,07310UT,FRAGARIA X SAN ANDREAS PP19975,"Fragaria x ananassa 'San Andreas' P.P. #19,975              ",San Andreas Strawberry                                      
OR,068361,FRAGARIA X SEASCAPE R,Fragaria x ananassa 'Seascape'                              ,Seascape Strawberry                                         
OR,06836UT,FRAGARIA X SEASCAPE R,Fragaria x ananassa 'Seascape'                              ,Seascape Strawberry                                         
OR,081762,FUCHSIA DEBRON'S FNNY VALNTINE,Fuchsia hybrida 'DebRon's Funny Valentine'                  ,DebRon's Funny Valentine Fuchsia                            
OR,081772,FUCHSIA DEBRON'S JOAN LOU,Fuchsia hybrida 'DebRon's Joan Lou'                         ,DebRon's Joan Lou Fuchsia                                   
OR,051111,FUCHSIA DEBRON'S STORMY NIGHT,Fuchsia x 'DebRon's Stormy Night'                           ,DebRon's Stormy Night Fuchsia                               
OR,051112,FUCHSIA DEBRON'S STORMY NIGHT,Fuchsia x 'DebRon's Stormy Night'                           ,DebRon's Stormy Night Fuchsia                               
OR,049861,FUCHSIA GENII AUREA,Fuchsia genii                                               ,Hardy Fuchsia                                               
OR,049871,FUCHSIA MAGEL WINDCLIFF FLURRY,Fuchsia magellanica 'Windcliff Flurry'                      ,Windcliff Flurry Hardy Fuchsia                              
OR,049872,FUCHSIA MAGEL WINDCLIFF FLURRY,Fuchsia magellanica 'Windcliff Flurry'                      ,Windcliff Flurry Hardy Fuchsia                              
OR,037642,FUCHSIA SANTA CLAUS,Fuchsia hybrida 'Santa Claus'                               ,Santa Claus Fuchsia                                         
OR,412631,GAILLARDIA FANFARE CITRNLA PAF,Gaillardia 'Fanfare Citronella'                             ,Fanfare Citronella Blanket Flower                           
OR,408811,GAILLARDIA SUNSET CELEBRATION,Gaillardia x grandiflora 'Celebration' P.P.A.F.             ,Celebration Blanket Flower                                  
OR,408751,GAILLARDIA SUNSET FLASH PPAF,Gaillardia x grandiflora 'Sunset Flash' P.P.A.F.            ,Sunset Flash Blanket Flower                                 
OR,408801,GAILLARDIA SUNSET SNAPPY PPAF,Gaillardia x grandiflora 'Sunset Snappy'                    ,Sunset Snappy Blanket Flower                                
OR,037781,GAULTHERIA PRO VERY BERRY,Gaultheria procumbens 'Very Berry'                          ,Very Berry Creeping Wintergreen                             
OR,037791,GAULTHERIA PROCUMBENS,Gaultheria procumbens                                       ,Creeping Wintergreen                                        
OR,017611,GAULTHERIA RED BARON,Gaultheria procumbens 'Red Baron'                           ,Red Baron Creeping Wintergreen                              
OR,412661,GAURA L LITTLE JANIE,Gaura lindhemeri 'Little Janie' P.P.A.F.                    ,Little Janie Gaura                                          
OR,086711,GAURA L PINK LADY PP17494,"Gaura lindheimeri 'Pink Lady' P.P.#17,494                   ",Pink Lady Gaura                                             
OR,048591,GAZANIA LIN COLORADO GOLD R,Gazania linearis 'Colorado Gold'                            ,Colorado Gold®  Treasure Flower
OR,04859UT,GAZANIA LIN COLORADO GOLD R,Gazania linearis 'Colorado Gold'                            ,Colorado Gold®  Treasure Flower
OR,038122,GENISTA PIL GOLD FLASH,Genista pilosa 'Gold Flash'                                 ,Gold Flash Broom                                            
OR,03828UT,GERANIUM CIN SUBCAULESCENS,Geranium cinereum var. subcaulescens                        ,Black-Eyed Magenta Cranesbill                               
OR,023081,GERANIUM ROZANNE PP12175,Geranium x 'Rozanne' P.P.# 12175                            ,Rozanne Cranesbill                                          
OR,02145UT,GEUM COCC BORISII,Geum coccineum 'Borisii'                                    ,Boris Avens                                                 
OR,038355,GINKGO BIL AUTUMN GOLD,Ginkgo biloba 'Autumn Gold'                                 ,Autumn Gold Maidenhair Tree                                 
OR,033975,GINKGO BIL JADE BUTTERFLIES,Ginkgo biloba 'Jade Butterfly'                              ,Jade Butterfly Maidenhair Tree                              
OR,001421,GR-ACORUS GR OGON,Acorus gramineus 'Ogon'                                     ,Golden Variegated Sweet Flag                                
OR,014012,GR-CAL ACUT KARL FOERSTER,Calamagrostis x acutiflora 'Karl Foerster'                  ,Foerster's Feather Reed Grass                               
OR,014082,GR-CALAMAGROSTIS  BRACHYTRICA,Calamagrostis brachytricha                                  ,Korean Feather Reed Grass                                   
OR,035931,GR-CAREX DOL KAGA NISHIKI,Carex dolichostachya 'Kaga Nishiki'                         ,Gold Fountains Sedge                                        
OR,022591,GR-CAREX ELATA BOWLES GOLDEN,Carex elata 'Bowles Golden'                                 ,Bowles Golden Sedge                                         
OR,035832,GR-CAREX MOR ICE DANCE,Carex morrowii 'Ice Dance'                                  ,Ice Dance Japanese Sedge                                    
OR,022601,GR-CAREX MORROWII AUREA VAR,Carex morrowii 'Aurea-variegata'                            ,Variegated Japanese Sedge                                   
OR,024091,GR-CHASMANTHIUM LATIFOLIUM,Chasmanthium latifolium                                     ,Northern Sea Oats                                           
OR,089282,GR-DESCHAMPSIA SCHOTTLAND,Deschampsia caespitosa 'Schottland'                         ,Scottish Tufted Hair Grass                                  
OR,031941,GR-ELYMUS ARENARIUS BLUE DUNE,Elymus arenarius 'Blue Dune'                                ,Blue Dune Lyme Grass                                        
OR,031942,GR-ELYMUS ARENARIUS BLUE DUNE,Elymus arenarius 'Blue Dune'                                ,Blue Dune Lyme Grass                                        
OR,028051,GR-ERIANTHUS RAVENNAE,Erianthus ravennae                                          ,Hardy Pampas Grass                                          
OR,03667UT,GR-FESTUCA GLAUCA ELIJAH BLUE,Festuca glauca 'Elijah Blue'                                ,Elijah Blue Fescue                                          
OR,061665,GR-MIS SIN MORNING LIGHT,Miscanthus sinensis 'Morning Light'                         ,Morning Light Maiden Grass                                  
OR,061765,GR-MIS SIN PURPURASCENS,Miscanthus sinensis 'Purpurascens'                          ,Purple Silver Grass                                         
OR,005621,GR-MOLINIA CAER ARUND SKYRACER,Molina caerulea subsp. arundinacea 'Skyracer'               ,Skyracer Purple Moor Grass                                  
OR,005622,GR-MOLINIA CAER ARUND SKYRACER,Molina caerulea subsp. arundinacea 'Skyracer'               ,Skyracer Purple Moor Grass                                  
OR,061701,GR-MOLINIA CAER VARIEGATA,Molinia caerulea 'Variegata'                                ,Variegated Moor Grass                                       
OR,022961,GR-PAN VIR NORTHWIND,Panicum virgatum 'Northwind'                                ,Northwind Switch Grass                                      
OR,064262,GR-PENN ALO HAMELN,Pennisetum alopecuroides 'Hameln'                           ,Dwarf Fountain Grass                                        
OR,063591,GR-PENN ALO LITTLE BUNNY,Pennisetum alopecuroides 'Little Bunny'                     ,Little Bunny Dwarf Fountain Grass                           
OR,06359UT,GR-PENN ALO LITTLE BUNNY,Pennisetum alopecuroides 'Little Bunny'                     ,Little Bunny Dwarf Fountain Grass                           
OR,049931,GR-RHODOCOMA CAPENSIS,Rhodocoma capensis                                          ,Giant Cape Restio                                           
OR,033202,GUNNERA TINCTORIA,Gunnera tinctoria                                           ,Chilean Prickly Rhubarb                                     
OR,039285,HAMAMELIS X INT ARNOLD PROMISE,Hamamelis x intermedia 'Arnold Promise'                     ,Arnold Promise Witch Hazel                                  
OR,039235,HAMAMELIS X INT JELENA,Hamamelis x intermedia 'Jelena'                             ,Jelena Witch Hazel                                          
OR,056051,HEBE BARNETTII,Hebe albicans 'Barnettii'                                   ,Barnett Hebe                                                
OR,050921,HEBE IMBRICATA,Hebe imbricata                                              ,Hebe                                                        
OR,050961,HEBE JASPER,Hebe 'Jasper'                                               ,Jasper Hebe                                                 
OR,05096UT,HEBE JASPER,Hebe 'Jasper'                                               ,Jasper Hebe                                                 
OR,051031,HEBE PIMELEOIDES QUICKSILVER,Hebe pimeleoides 'Quicksilver'                              ,Quicksilver Hebe                                            
OR,039462,HEBE PING SUTHERLANDII,Hebe pinguifolia 'Sutherlandii'                             ,Sutherland Hebe                                             
OR,05104UT,HEBE PINGUIFOLIA PAGEI,Hebe pinguifolia 'Pagei'                                    ,Page Hebe                                                   
OR,412821,HELENIUM AUT CAN CAN,Helenium autumnale 'Can Can'                                ,Can Can Sneezeweed                                          
OR,413081,HELIOPSIS HEL SUNSTRUCK P25524,"Heliopsis helianthoides 'Sunstruck' P.P.#25,524             ",Sunstruck False Sunflower                                   
OR,096141,HELLE WJEWELS R HARLEQUIN GEM,Helleborus x hybridus 'Harlequin Gem'                       ,Winter Jewels®  Harlequin Gem Lenten Rose
OR,075431,HELLEBORUS X DOUBLE FANTASY,Helleborus niger 'Double Fantasy'                           ,Double Fantasy Lenten Rose (Winter Dreams Series)           
OR,040511,HEM HAPPY RETURNS,Hemerocallis x 'Happy Returns'                              ,Happy Returns Dwarf Daylily                                 
OR,040512,HEM HAPPY RETURNS,Hemerocallis x 'Happy Returns'                              ,Happy Returns Dwarf Daylily                                 
OR,040071,HEM JOAN SENIOR,Hemerocallis x 'Joan Senior'                                ,Joan Senior Daylily                                         
OR,040131,HEM MINI PEARL,Hemerocallis x 'Mini Pearl'                                 ,Mini Pearl Dwarf Daylily                                    
OR,083984PTC,HEM PINK PLAYMATE,Hemerocallis x 'Pink Playmate'                              ,Pink Playmate Daylily                                       
OR,040631,HEM PRAIRIE BLUE EYES,Hemerocallis x 'Prairie Blue Eyes'                          ,Prairie Blue Eyes Daylily                                   
OR,083941,HEM SILOAM GUMDROP,Hemerocallis x 'Siloam Gumdrop'                             ,Siloam Gumdrop Daylily                                      
OR,083931,HEM SWIRLING WATER,Hemerocallis x 'Swirling Water'                             ,Swirling Water Daylily                                      
OR,064181,HESPERALOE BRK LIGHTS R P21729,"Hesperaloe parviflora 'Perpa' P.P. # 21,729                 ",Brakelights®  Red Yucca
OR,403231,HEUCHERA BERRY SMOOTHIE P21871,"Heuchera ' Berry Smoothie' P.P.# 21,871 C.O.P.F.            ",Berry Smoothie Coral Bells                                  
OR,097171,HEUCHERA CARNIVAL RSE GRNT PAF,Heuchera x hybrida 'Carnival Rose Granita'                  ,Carnival Rose Granita Coral Bells                           
OR,036711,HEUCHERA CAROLINE PP20026,"Heuchera x 'Caroline' P.P. #20,026                          ",Caroline Coral Bells                                        
OR,403241,HEUCHERA CHERRY COLA P22967,Heuchera 'Cherry Cola' P.P.A.F.                             ,Cherry Cola Heuchera                                        
OR,054911,HEUCHERA FIRE CHIEF PP21880,Heuchera x 'Fire Chief' P.P.#21880                          ,Fire Chief Coral Bells                                      
OR,023101,HEUCHERA FROSTED VIOLET P15085,Heuchera 'Frosted Violet' P.P.# 15085                       ,Frosted Violet Coral Bells                                  
OR,047531,HEUCHERA GEORGIA PEACH PP19375,Heuchera x 'Georgia Peach' P.P.# 19375                      ,Georgia Peach Coral Bells                                   
OR,018661,HEUCHERA GREEN SPICE,Heuchera americana 'Green Spice'                            ,Green Spice Coral Bells                                     
OR,028871,HEUCHERA MARMALADE PP15945,Heuchera x 'Marmalade' P.P.# 15945                          ,Marmalade Coral Bells                                       
OR,045721,HEUCHERA MIDNIGHT ROSE PP18551,Heuchera x 'Midnight Rose' P.P.# 18551                      ,Midnight Rose Coral Bells                                   
OR,040451,HEUCHERA PALACE PURPLE,Heuchera micrantha 'Palace Purple'                          ,Palace Purple Coral Bells                                   
OR,047541,HEUCHERA PEACH FLAMBEE PP17195,Heuchera x 'Peach Flambe' P.P.# 17195                       ,Peach Flambe Coral Bells                                    
OR,046641,HEUCHERA VIL CARAMEL PP16560,"Heuchera 'Caramel' P.P.# 16,560                             ",Caramel Coral Bells                                         
OR,076241,HEUCHERELLA REDSTN FLLS P22394,"Heucherella x 'Redstone Falls' P.P.# 22,394                 ",Redstone Falls Trailing Foamy Bells                         
OR,407761,HEUCHERELLA SOLAR ECLIPSE,Heucherella 'Solar Eclipse'                                 ,Solar Eclipse Foamy Bells                                   
OR,041171,HEUCHERELLA SWEET TEA PPAF,"Heucherella 'Sweet Tea' P.P.#21,296                         ",Sweet Tea Foamy Bells                                       
OR,056365,HOLBOELLIA COR CATHEDRAL GEM,Holboellia coriacea 'Cathedral Gem'                         ,Cathedral Gem Sausage Vine                                  
OR,031872,HOSTA ABIQUA DRINKING GOURD,Hosta (H. 'Tokudama' x H. sieboldiana) 'Abiqua Drinking Gour,Abiqua Drinking Gourd Plantain Lily                         
OR,036984PTC,HOSTA APHRODITE,Hosta plantaginea 'Aphrodite'                               ,Aphrodite Plantain Lily                                     
OR,093061,HOSTA ENTERPRISE,Hosta 'Enterprise'                                          ,Enterprise Hosta                                            
OR,093062,HOSTA ENTERPRISE,Hosta 'Enterprise'                                          ,Enterprise Hosta                                            
OR,041472,HOSTA EOLA SAPPHIRE,Hosta x 'Eola Sapphire'                                     ,Eola Sapphire Plantain Lily                                 
OR,075111,HOSTA FANTASY ISLAND,Hosta 'Fantasy Island'                                      ,Fantasy Island Plantain Lily                                
OR,075112,HOSTA FANTASY ISLAND,Hosta 'Fantasy Island'                                      ,Fantasy Island Plantain Lily                                
OR,041862,HOSTA FLUCTUANS VARIEG (SAGAE),Hosta x 'Sagae'                                             ,Variegated Plantain Lily                                    
OR,041695,HOSTA FRANCEE,Hosta x 'Francee'                                           ,Francee Plantain Lily                                       
OR,041532,HOSTA GINKO CRAIG,Hosta x 'Ginko Craig'                                       ,Ginko Craig Plantain Lily                                   
OR,04153UT,HOSTA GINKO CRAIG,Hosta x 'Ginko Craig'                                       ,Ginko Craig Plantain Lily                                   
OR,041771,HOSTA GOLDEN PRAYERS,Hosta x 'Golden Prayers'                                    ,Golden Prayers Plantain Lily                                
OR,019911,HOSTA GREAT EXPECTATIONS,Hosta 'Great Expectations'                                  ,Great Expectations Plantain Lily                            
OR,017522,HOSTA GUACAMOLE,Hosta x 'Guacamole'                                         ,Guacamole Plantain Lily                                     
OR,017525,HOSTA GUACAMOLE,Hosta x 'Guacamole'                                         ,Guacamole Plantain Lily                                     
OR,041822,HOSTA KROSSA REGAL,Hosta x 'Krossa Regal'                                      ,Krossa Regal Plantain Lily                                  
OR,041825,HOSTA KROSSA REGAL,Hosta x 'Krossa Regal'                                      ,Krossa Regal Plantain Lily                                  
OR,006982,HOSTA MINUTEMAN,Hosta x 'Minuteman'                                         ,Minuteman Plantain Lily                                     
OR,028392,HOSTA OLIVE BAILEY LANGDON,Hosta x 'Olive Bailey Langdon'                              ,Olive Bailey Langdon Plantain Lily                          
OR,028395,HOSTA OLIVE BAILEY LANGDON,Hosta x 'Olive Bailey Langdon'                              ,Olive Bailey Langdon Plantain Lily                          
OR,041882,HOSTA PATRIOT,Hosta x 'Patriot'                                           ,Patriot Plantain Lily                                       
OR,007012,HOSTA REGAL SPLENDOR,Hosta x 'Regal Splendor'                                    ,Regal Splendor Plantain Lily                                
OR,039472,HOSTA ROSEDALE GOLDEN GOOSE,Hosta 'Rosedale Golden Goose'                               ,Rosedale Golden Goose Plantain Lily                         
OR,039475,HOSTA ROSEDALE GOLDEN GOOSE,Hosta 'Rosedale Golden Goose'                               ,Rosedale Golden Goose Plantain Lily                         
OR,075161,HOSTA THE RAZOR'S EDGE,Hosta x 'The Razor's Edge'                                  ,The Razor's Edge Plantain Lily                              
OR,075162,HOSTA THE RAZOR'S EDGE,Hosta x 'The Razor's Edge'                                  ,The Razor's Edge Plantain Lily                              
OR,016305,HOSTA TOKUDAMA FLAVOCIRCINALIS,Hosta tokudama 'Flavocircinalis'                            ,Flavocircinalis Plantain Lily                               
OR,041851,HOSTA WIDE BRIM,Hosta x 'Wide Brim'                                         ,Wide Brim Plantain Lily                                     
OR,041852,HOSTA WIDE BRIM,Hosta x 'Wide Brim'                                         ,Wide Brim Plantain Lily                                     
OR,088402,HUMULUS X NEWPORT,Humulus lupulus 'Newport'                                   ,Newport Common Hop                                          
OR,074532S,HYD A INVINCE SPIRIT R PP20765,"Hydrangea arborescens 'NCHA1' P.P. #20,765, C.B.R.A.F.      ",Invincibelle®  Spirit Hydrangea
OR,063832,HYD ANG GOLDEN CRANE R,Hydrangea angustipetala 'MonLongShou'                       ,Golden Crane®  Hydrangea
OR,063835,HYD ANG GOLDEN CRANE R,Hydrangea angustipetala 'MonLongShou'                       ,Golden Crane®  Hydrangea
OR,056452,HYD ASPERA PLUM PASSION R,Hydrangea aspera                                            ,Plum Passion®  Hydrangea
OR,056455,HYD ASPERA PLUM PASSION R,Hydrangea aspera                                            ,Plum Passion®  Hydrangea
OR,092752,HYD BLUE ENCHANTRESS R PP25209,"Hydrangea macrophylla 'Monmar' PP #25,209                   ",Blue Enchantress®  Hydrangea
OR,092755,HYD BLUE ENCHANTRESS R PP25209,"Hydrangea macrophylla 'Monmar' PP #25,209                   ",Blue Enchantress®  Hydrangea
OR,074541S,HYD MAC CTYLN TM RIO,"Hydrangea macrophylla	'Ragra'                               ",Cityline®  Rio Bigleaf Hydrangea
OR,074542S,HYD MAC CTYLN TM RIO,"Hydrangea macrophylla	'Ragra'                               ",Cityline®  Rio Bigleaf Hydrangea
OR,074592S,HYD MAC LD R MOONLIGHT PP20020,"Hydrangea	macrophylla 'Robert' P.P. #20,020, C.B.R.A.F.     ",Let's Dance®  Moonlight Hydrangea
OR,074595,HYD MAC LD R MOONLIGHT PP20020,"Hydrangea	macrophylla 'Robert' P.P. #20,020, C.B.R.A.F.     ",Let's Dance®  Moonlight Hydrangea
OR,086312S,HYD MAC LD R RHYTHMIC BLUE PAF,Hydrangea macrophylla 'ES14' P.P.A.F.                       ,Let's Dance®  Rhythmic Blue Hydrangea
OR,074582S,HYD MAC LD R STARLIGHT PP20019,"Hydrangea	macrophylla 'Lynn' P.P. #20,019, C.B.R.A.F.       ",Let's Dance®  Starlight Bigleaf Hydrangea
OR,074585,HYD MAC LD R STARLIGHT PP20019,"Hydrangea	macrophylla 'Lynn' P.P. #20,019, C.B.R.A.F.       ",Let's Dance®  Starlight Bigleaf Hydrangea
