Loc,Item,Description,Botanical Name,Common Name,Product
OR,039472,HOSTA ROSEDALE GOLDEN GOOSE,Hosta 'Rosedale Golden Goose'                               ,Rosedale Golden Goose Plantain Lily                         ,PRN
OR,039475,HOSTA ROSEDALE GOLDEN GOOSE,Hosta 'Rosedale Golden Goose'                               ,Rosedale Golden Goose Plantain Lily                         ,PRN
OR,075161,HOSTA THE RAZOR'S EDGE,Hosta x 'The Razor's Edge'                                  ,The Razor's Edge Plantain Lily                              ,PRN
OR,075162,HOSTA THE RAZOR'S EDGE,Hosta x 'The Razor's Edge'                                  ,The Razor's Edge Plantain Lily                              ,PRN
OR,016305,HOSTA TOKUDAMA FLAVOCIRCINALIS,Hosta tokudama 'Flavocircinalis'                            ,Flavocircinalis Plantain Lily                               ,PRN
OR,041851,HOSTA WIDE BRIM,Hosta x 'Wide Brim'                                         ,Wide Brim Plantain Lily                                     ,PRN
OR,041852,HOSTA WIDE BRIM,Hosta x 'Wide Brim'                                         ,Wide Brim Plantain Lily                                     ,PRN
OR,088402,HUMULUS X NEWPORT,Humulus lupulus 'Newport'                                   ,Newport Common Hop                                          ,VIN
OR,074532S,HYD A INVINCE SPIRIT R PP20765,"Hydrangea arborescens 'NCHA1' P.P. #20,765, C.B.R.A.F.      ",Invincibelle®  Spirit Hydrangea,DCS
OR,063832,HYD ANG GOLDEN CRANE R,Hydrangea angustipetala 'MonLongShou'                       ,Golden Crane®  Hydrangea,DCS
OR,063835,HYD ANG GOLDEN CRANE R,Hydrangea angustipetala 'MonLongShou'                       ,Golden Crane®  Hydrangea,DCS
OR,056452,HYD ASPERA PLUM PASSION R,Hydrangea aspera                                            ,Plum Passion®  Hydrangea,DCS
OR,056455,HYD ASPERA PLUM PASSION R,Hydrangea aspera                                            ,Plum Passion®  Hydrangea,DCS
OR,092752,HYD BLUE ENCHANTRESS R PP25209,"Hydrangea macrophylla 'Monmar' PP #25,209                   ",Blue Enchantress®  Hydrangea,DCS
OR,092755,HYD BLUE ENCHANTRESS R PP25209,"Hydrangea macrophylla 'Monmar' PP #25,209                   ",Blue Enchantress®  Hydrangea,DCS
OR,074541S,HYD MAC CTYLN TM RIO,"Hydrangea macrophylla	'Ragra'                               ",Cityline®  Rio Bigleaf Hydrangea,DCS
OR,074592S,HYD MAC LD R MOONLIGHT PP20020,"Hydrangea	macrophylla 'Robert' P.P. #20,020, C.B.R.A.F.     ",Let's Dance®  Moonlight Hydrangea,DCS
OR,074595,HYD MAC LD R MOONLIGHT PP20020,"Hydrangea	macrophylla 'Robert' P.P. #20,020, C.B.R.A.F.     ",Let's Dance®  Moonlight Hydrangea,DCS
OR,086312S,HYD MAC LD R RHYTHMIC BLUE PAF,Hydrangea macrophylla 'ES14' P.P.A.F.                       ,Let's Dance®  Rhythmic Blue Hydrangea,DCS
OR,074582S,HYD MAC LD R STARLIGHT PP20019,"Hydrangea	macrophylla 'Lynn' P.P. #20,019, C.B.R.A.F.       ",Let's Dance®  Starlight Bigleaf Hydrangea,DCS
OR,074585,HYD MAC LD R STARLIGHT PP20019,"Hydrangea	macrophylla 'Lynn' P.P. #20,019, C.B.R.A.F.       ",Let's Dance®  Starlight Bigleaf Hydrangea,DCS
OR,038775,HYD MAC MINI PENNY TM PP15744,"Hydrangea macrophylla 'Mini Penny' P.P. #15,744             ",Mini Penny™  Hydrangea,DCS
OR,023755,HYD MAC PENNY MAC,Hydrangea macrophylla 'Penny Mac'                           ,Penny Mac Hydrangea                                         ,DCS
OR,042025,HYD PAN ANGEL'S BLUSH R P10751,"Hydrangea paniculata 'Ruby' P.P.# 10,751                    ",Angel's Blush®  Hydrangea,DCS
OR,024372S,HYD PAN LIMELIGHT PP12874,"Hydrangea	paniculata 'Limelight' P.P. #12,874, C.B.R. #2,319",Limelight Hardy Hydrangea                                   ,DCS
OR,035011,HYD PET MIRANDA,Hydrangea anomala petiolaris 'Miranda'                      ,Miranda Climbing Hydrangea                                  ,VIN
OR,035012,HYD PET MIRANDA,Hydrangea anomala petiolaris 'Miranda'                      ,Miranda Climbing Hydrangea                                  ,VIN
OR,035015,HYD PET MIRANDA,Hydrangea anomala petiolaris 'Miranda'                      ,Miranda Climbing Hydrangea                                  ,VIN
OR,041701,HYD PETIOLARIS,Hydrangea anomala petiolaris                                ,Climbing Hydrangea                                          ,VIN
OR,041705,HYD PETIOLARIS,Hydrangea anomala petiolaris                                ,Climbing Hydrangea                                          ,VIN
OR,041709,HYD PETIOLARIS,Hydrangea anomala petiolaris                                ,Climbing Hydrangea                                          ,VIN
OR,042565,HYD QUER PEE WEE,Hydrangea quercifolia 'Pee Wee'                             ,Pee Wee Oak Leaf Hydrangea                                  ,DCS
OR,056482,HYD SERRATA CHIRI-SAN SUE (DH),Hydrangea serrata 'Chiri-san Sue'                           ,Chiri-san Sue Mountain Hydrangea                            ,DCS
OR,056485,HYD SERRATA CHIRI-SAN SUE (DH),Hydrangea serrata 'Chiri-san Sue'                           ,Chiri-san Sue Mountain Hydrangea                            ,DCS
OR,065381,HYPERICUM AN IGNITE RED P19468,"Hypericum androsaemum 'Seifire' P.P. #19,468                ",Ignite Red St. John's Wort                                  ,DCS
OR,065382,HYPERICUM AN IGNITE RED P19468,"Hypericum androsaemum 'Seifire' P.P. #19,468                ",Ignite Red St. John's Wort                                  ,DCS
OR,042131,HYPERICUM FRONDOSUM SUNBURST,Hypericum frondosum 'Sunburst'                              ,Sunburst St. John's Wort                                    ,DCS
OR,080891S,HYPERICUM K BLUES FSTVL TM PAF,Hypericum kalmianum 'Blue & Gold' P.P.A.F.                  ,Blue & Gold St. John's Wort                                 ,DCS
OR,090981,IBERIS SEMP PURITY,Iberis sempervirens 'Purity'                                ,Purity Candytuft                                            ,PRN
OR,043055,ILEX AQ GOLD COAST R,Ilex aquifolium 'Monvila'                                   ,Gold Coast®  English Holly,EVS
OR,044902,ILEX CREN HELLERI,Ilex crenata 'Helleri'                                      ,Heller's Japanese Holly                                     ,EVS
OR,089972S,ILEX CREN PATTI O TM,                                                            ,                                                            ,EVS
OR,044931,ILEX CREN SKY PENCIL(SKY SNTRY,Ilex crenata 'Sky Pencil'                                   ,Sky Pencil Japanese Holly                                   ,EVS
OR,007595,ILEX CREN SOFT TOUCH,Ilex crenata 'Soft Touch'                                   ,Soft Touch Compact Holly                                    ,EVS
OR,092652,ILEX EMRLD COLONNADE R PP23905,"Ilex x 'RutHol1' P.P.#23,905                                ",Emerald Colonnade®  Holly,EVS
OR,092655,ILEX EMRLD COLONNADE R PP23905,"Ilex x 'RutHol1' P.P.#23,905                                ",Emerald Colonnade®  Holly,EVS
OR,086345,ILEX VERT BERRY POPPINS R,Ilex verticillata 'FarrowBPop' P.P.A.F.                     ,Berry Poppins™  Winterberry,DCS
OR,086355,ILEX VERT MR POPPINS R,Ilex verticillata 'FarrowMP' P.P.A.F.                       ,Mr. Poppins™  Winterberry,DCS
OR,045135,ILEX X BERRI-MAGIC R ROYALTY,Ilex x meserveae 'Blue Prince' & 'Blue Princess'            ,Berri-Magic®  Royalty Holly Combination,EVS
OR,045105,ILEX X BLUE GIRL,Ilex x meserveae 'Blue Girl'                                ,Blue Girl Holly                                             ,EVS
OR,045172,ILEX X BLUE PRINCESS,Ilex x meserveae 'Blue Princess'                            ,Blue Princess Holly                                         ,EVS
OR,074955,ILEX X CASTLE SPIRE R PP14310,"Ilex x meserveae 'Hachfee' P.P. #14,310                     ",Castle Spire®  Blue Holly,EVS
OR,031155,ILEX X HONEY MAID PP12060,Ilex x 'Honey Maid' P.P.# 12060                             ,Honey Maid Holly                                            ,EVS
OR,045351,ILEX X LITTLE RASCAL R P9999,"Ilex x 'Mondo' (Male) P.P.# 9,999                           ",Little Rascal®  Holly,EVS
OR,019652,ILEX X RED BEAUTY R PP14750,Ilex x 'Rutzan' P.P.# 14750                                 ,Red Beauty®  Holly,EVS
OR,021091,ILEX X SCALLYWAG TM PP21941,"Ilex x meservae 'MonNieves' P.P.# 21,941                    ",Scallywag™  Holly,EVS
OR,046361,IRIS SIB BENNERUP BLUE,Iris sibirica 'Bennerup Blue'                               ,Bennerup Blue Siberian Iris                                 ,PRN
OR,046011,IRIS SIB RUFFLED VELVET,Iris sibirica 'Ruffled Velvet'                              ,Ruffled Velvet Siberian Iris                                ,PRN
OR,046015,IRIS SIB RUFFLED VELVET,Iris sibirica 'Ruffled Velvet'                              ,Ruffled Velvet Siberian Iris                                ,PRN
OR,046901,JUN C GOLD COAST R,Juniperus x pfitzeriana 'Aurea Improved'                    ,Gold Coast®  Juniper,CON
OR,046902,JUN C GOLD COAST R,Juniperus x pfitzeriana 'Aurea Improved'                    ,Gold Coast®  Juniper,CON
OR,084905,JUN COMMUNIS VAR MONTANA,Juniperus communis var. montana (var. jackii)               ,Mountain Juniper                                            ,CON
OR,049251,JUN H BLUE CHIP,Juniperus horizontalis 'Blue Chip'                          ,Blue Chip Juniper                                           ,CON
OR,050201,JUN H YOUNGSTOWN,Juniperus horizontalis 'Youngstown'                         ,Youngstown Andorra Juniper                                  ,CON
OR,053305,JUN SC WICHITA BLUE,Juniperus scopulorum 'Wichita Blue'                         ,Wichita Blue Juniper                                        ,CON
OR,053392,JUN SQUA BLUE STAR,Juniperus squamata 'Blue Star'                              ,Blue Star Juniper                                           ,CON
OR,053395,JUN SQUA BLUE STAR,Juniperus squamata 'Blue Star'                              ,Blue Star Juniper                                           ,CON
OR,053395PT,JUN SQUA BLUE STAR,Juniperus squamata 'Blue Star'                              ,Blue Star Juniper                                           ,CON
OR,054191,KERRIA J PLENIFLORA,Kerria japonica 'Pleniflora'                                ,Double Flowered Japanese Rose                               ,DCS
OR,054195,KERRIA J PLENIFLORA,Kerria japonica 'Pleniflora'                                ,Double Flowered Japanese Rose                               ,DCS
OR,086671,KNIPH LEMON POPSICLE TM PPAF,"Kniphofia 'Lemon Popsicle' P.P. 24,01                       ",Lemon Popsicle Hot Poker                                    ,PRN
OR,080251,KNIPH MANGO POPSICLE TM PPAF,Kniphofia 'Mango Popsicle' P.P.A.F.                         ,Mango Popsicle™  Dwarf Poker,PRN
OR,080271,KNIPH REDHOT POPSICLE TM PPAF,Kniphofia 'Redhot Popsicle' P.P.A.F.                        ,Redhot Popsicle™  Poker,PRN
OR,043121,KNIPHOFIA HIR FIRE DANCE,Kniphofia hirsuta 'Fire Dance'                              ,Fire Dance Dwarf Poker                                      ,PRN
OR,054335,LABURNUM X WAT VOSSII,Laburnum x Watereri 'Vossii'                                ,Golden Chain Tree                                           ,TRE
OR,02490UT,LAMIUM M PURPLE DRAGON P15890,Lamium maculatum 'Purple Dragon' P.P.# 15890                ,Purple Dragon Dead Nettle                                   ,PRN
OR,057265,LARIX DECIDUA,Larix decidua                                               ,European Larch                                              ,CON
OR,057291,LAURUS NOBILIS,Laurus nobilis                                              ,Sweet Bay                                                   ,EVS
OR,057295,LAURUS NOBILIS,Laurus nobilis                                              ,Sweet Bay                                                   ,EVS
OR,05729UT,LAURUS NOBILIS,Laurus nobilis                                              ,Sweet Bay                                                   ,EVS
OR,021471,LAURUS NOBILIS EMERALD WAVE R,Laurus nobilis 'Monem'                                      ,Emerald Wave®  Sweet Bay,EVS
OR,021472,LAURUS NOBILIS EMERALD WAVE R,Laurus nobilis 'Monem'                                      ,Emerald Wave®  Sweet Bay,EVS
OR,021475,LAURUS NOBILIS EMERALD WAVE R,Laurus nobilis 'Monem'                                      ,Emerald Wave®  Sweet Bay,EVS
OR,074231,LAVAN INT RIVERINA TM THOMAS,Lavandula intermedia 'Riverina Thomas'                      ,Riverina Thomas French Lavender                             ,PRN
OR,009161,LAVANDULA ANG HIDCOTE,Lavandula angustifolia 'Hidcote Blue'                       ,Hidcote Blue English Lavender                               ,PRN
OR,028481,LAVANDULA THUMBELINA LE P15231,Lavandula angustifolia 'Thumbelina Leigh'                   ,Thumbelina Leigh English Lavender                           ,PRN
OR,028131,LAVANDULA X INT PROVENCE,Lavandula x intermedia 'Provence'                           ,Provence French Lavender                                    ,PRN
OR,060321,LEUCOSCEPTRUM JAP GOLDEN ANGEL,Leucosceptrum japonicum 'Golden Angel'                      ,Golden Angel Japanese Shrub Mint                            ,PRN
OR,060325,LEUCOSCEPTRUM JAP GOLDEN ANGEL,Leucosceptrum japonicum 'Golden Angel'                      ,Golden Angel Japanese Shrub Mint                            ,PRN
OR,057881,LIATRIS SPI KOBOLD,Liatris spicata 'Kobold'                                    ,Kobold Gayfeather                                           ,PRN
OR,033342,LIGULARIA PRZEWALSKI,Ligularia przewalskii                                       ,Ragwort                                                     ,PRN
OR,058455,LIGUSTRUM VULGARE LODENSE,Ligustrum vulgare 'Lodense'                                 ,Lodense Privet                                              ,DCS
OR,058805,LIRIODENDRON MAJESTIC BEAUTY R,Liriodendron tulipifera 'Aureo-marginatum'                  ,Majestic Beauty®  Tulip Tree,TRE
OR,036805,LIRIODENDRON TULIPIFERA ARNOLD,Liriodendron tulipifera 'Arnold'                            ,Arnold Tulip Tree                                           ,TRE
OR,058941,LITHODORA GRACE WARD,Lithodora diffusa 'Grace Ward'                              ,Grace Ward Lithodora                                        ,PRN
OR,404612,LOBELIA SPEC FAN SCARLET,Lobelia x speciosa 'Fan Scarlet'                            ,Fan Scarlet Lobelia                                         ,PRN
OR,072511,LOBELIA X SPE RUSSIAN PRINCESS,Lobelia x speciosa 'Russian Princess'                       ,Russian Princess Lobelia                                    ,PRN
OR,059055ST,LONICERA JAP HALLIANA,Lonicera japonica 'Halliana'                                ,Hall's Japanese Honeysuckle                                 ,VIN
OR,059185,LONICERA PER BERRIES JUBILEE R,Lonicera periclymenum 'Monul'                               ,Berries Jubilee®  Woodbine Honeysuckle,VIN
OR,067835,LONICERA SEMP MAJOR WHEELER,Lonicera sempervirens 'Major Wheeler'                       ,Major Wheeler Coral Honeysuckle                             ,VIN
OR,059905,MAG LILIFLORA NIGRA,Magnolia liliiflora 'Nigra'                                 ,Purple Lily Magnolia                                        ,DCS
OR,060401,MAG STELLATA ROYAL STAR,Magnolia stellata 'Royal Star'                              ,Royal Star Magnolia                                         ,DCS
OR,059585TR,MAG X BLACK TULIP PPAF,Magnolia x soulangiana 'Jurmag1' P.P.A.F.                   ,Black Tulip™  Magnolia,TRE
OR,060701,MAHONIA AQUIFOLIUM,Mahonia aquifolium                                          ,Oregon Grape Holly                                          ,EVS
OR,060931,MAHONIA NERVOSA,Mahonia nervosa                                             ,Longleaf Mahonia                                            ,EVS
OR,060932,MAHONIA NERVOSA,Mahonia nervosa                                             ,Longleaf Mahonia                                            ,EVS
OR,060951,MAHONIA REPENS,Mahonia repens                                              ,Creeping Mahonia                                            ,EVS
OR,036652,MAHONIA X CHARITY,Mahonia x media 'Charity'                                   ,Charity Mahonia                                             ,EVS
OR,053582,MAHONIA X MED LIONEL FORTESCUE,Mahonia x media 'Lionel Fortescue'                          ,Lionel Fortescue Mahonia                                    ,EVS
OR,053585,MAHONIA X MED LIONEL FORTESCUE,Mahonia x media 'Lionel Fortescue'                          ,Lionel Fortescue Mahonia                                    ,EVS
OR,030575,MALUS CENTURION R,Malus x 'Centzan'                                           ,Centurion®  Crabapple,TRE
OR,018325,MALUS SARGENTII TINA,Malus sargentii 'Tina'                                      ,Tina Sargent Crabapple                                      ,TRE
OR,061145,MALUS X PRAIRIFIRE,Malus x 'Prairifire'                                        ,Prairifire Crabapple                                        ,TRE
OR,047251,MUKDENIA ROS CRIMSON FANS,Mukdenia rossii 'Crimson Fans'                              ,Red-Leafed Mukdenia                                         ,PRN
OR,062185,MYRICA PENSYLVANICA,Myrica pennsylvanica                                        ,Northern Bayberry                                           ,EVS
OR,062332,NAND DOM HARBOUR DWARF,Nandina domestica 'Harbour Dwarf'                           ,Harbour Dwarf Heavenly Bamboo                               ,EVS
OR,055661,OPHIOPOGON FORMOSANUM,Ophiopogon formosanum                                       ,Taiwan Mondo Grass                                          ,GRS
OR,063231,OSMANTHUS HET GOSHIKI,Osmanthus heterophyllus 'Goshiki'                           ,Goshiki False Holly                                         ,EVS
OR,063232,OSMANTHUS HET GOSHIKI,Osmanthus heterophyllus 'Goshiki'                           ,Goshiki False Holly                                         ,EVS
OR,063235,OSMANTHUS HET GOSHIKI,Osmanthus heterophyllus 'Goshiki'                           ,Goshiki False Holly                                         ,EVS
OR,06323UT,OSMANTHUS HET GOSHIKI,Osmanthus heterophyllus 'Goshiki'                           ,Goshiki False Holly                                         ,EVS
OR,077131,OSTEO AVALANCHE PP22705,"Osteospermum 'Avalanche' P.P. 22,705                        ",Avalanche White Sun Daisy                                   ,PRN
OR,079331,OSTEO LAVENDER MIST R,Osteospermum sp Lavender Mist® ,Lavender Mist®  Sun Daisy,PRN
OR,079351,OSTEO PURPLE MOUNTAIN R,Osteospermum barberiae var. compactum Purple Mountain{{#174},Purple Mountain®  Sun Daisy,PRN
OR,063351,PACHYSANDRA TERM GREEN SHEEN,Pachysandra terminalis 'Green Sheen'                        ,Green Sheen Japanese Spurge                                 ,PRN
OR,06335UT,PACHYSANDRA TERM GREEN SHEEN,Pachysandra terminalis 'Green Sheen'                        ,Green Sheen Japanese Spurge                                 ,PRN
OR,093191,PACHYSANDRA WINDCLIFF FRAGRANT,Pachysandra axillaris 'Windcliff Fragrant'                  ,Windcliff Fragrant Pachysandra                              ,PRN
OR,081521S,PARTH Q RED WALL TM PPAF,Parthenocissus quinquefolia 'Troki' P.P.A.F.                ,Red Wall™  Virginia Creeper,VIN
OR,081522S,PARTH Q RED WALL TM PPAF,Parthenocissus quinquefolia 'Troki' P.P.A.F.                ,Red Wall™  Virginia Creeper,VIN
OR,081525,PARTH Q RED WALL TM PPAF,Parthenocissus quinquefolia 'Troki' P.P.A.F.                ,Red Wall™  Virginia Creeper,VIN
OR,002505,PARTH TRI VEITCHII,Parthenocissus tricuspidata 'Veitchii'                      ,Boston Ivy                                                  ,VIN
OR,409001,PENST ROCK CANDY TM PINK PPAF,Penstemon 'Novapenpin' P.P.A.F.                             ,Rock Candy™  Pink Penstemon,PRN
OR,409011,PENST ROCK CANDY TM PRPL PPAF,Penstemon 'Novapenpur' P.P.A.F.                             ,Rock Candy™  Purple Penstemon,PRN
OR,066811,PENSTEMON X PRETTY PETTICOAT,Penstemon x 'Pretty Petticoat'                              ,Pretty Petticoat Beardtongue                                ,PRN
OR,064211,PEROVSKIA ATRIPLICIFOLIA,Perovskia atriplicifolia                                    ,Russian Sage                                                ,PRN
OR,064215,PEROVSKIA ATRIPLICIFOLIA,Perovskia atriplicifolia                                    ,Russian Sage                                                ,PRN
OR,405201,PHLOX PAN BUBBLEGUM PINK,"Phlox paniuculata 'DITOFRA' P.P.# 21,171                    ",Candy Store®  Bubblegum Pink™  Phlox,PRN
OR,405221,PHLOX PAN CORAL CREME DROP,"Phlox paniculata 'Ditomdre' P.P.# 20,907                    ",Candy Store®  Coral Cr{{#232}}me Drop Garden Phlox,PRN
OR,405231,PHLOX PAN GRAPE LOLLIPOP,"Phlox paniculata 'Ditomsur' P.P.# 21,171                    ",Candy Store®  Grape Lollipop™  Phlox,PRN
OR,064341,PHLOX SUB CANDY STRIPE,Phlox subulata 'Candy Stripe'                               ,Candy Stripe Creeping Phlox                                 ,PRN
OR,06445UT,PHLOX SUB EMERALD BLUE,Phlox subulata 'Emerald Blue'                               ,Emerald Blue Creeping Phlox                                 ,PRN
OR,064601,PHLOX SUB RED WINGS,Phlox subulata 'Red Wings'                                  ,Red Wings Creeping Phlox                                    ,PRN
OR,06460UT,PHLOX SUB RED WINGS,Phlox subulata 'Red Wings'                                  ,Red Wings Creeping Phlox                                    ,PRN
OR,085861,PHYGELIUS CAPENSIS MAGENTA,Phygelius capensis 'Magenta'                                ,Magenta Cape Fuchsia                                        ,PRN
OR,034655,PHYSOCARPUS CENTER GLOW P16894,Physocarpus opulifolius 'Center Glow' P.P.# 16894           ,Center Glow Ninebark                                        ,DCS
OR,063935,PHYSOCARPUS DIABOLO R P11211,"Physocarpus opulifolius 'Monlo' P.P. #11,211                ",Diabolo®  Ninebark,DCS
OR,064525,PICEA ABIES,Picea abies                                                 ,Norway Spruce                                               ,CON
OR,064552,PICEA ABIES LITTLE GEM,Picea abies 'Little Gem'                                    ,Little Gem Norway Spruce                                    ,CON
OR,064561,PICEA ABIES NIDIFORMIS,Picea abies 'Nidiformis'                                    ,Nest Spruce                                                 ,CON
OR,064565,PICEA ABIES NIDIFORMIS,Picea abies 'Nidiformis'                                    ,Nest Spruce                                                 ,CON
OR,064577ST,PICEA ABIES PENDULA,Picea abies 'Pendula'                                       ,Weeping Norway Spruce                                       ,CON
OR,049015,PICEA BICOLOR PROSTRATA,                                                            ,                                                            ,CON
OR,033265,PICEA ENG BUSH'S LACE,Picea engelmannii 'Bush's Lace'                             ,Bush's Lace Engleman Spruce                                 ,CON
OR,064621,PICEA GL CONICA,Picea glauca 'Conica'                                       ,Dwarf Alberta Spruce                                        ,CON
OR,064622,PICEA GL CONICA,Picea glauca 'Conica'                                       ,Dwarf Alberta Spruce                                        ,CON
OR,064622SP,PICEA GL CONICA,Picea glauca 'Conica'                                       ,Dwarf Alberta Spruce                                        ,CON
OR,064625,PICEA GL CONICA,Picea glauca 'Conica'                                       ,Dwarf Alberta Spruce                                        ,CON
OR,064625SP,PICEA GL CONICA,Picea glauca 'Conica'                                       ,Dwarf Alberta Spruce                                        ,CON
OR,064629,PICEA GL CONICA,Picea glauca 'Conica'                                       ,Dwarf Alberta Spruce                                        ,CON
OR,06462M,PICEA GL CONICA,Picea glauca 'Conica'                                       ,Dwarf Alberta Spruce                                        ,CON
OR,06462MP3,PICEA GL CONICA,Picea glauca 'Conica'                                       ,Dwarf Alberta Spruce                                        ,CON
OR,019371,PICEA GL CONICA TINY TOWER R,Picea glauca conica 'MonRon'                                ,Tiny Tower®  Alberta Spruce,CON
OR,019372,PICEA GL CONICA TINY TOWER R,Picea glauca conica 'MonRon'                                ,Tiny Tower®  Alberta Spruce,CON
OR,01937E,PICEA GL CONICA TINY TOWER R,Picea glauca conica 'MonRon'                                ,Tiny Tower®  Alberta Spruce,CON
OR,033275,PICEA GL DENSATA WELLS' WEEPER,Picea glauca 'Wells' Weeper'                                ,Wells' Weeper Spruce                                        ,CON
OR,064475,PICEA MARIANA NANA,Picea mariana 'Nana'                                        ,Dwarf Black Spruce                                          ,CON
OR,04761M,PICEA OMORIKA SKY TRAILS,Picea omorika 'Sky Trails'                                  ,Sky Trails Serbian Spruce                                   ,CON
OR,064815,PICEA ORIEN ATROVIRENS,Picea orientalis 'Atrovirens'                               ,Oriental Spruce                                             ,CON
OR,06481M,PICEA ORIEN ATROVIRENS,Picea orientalis 'Atrovirens'                               ,Oriental Spruce                                             ,CON
OR,064785,PICEA PUN GLAUCA FAT ALBERT,Picea pungens 'Fat Albert'                                  ,Fat Albert Colorado Blue Spruce                             ,CON
OR,064789,PICEA PUN GLAUCA FAT ALBERT,Picea pungens 'Fat Albert'                                  ,Fat Albert Colorado Blue Spruce                             ,CON
OR,06469MPT,PICEA PUN GLOBOSA,Picea pungens 'Globosa'                                     ,Dwarf Globe Blue Spruce                                     ,CON
OR,064719,PICEA PUN HOOPSII,Picea pungens 'Hoopsii'                                     ,Hoop's Blue Spruce                                          ,CON
OR,044635,PICEA PUN ISELI FASTIGATE,Picea pungens 'Iseli fastigiate'                            ,Iseli Fastigiate Spruce                                     ,CON
OR,064765,PICEA PUN MOERHEIM,Picea pungens 'Moerheim'                                    ,Moerheim Blue Spruce                                        ,CON
OR,064725,PICEA PUN MONTGOMERY,Picea pungens 'Montgomery'                                  ,Montgomery Blue Spruce                                      ,CON
OR,038745,PICEA PUN SPARKLER R,Picea pungens var. glauca 'MonWal'                          ,Sparkler®  Colorado Blue Spruce,CON
OR,01939M,PICEA PUN THE BLUES,Picea pungens 'The Blues'                                   ,The Blues Blue Spruce                                       ,CON
OR,04737M,PICEA PUN THOMPSENII,Picea pungens 'Thompsenii'                                  ,Thompsen Blue Spruce                                        ,CON
OR,049511,PIERIS J BROOKSIDE MINIATURE,Pieris japonica 'Brookside Miniature'                       ,Brookside Miniature Lily of the Valley                      ,EVS
OR,04947UT,PIERIS J IMPISH ELF TM PPAF,Pieris japonica 'Shy' P.P.A.F.                              ,Impish Elf®  Lily of the Valley Shrub (Enchanted Fores,EVS
OR,065251,PIERIS J PURITY,Pieris japonica 'Purity'                                    ,Purity Japanese Lily Of The Valley                          ,EVS
OR,049491,PIERIS J TIKI,Pieris japonica 'Tiki'                                      ,Tiki Lily of the Valley Shrub                               ,EVS
OR,049492,PIERIS J TIKI,Pieris japonica 'Tiki'                                      ,Tiki Lily of the Valley Shrub                               ,EVS
OR,065301,PIERIS J VALLEY ROSE,Pieris japonica 'Valley Rose'                               ,Valley Rose Lily Of The Valley                              ,EVS
OR,065302,PIERIS J VALLEY ROSE,Pieris japonica 'Valley Rose'                               ,Valley Rose Lily Of The Valley                              ,EVS
OR,065312,PIERIS J VALLEY VALENTINE,Pieris japonica 'Valley Valentine'                          ,Valley Valentine Lily Of The Valley                         ,EVS
OR,065321,PIERIS J VARIEGATA,Pieris japonica 'Variegata'                                 ,Variegated Japanese Lily Of The Valley                      ,EVS
OR,065322,PIERIS J VARIEGATA,Pieris japonica 'Variegata'                                 ,Variegated Japanese Lily Of The Valley                      ,EVS
OR,065221,PIERIS TAIWAN PRELUDE,Pieris japonica 'Prelude'                                   ,Prelude Lily Of The Valley                                  ,EVS
OR,065222,PIERIS TAIWAN PRELUDE,Pieris japonica 'Prelude'                                   ,Prelude Lily Of The Valley                                  ,EVS
OR,065082,PIERIS X FOREST FLAME,Pieris x 'Forest Flame'                                     ,Forest Flame Lily Of The Valley                             ,EVS
OR,064735,PINUS FLEXILIS CESARINI BLUE,                                                            ,                                                            ,CON
OR,021545,PINUS KOR SILVERAY,Pinus koraiensis 'Silveray'                                 ,Silveray Korean Pine                                        ,CON
OR,019405,PINUS MONOPHYLLA,Pinus monophylla                                            ,Singleleaf Pinyon                                           ,CON
OR,052535PT,PINUS MUGO <RK> VERY COMPACT,                                                            ,                                                            ,CON
OR,049092,PINUS MUGO BIG TUNA,Pinus mugo 'Big Tuna                                        ,Big Tuna Mugo Pine                                          ,CON
OR,049095,PINUS MUGO BIG TUNA,Pinus mugo 'Big Tuna                                        ,Big Tuna Mugo Pine                                          ,CON
OR,032742,PINUS MUGO COMPACT SELECT,Pinus mugo pumilio 'Compact Select'                         ,Compact Mugo Pine                                           ,CON
OR,032745,PINUS MUGO COMPACT SELECT,Pinus mugo pumilio 'Compact Select'                         ,Compact Mugo Pine                                           ,CON
OR,065452,PINUS MUGO PUMILIO,Pinus mugo pumilio                                          ,Dwarf Mugo Pine                                             ,CON
OR,065453,PINUS MUGO PUMILIO,Pinus mugo pumilio                                          ,Dwarf Mugo Pine                                             ,CON
OR,065455,PINUS MUGO PUMILIO,Pinus mugo pumilio                                          ,Dwarf Mugo Pine                                             ,CON
OR,065455NT,PINUS MUGO PUMILIO,Pinus mugo pumilio                                          ,Dwarf Mugo Pine                                             ,CON
OR,065455PT,PINUS MUGO PUMILIO,Pinus mugo pumilio                                          ,Dwarf Mugo Pine                                             ,CON
OR,065459NT,PINUS MUGO PUMILIO,Pinus mugo pumilio                                          ,Dwarf Mugo Pine                                             ,CON
OR,049135,PINUS NIGRA FRANK,Pinus nigra 'Frank'                                         ,Frank's Austrian Pine                                       ,CON
OR,025685,PINUS PARV BLUE ANGEL PP14169,"Pinus parviflora 'Blue Angel' P.P.# 14,169                  ",Blue Angel White Pine                                       ,CON
OR,046425,PINUS PARVIFLORA GLAUCA NANA,Pinus parviflora 'Glauca Nana'                              ,Dwarf Japanese White Pine                                   ,CON
OR,065495,PINUS STROBUS NANA,Pinus strobus 'Nana'                                        ,Dwarf Eastern White Pine                                    ,CON
OR,065535,PINUS SYL GLAUCA NANA,Pinus sylvestris 'Glauca Nana'                              ,Dwarf Scotch Pine                                           ,CON
OR,049145,PINUS SYL GLOBOSA VIRIDIS,Pinus sylvestris 'Globosa Viridis'                          ,Dwarf Twisted Scotch Pine                                   ,CON
OR,046835,PINUS THUN THUNDERHEAD,Pinus thunbergii 'Thunderhead'                              ,Thunderhead Japanese Black Pine                             ,CON
OR,090835,PITT ILL FORMOSAN FINGERS TM,Pittosporum illiciodes 'MonToroko'                          ,Formosan Fingers™  Pittosporum,EVS
OR,016582,PITT TEN GOLF BALL P15329,"Pittosporum tenuifolium 'Golf Ball' P.P. #15,329            ",Golf Ball Kohuhu                                            ,EVS
OR,016585,PITT TEN GOLF BALL P15329,"Pittosporum tenuifolium 'Golf Ball' P.P. #15,329            ",Golf Ball Kohuhu                                            ,EVS
OR,016802,PITT TEN OLIVER TWIST,Pittosporum tenuifolium 'Oliver Twist'                      ,Oliver Twist Kohuhu                                         ,EVS
OR,016805,PITT TEN OLIVER TWIST,Pittosporum tenuifolium 'Oliver Twist'                      ,Oliver Twist Kohuhu                                         ,EVS
OR,051422,PITT TEN TASMAN RUFFLES,Pittosporum tenuifolium 'Tasman Ruffles'                    ,Tasman Ruffles Pittosporum                                  ,EVS
OR,051425,PITT TEN TASMAN RUFFLES,Pittosporum tenuifolium 'Tasman Ruffles'                    ,Tasman Ruffles Pittosporum                                  ,EVS
OR,091025,PITT TEN WRINKLED BLUE,Pittosporum tenuifolium 'Wrinkled Blue'                     ,Wrinkled Blue Kohuhu                                        ,EVS
OR,035142,PODOCARPUS ALP BLUE GEM,Podocarpus alpinus 'Blue Gem'                               ,Blue Gem Alpine Plum Yew                                    ,CON
OR,035112,PODOCARPUS LAW BLUE TREASURE,Podocarpus lawrencei 'Blue Treasure'                        ,Blue Treasure Mountain Plum Pine                            ,CON
OR,066692,POTENTILLA ABBOTSWOOD,Potentilla fruticosa 'Abbotswood'                           ,Abbotswood Potentilla                                       ,DCS
OR,066685,POTENTILLA GOLDFINGER,Potentilla fruticosa 'Goldfinger'                           ,Goldfinger Potentilla                                       ,DCS
OR,086651,POTENTILLA PINK BEAUTY P9874,Potentilla fruticosa 'Pink Beauty' P.P.# 9874               ,Pink Beauty Potentilla                                      ,DCS
OR,066771,POTENTILLA RED ACE,Potentilla fruticosa 'Red Ace'                              ,Red Ace Potentilla                                          ,DCS
OR,066772,POTENTILLA RED ACE,Potentilla fruticosa 'Red Ace'                              ,Red Ace Potentilla                                          ,DCS
OR,066741,POTENTILLA SUNSET,Potentilla fruticosa 'Sunset'                               ,Sunset Potentilla                                           ,DCS
OR,053845,PROSTANTHERA CUN BADJA PEAK,Prostanthera cuneata 'Badja Peak'                           ,Badja Peak Mint Bush                                        ,EVS
OR,066835,PRUNUS CER KRAUTER VESUVIUS,Prunus cerasifera 'Krauter Vesuvius'                        ,Krauter Vesuvius Purple Leaf Plum                           ,TRE
OR,066885,PRUNUS CER THUNDERCLOUD,Prunus cerasifera 'Thundercloud'                            ,Thundercloud Purple Leaf Plum                               ,TRE
OR,031815,PRUNUS CRMSON POINTE TM P19564,"Prunus x cerasifera 'Cripoizam' P.P. #19,564                ",Crimson Pointe™  Flowering Plum,TRE
OR,016525,PRUNUS DREAM CATCHER,Prunus 'Dream Catcher'                                      ,Dream Catcher Flowering Cherry                              ,TRE
OR,019095,PRUNUS LAUR ETNA,Prunus laurocerasus 'Anbri'                                 ,Etna English Laurel                                         ,EVS
OR,067101,PRUNUS LAUR MT VERNON,Prunus laurocerasus 'Mount Vernon'                          ,Mount Vernon English Laurel                                 ,EVS
OR,067102,PRUNUS LAUR MT VERNON,Prunus laurocerasus 'Mount Vernon'                          ,Mount Vernon English Laurel                                 ,EVS
OR,067177,PRUNUS LAUR SCHIPKAENSIS,Prunus laurocerasus 'Schipkaensis'                          ,Schipka Cherry Laurel                                       ,EVS
OR,067051,PRUNUS LAUROCERASUS,Prunus laurocerasus                                         ,English Laurel                                              ,EVS
OR,067055,PRUNUS LAUROCERASUS,Prunus laurocerasus                                         ,English Laurel                                              ,EVS
OR,067051C,PRUNUS LAUROCERASUS (CA CERT),Prunus laurocerasus                                         ,English Laurel                                              ,EVS
OR,067055C,PRUNUS LAUROCERASUS (CA CERT),Prunus laurocerasus                                         ,English Laurel                                              ,EVS
OR,066955,PRUNUS PEN PLENO ROSEA,Prunus pendula 'Pleno-rosea'                                ,Double Weeping Rosebud Cherry                               ,TRE
OR,028025,PRUNUS SER ANGELS BLSH R TAIZO,Prunus serrulata 'Taizo'                                    ,Angel's Blush®  Flowering Cherry,TRE
OR,066915,PRUNUS SER KWANZAN,Prunus serrulata 'Kwanzan'                                  ,Kwanzan Flowering Cherry                                    ,TRE
OR,066945,PRUNUS SER MOUNT FUJI,Prunus serrulata 'Mount Fuji'                               ,Mount Fuji Japanese Flowering Cherry                        ,TRE
OR,081785,PRUNUS VIR CANADA RED,Prunus virginiana 'Canada Red'                              ,Canada Red Chokecherry                                      ,TRE
OR,043395,PRUNUS WEEPING EXTRAORDNARE TM,Prunus x 'Extrazam' Weeping Extraordinaire™ ,Weeping Extraordinaire™  Double Flowering Cherry,TRE
OR,066985,PRUNUS X YEDOENSIS AKEBONO,Prunus x yedoensis 'Akebono'                                ,Akebono Yoshino Cherry                                      ,TRE
OR,043082,PSEUDOPANAX LAETUS KIWI GEM TM,Pseudopanax laetus                                          ,Kiwi Gem™  Shrub Panax,EVS
OR,043085,PSEUDOPANAX LAETUS KIWI GEM TM,Pseudopanax laetus                                          ,Kiwi Gem™  Shrub Panax,EVS
OR,069455,QUERCUS PALUSTRIS,Quercus palustris                                           ,Pin Oak                                                     ,TRE
OR,069315,QUERCUS ROBUR FASTIGIATA,Quercus robur 'Fastigiata'                                  ,Columnar English Oak                                        ,TRE
OR,069255,QUERCUS RUBRA,Quercus rubra                                               ,Northern Red Oak                                            ,TRE
OR,046751,RHAPH U RUTRHAPH STHRN MOON TM,"Rhaphiolepis umbellata 'RutRhaph1' P.P.# 20,730             ",Southern Moon®  Yedda Hawthorn,EVS
OR,046752,RHAPH U RUTRHAPH STHRN MOON TM,"Rhaphiolepis umbellata 'RutRhaph1' P.P.# 20,730             ",Southern Moon®  Yedda Hawthorn,EVS
OR,030461,RHOD (H-1) ELVIIRA,Rhododendron 'Elviira' (H-1)                                ,Elviira Rhododendron                                        ,RHO
OR,016222,RHOD (H-1) HELLIKKI,Rhododendron x 'Hellikki' (H-1)                             ,Hellikki Rhododendron                                       ,RHO
OR,016232,RHOD (H-1) HELSINKI UNIVERSITY,Rhododendron x 'Helsinki University' (H-1)                  ,Helsinki University Rhododendron                            ,RHO
OR,009751,RHOD (H-1) NOVA ZEMBLA,Rhododendron x 'Nova Zembla' (H-1)                          ,Nova Zembla Rhododendron                                    ,RHO
OR,009755,RHOD (H-1) NOVA ZEMBLA,Rhododendron x 'Nova Zembla' (H-1)                          ,Nova Zembla Rhododendron                                    ,RHO
OR,009972,RHOD (H-1) PURPLE GEM,Rhododendron x 'Purple Gem' (H-1)                           ,Purple Gem Rhododendron                                     ,RHO
OR,010052,RHOD (H-1) RAMAPO,Rhododendron x 'Ramapo' (H-1)                               ,Ramapo Rhododendron                                         ,RHO
OR,010055,RHOD (H-1) RAMAPO,Rhododendron x 'Ramapo' (H-1)                               ,Ramapo Rhododendron                                         ,RHO
OR,010155,RHOD (H-1) ROSEUM ELEGANS,Rhododendron x 'Roseum Elegans' (H-1)                       ,Roseum Elegans Rhododendron                                 ,RHO
OR,019772,RHOD (H-1) RTR HOOPLA,Rhododendron x 'Hoopla' (H-1) Raise the Roof®  Series,Hoopla Rhododendron                                         ,RHO
OR,020195,RHOD (H-1) RTR MARCH MADNESS,Rhododendron x 'March Madness' (H-1) Raise the Roof® ,March Madness Rhododendron                                  ,RHO
OR,019742,RHOD (H-1) RTR SLAM DUNK,Rhododendron x 'Slam Dunk' (H-1) Raise the Roof®  Seri,Slam Dunk Rhododendron                                      ,RHO
OR,009202,RHOD (H-2) CUNNINGHAM'S WHITE,Rhododendron x 'Cunningham's White' (H-2)                   ,Cunningham's White Rhododendron                             ,RHO
OR,009255,RHOD (H-2) DAPHNOIDES,Rhododendron x 'Daphnoides' (H-2)                           ,Daphnoides Rhododendron                                     ,RHO
OR,009435,RHOD (H-2) GOMER WATERER,Rhododendron x 'Gomer Waterer' (H-2)                        ,Gomer Waterer Rhododendron                                  ,RHO
OR,009562,RHOD (H-2) LOOKING GLASS,Rhododendron x 'Looking Glass' (H-2)                        ,Looking Glass Rhododendron                                  ,RHO
OR,009565,RHOD (H-2) LOOKING GLASS,Rhododendron x 'Looking Glass' (H-2)                        ,Looking Glass Rhododendron                                  ,RHO
OR,009552,RHOD (H-2) LORD ROBERTS,Rhododendron x 'Lord Roberts' (H-2)                         ,Lord Roberts Rhododendron                                   ,RHO
OR,009555,RHOD (H-2) LORD ROBERTS,Rhododendron x 'Lord Roberts' (H-2)                         ,Lord Roberts Rhododendron                                   ,RHO
OR,010072,RHOD (H-2) ROCKET,Rhododendron x 'Rocket' (H-2)                               ,Rocket Rhododendron                                         ,RHO
OR,010075,RHOD (H-2) ROCKET,Rhododendron x 'Rocket' (H-2)                               ,Rocket Rhododendron                                         ,RHO
OR,010202,RHOD (H-2) SCARLET WONDER DWRF,Rhododendron x 'Scarlet Wonder' (H-2)                       ,Scarlet Wonder Dwarf Rhododendron                           ,RHO
OR,010191,RHOD (H-2) SNEEZY,Rhododendron x 'Sneezy' (H-2)                               ,Sneezy Rhododendron                                         ,RHO
OR,010192,RHOD (H-2) SNEEZY,Rhododendron x 'Sneezy' (H-2)                               ,Sneezy Rhododendron                                         ,RHO
OR,010252,RHOD (H-2) TRILBY,Rhododendron x 'Trilby' (H-2)                               ,Trilby Rhododendron                                         ,RHO
OR,010255,RHOD (H-2) TRILBY,Rhododendron x 'Trilby' (H-2)                               ,Trilby Rhododendron                                         ,RHO
OR,010405,RHOD (H-2) VULCAN,Rhododendron x 'Vulcan' (H-2)                               ,VULCAN RHODODENDRON                                         ,RHO
OR,010521,RHOD (H-2) YAKU PRINCESS,Rhododendron x 'Yaku Princess' (H-2)                        ,Yaku Princess Rhododendron                                  ,RHO
OR,010522,RHOD (H-2) YAKU PRINCESS,Rhododendron x 'Yaku Princess' (H-2)                        ,Yaku Princess Rhododendron                                  ,RHO
OR,008805,RHOD (H-3) ANNA ROSE WHITNEY,Rhododendron x 'Anna Rose Whitney' (H-3)                    ,Anna Rose Whitney Rhododendron                              ,RHO
OR,009502,RHOD (H-3) JEAN MARIE DE MNTGE,Rhododendron x 'Jean Marie de Montague' (H-3)               ,Jean Marie De Montague Rhododendron                         ,RHO
OR,009505,RHOD (H-3) JEAN MARIE DE MNTGE,Rhododendron x 'Jean Marie de Montague' (H-3)               ,Jean Marie De Montague Rhododendron                         ,RHO
OR,026385,RHOD (H-3) RAC ROCK ROSE,Rhododendron racemosum 'Rock Rose'                          ,Rock Rose Rhododendron                                      ,RHO
OR,010355,RHOD (H-3) VIRGINIA RICHARDS,Rhododendron x 'Virginia Richards' (H-3)                    ,Virginia Richards Rhododendron                              ,RHO
OR,009311,RHOD (H-3) YAKU DREAMLAND,Rhododendron x 'Dreamland' (Yakushima hybrid) (H-3)         ,Dreamland Rhododendron                                      ,RHO
OR,009312,RHOD (H-3) YAKU DREAMLAND,Rhododendron x 'Dreamland' (Yakushima hybrid) (H-3)         ,Dreamland Rhododendron                                      ,RHO
OR,010502,RHOD (H-3) YELLOW PETTICOATS,Rhododendron x 'Yellow Petticoats' (H-3)                    ,Yellow Petticoats Rhododendron                              ,RHO
OR,024582,ROSA CARAMBA TM PP13396,Rosa x 'Tanabamar' P.P.# 13396                              ,Caramba®  Shrub Rose,ROS
OR,024632,ROSA CHATEAU MERLOT TM PP12190,Rosa x 'Tanoronez' P.P.# 12190                              ,Chateau Merlot®  Shrub Rose,ROS
OR,036292,ROSA FLWR CAR R AMBER PPAF,Rosa x 'NOA97400A' P.P.A.F.                                 ,Flower Carpet®  Amber Groundcover Rose,ROS
OR,069292,ROSA FLWR CAR R APLBLSM P10239,Rosa x 'Noamel' P.P.# 10239                                 ,Flower Carpet®  Appleblossom Groundcover Rose,ROS
OR,069782,ROSA FLWR CAR R PINK,Rosa x 'Noatraum'                                           ,Flower Carpet®  Pink Groundcover Rose,ROS
OR,079572,ROSA FLWR CAR R PNK SPLSH PPAF,Rosa x 'Noasplash' P.P.A.F.                                 ,Flower Carpet®  Pink Splash Groundcover Rose,ROS
OR,071602,ROSA FLWR CAR R RED P11308,Rosa x 'Noare' P.P.# 11308                                  ,Flower Carpet®  Red Groundcover Rose,ROS
OR,036312,ROSA FLWR CAR R SCARLET P17373,"Rosa x 'NOA83100B' P.P. #17,373                             ",Flower Carpet®  Scarlet Groundcover Rose,ROS
OR,011622S,ROSA KNCK OUT R P11836 (RED),Rosa x 'Radrazz' P.P.# 11836                                ,Knock Out®  Shrub Rose,ROS
OR,022152S,ROSA KNCK OUT R P15070 (PINK),Rosa x 'Radcon' P.P.# 15070                                 ,Pink Knock Out®  Rose,ROS
OR,081302,ROSA SWT SPOT TM CALYPSO PPAF,Rosa L. hybrid var. 'IntRos01' P.P.A.F.                     ,Sweet Spot™  Calypso Rose,ROS
OR,081502,ROSA SWT SPOT TM PEACH PPAF,Rosa L. hybrid var. 'IntRos02' P.P.A.F.                     ,Sweet Spot™  Peach Rose,ROS
OR,081392,ROSA SWT SPOT TM YELLOW PPAF,Rosa L. hybrid var. 'IntRos03' P.P.A.F.                     ,Sweet Spot™  Yellow Rose,ROS
OR,058915ST,ROSA-CL-WILLIAM BAFFIN,Rosa x 'William Baffin'                                     ,William Baffin Climbing Rose                                ,ROS
OR,020491,ROSMARINUS OFF ARP,Rosmarinus officinalis 'Arp'                                ,Arp Rosemary                                                ,EVS
OR,020492,ROSMARINUS OFF ARP,Rosmarinus officinalis 'Arp'                                ,Arp Rosemary                                                ,EVS
OR,084941,ROSMARINUS OFF SPICE ISLANDS,Rosmarinus officinalis 'Spice Islands'                      ,Spice Islands Rosemary                                      ,EVS
OR,070281,ROSMARINUS OFF TUSCAN BLUE,Rosmarinus officinalis 'Tuscan Blue'                        ,Tuscan Blue Rosemary                                        ,EVS
OR,041361,ROSMARINUS ROMAN BTY PP18192,"Rosmarinus officinalis 'Roman Beauty' P.P.# 18,192          ",Roman Beauty Rosemary                                       ,EVS
OR,070331,RUBUS BLACK SATIN BLACKBERRY,Rubus subgenus Rubus Watson 'Black Satin'                   ,Black Satin Blackberry                                      ,DCS
OR,070331S,RUBUS BLACK SATIN BLACKBERRY,Rubus subgenus Rubus Watson 'Black Satin'                   ,Black Satin Blackberry                                      ,DCS
OR,025961,RUBUS CALYCINOIDES,Rubus calycinoides                                          ,Creeping Bramble                                            ,PRN
OR,079382,RUBUS RSPBRY SHRTCKE TM P22141,"Rubus idaeus 'NR7' P.P. #22,141                             ",BrazelBerries®  Raspberry Shortcake™  Dwarf Thor,DCS
OR,079389,RUBUS RSPBRY SHRTCKE TM P22141,"Rubus idaeus 'NR7' P.P. #22,141                             ",BrazelBerries®  Raspberry Shortcake™  Dwarf Thor,DCS
OR,071011,RUDBECKIA FULGIDA GOLDSTURM,Rudbeckia fulgida var. sullivantii 'Goldsturm'              ,Goldsturm Black Eyed Susan                                  ,PRN
OR,070465,SALIX CAP KILMARNOCK(S C PEND),Salix caprea 'Kilmarnock'                                   ,Kilmarnock Willow                                           ,TRE
OR,070615PT,SALIX INTEGRA HAKURO NISHIKI,Salix integra 'Hakuro Nishiki'                              ,Dappled Willow                                              ,DCS
OR,086705,SALIX PURPUREA CANYON BLUE,Salix purpurea 'Canyon Blue'                                ,Canyon Blue Arctic Blue Leaf Willow                         ,DCS
OR,412691,SALVIA NEM BLUE MARVEL PPAF,Salvia nemorosa 'Blue Marvel'                               ,Blue Marvel Salvia                                          ,PRN
OR,070591,SALVIA NEMOROSA EAST FRIESLAND,Salvia nemorosa 'East Friesland'                            ,East Friesland Meadow Sage                                  ,PRN
OR,407941,SALVIA SNSATION R DEEP ROS PAF,Salvia nemorosa 'Sensation Deep Rose' P.P.A.F.              ,Sensation Deep Rose Salvia                                  ,PRN
OR,400271,SALVIA SNSATION R SKY BLUE PAF,Salvia nemerosa 'Sky Blue' P.P.A.F.                         ,Sensation®  Sky Blue Sage,PRN
OR,030321,SALVIA X SYL SNOW HILL,Salvia x sylvestris 'Snow Hill'                             ,Snow Hill Meadow Sage                                       ,PRN
OR,035945,SAMBUCUS BLACK LACE TM PP15575,"Sambucus nigra 'Eva' P.P. #15,575, C.B.R. #2,633            ",Black Lace™  Elderberry,DCS
OR,070401,SANTOLINA CHAMAECYPARISSUS,Santolina chamaecyparissus                                  ,Lavender Cotton                                             ,PRN
OR,076641,SAXIFRAGA FORT BERRY BRIGHT TM,Saxifraga fortunei 'Magenta'                                ,Berry Bright™  Saxifrage,PRN
OR,076731,SAXIFRAGA FORTUNEI PINK ELF R,Saxifraga fortunei                                          ,Pink Elf®  Saxifrage,PRN
OR,070971,SCABIOSA COL BUTTERFLY BLUE,Scabiosa columbaria 'Butterfly Blue'                        ,Butterfly Blue Pincushion Flower                            ,PRN
OR,049955,SCHEFFLERA TAIW YUAN SHAN,Schefflera taiwaniana 'Yuan Shan'                           ,Yuan Shan Hardy Schefflera                                  ,EVS
OR,043462,SCHIZOPHRAGMA ELLIP 8170 DJHV8,                                                            ,                                                            ,VIN
OR,043465,SCHIZOPHRAGMA ELLIP 8170 DJHV8,                                                            ,                                                            ,VIN
OR,071025,SCHIZOPHRAGMA HYD MOONLIGHT,Schizophragma hydrangeoides 'Moonlight'                     ,Moonlight Chinese Hydrangea Vine                            ,VIN
OR,06501UT,SEDUM ACRE,Sedum acre                                                  ,Goldmoss Sedum                                              ,PRN
OR,06500UT,SEDUM ALB C BABY TEARS,Sedum album chloroticum 'Baby Tears'                        ,Baby Tears Stonecrop                                        ,PRN
OR,029141,SEDUM BLUE SPRUCE,Sedum reflexum 'Blue Spruce'                                ,Blue Spruce Stonecrop                                       ,PRN
OR,070941,SEDUM BRONZE CARPET,Sedum spurium 'Bronze Carpet'                               ,Bronze Carpet Stonecrop                                     ,PRN
OR,07094UT,SEDUM BRONZE CARPET,Sedum spurium 'Bronze Carpet'                               ,Bronze Carpet Stonecrop                                     ,PRN
OR,03028UT,SEDUM DRAGON'S BLOOD,Sedum spurium 'Dragon's Blood'                              ,Dragon's Blood Stonecrop                                    ,PRN
OR,092351,SEDUM ELSIE GOLD PP20368,"Sedum spectabile 'Elsie's Gold' P.P.#20,368                 ",Elsie's Gold Stonecrop                                      ,PRN
OR,06505UT,SEDUM GLOBOSUM OLD MAN'S BONES,Sedum globosum 'Old Man's Bones'                            ,Old Man's Bones Stonecrop                                   ,PRN
OR,01182UT,SEDUM JOHN CREECH,Sedum spurium 'John Creech'                                 ,John Creech Stonecrop                                       ,PRN
OR,048261,SEDUM OREGANUM,Sedum oreganum                                              ,Oregon Stonecrop                                            ,PRN
OR,044871,SEDUM RUP ANGELINA PPAF,Sedum rupestre 'Angelina'                                   ,Angelina Stonecrop                                          ,PRN
OR,04487UT,SEDUM RUP ANGELINA PPAF,Sedum rupestre 'Angelina'                                   ,Angelina Stonecrop                                          ,PRN
OR,063681,SEDUM SIEBOLDII,Sedum sieboldii                                             ,October Daphne Stonecrop                                    ,PRN
OR,035171,SEDUM SPURIUM VOODOO,Sedum spurium 'Voodoo'                                      ,Voodoo Stonecrop                                            ,PRN
OR,035174PTC,SEDUM SPURIUM VOODOO,Sedum spurium 'Voodoo'                                      ,Voodoo Stonecrop                                            ,PRN
OR,03517UT,SEDUM SPURIUM VOODOO,Sedum spurium 'Voodoo'                                      ,Voodoo Stonecrop                                            ,PRN
OR,087481,SEDUM SSPKLR R CHERRY TART PAF,Sedum 'Cherry Tart' P.P.A.F.                                ,Sunsparkler®  Cherry Tart Stonecrop,PRN
OR,412721,SEDUM SSPKLR R FIRE CRACKR PAF,Sedum 'Firecracker' P.P.A.F.                                ,SunSparkler®  Firecracker Sedum,PRN
OR,41272UT,SEDUM SSPKLR R FIRE CRACKR PAF,Sedum 'Firecracker' P.P.A.F.                                ,SunSparkler®  Firecracker Sedum,PRN
OR,007331,SEDUM SSPRKLR R DZLBRY PP22457,"Sedum 'Razzleberry' P.P.# 22,457                            ",Sunsparkler®  Dazzleberry Sedum,PRN
OR,00733UT,SEDUM SSPRKLR R DZLBRY PP22457,"Sedum 'Razzleberry' P.P.# 22,457                            ",Sunsparkler®  Dazzleberry Sedum,PRN
OR,007301,SEDUM SSPRKLR R LIME ZNGR PPAF,Sedum 'Lime Zinger' P.P.A.F.                                ,Sunsparkler®  Lime Zinger Sedum,PRN
OR,046311,SEDUM STRAWBERRIES & CREAM,Sedum x telephium 'Strawberries & Cream'                    ,Strawberries & Cream Stonecrop                              ,PRN
OR,069871,SEDUM TETRACTINUM CORAL REEF,Sedum tetractinum 'Coral Reef'                              ,Chinese Sedum                                               ,PRN
OR,057161,SEDUM X AUTUMN CHARM PP14421,"Sedum telephium 'Lajos' P.P.# 14,421                        ",Autumn Charm™  Stonecrop,PRN
OR,025041,SEDUM X AUTUMN FIRE,Sedum x 'Autumn Fire'                                       ,Autumn Fire Stonecrop                                       ,PRN
OR,06550UT,SEMPERVIVUM ARACHNOIDEUM,Sempervivum arachnoideum                                    ,Cobweb Houseleek                                            ,PRN
OR,06559UT,SEMPERVIVUM BLACK,Sempervivum 'Black'                                         ,Black Hens and Chicks                                       ,PRN
OR,06560UT,SEMPERVIVUM GREEN WHEEL,Sempervivum 'Green Wheel'                                   ,Green Wheel Hens and Chicks                                 ,PRN
OR,06561UT,SEMPERVIVUM KREBS DES ROSE,Sempervivum 'Krebs'                                         ,Krebs Desert Rose Hens and Chicks                           ,PRN
OR,04491UT,SEMPERVIVUM RUBIKON,Sempervivum 'Rubikon'                                       ,Rubikon Hens & Chicks                                       ,PRN
OR,05696UT,SEMPERVIVUM RUBY HEARTS,Sempervivum 'Ruby Hearts'                                   ,Ruby Hearts Hens and Chicks                                 ,PRN
OR,036682,SKIMMIA J BERRI MAGIC R,Skimmia japonica (Male & Female)                            ,Berri-Magic®  Japanese Skimmia,EVS
OR,071051,SKIMMIA JAPONICA-FEMALE,Skimmia japonica (Female)                                   ,Japanese Skimmia (Female)                                   ,EVS
OR,071052,SKIMMIA JAPONICA-FEMALE,Skimmia japonica (Female)                                   ,Japanese Skimmia (Female)                                   ,EVS
OR,071062,SKIMMIA JAPONICA-MALE,Skimmia japonica (Male)                                     ,Japanese Skimmia (Male)                                     ,EVS
OR,071081,SKIMMIA REEVESIANA,Skimmia reevesiana                                          ,Reeves Skimmia                                              ,EVS
OR,071082,SKIMMIA REEVESIANA,Skimmia reevesiana                                          ,Reeves Skimmia                                              ,EVS
OR,071031,SOLIDAGO CROWN OF RAYS,Solidago 'Crown of Rays'                                    ,Crown Of Rays Goldenrod                                     ,PRN
OR,094752,SORBARIA SORB SEM PP16336,"Sorbaria sorbifolia 'Sem' PP #16,336                        ",Sem False Spirea                                            ,DCS
OR,071185,SORBUS HUPEHEN CORAL FIRE TM,Sorbus hupehensis 'Coral Fire'                              ,Coral Fire™  Mountain Ash,TRE
OR,071222,SPIRAEA JAP ALPINA,Spiraea japonica 'Alpina'                                   ,Daphne Spirea                                               ,DCS
OR,071302,SPIRAEA NIPPON SNOWMOUND,Spiraea nipponica 'Snowmound'                               ,Snowmound Spirea                                            ,DCS
OR,071305,SPIRAEA NIPPON SNOWMOUND,Spiraea nipponica 'Snowmound'                               ,Snowmound Spirea                                            ,DCS
OR,071155,SPIRAEA X ANTHONY WATERER,Spiraea x bumalda 'Anthony Waterer'                         ,Anthony Waterer Spirea                                      ,DCS
OR,071175,SPIRAEA X GOLDFLAME,Spiraea x bumalda 'Goldflame'                               ,Goldflame Spirea                                            ,DCS
OR,071235,SPIRAEA X LIMEMOUND R,Spiraea x bumalda 'Monhub'                                  ,Limemound®  Spirea,DCS
OR,012091,STACHYS BIG EARS,Stachys byzantina 'Big Ears'                                ,Big Ears Lamb's Ear                                         ,PRN
OR,012111,STACHYS SILVER CARPET,Stachys byzantina 'Silver Carpet'                           ,Silver Carpet Lamb's Ear                                    ,PRN
OR,050655,STACHYURUS SAL SPARKLER R,Stachyurus salicifolia 'MonEmeri'                           ,Sparkler®  Willow-Leaf Stachyurus,DCS
OR,406721,STOKESIA LAEVIS BLUE DANUBE,Stokesia laevis 'Blue Danube'                               ,Blue Danube Aster                                           ,PRN
OR,022511,STOKESIA LAEVIS PEACHIE'S PICK,Stokesia laevis 'Peachie's Pick'                            ,Peachie's Pick Stokes' Aster                                ,PRN
OR,071735,STYRAX JAPONICUS,Styrax japonicus                                            ,Japanese Snowbell Tree                                      ,TRE
OR,017665,SYMPH BRIGHT FANTASY TM P14570,Symphoricarpos 'Bokrabright' P.P.# 14570                    ,Bright Fantasy™  Snowberry,DCS
OR,086435,SYRINGA BLOOMERNG R DK PPL PAF,"Syringa x 'SMSJBP7' P.P.A.F., Can P.B.R.A.F.                ",Bloomerang®  Dark Purple Lilac,DCS
OR,074681S,SYRINGA BLOOMERNG R PUR P20575,"Syringa x 'Penda' P.P. #20,575, Can. P.P. 4071              ",Bloomerang®  Purple Lilac,DCS
OR,074682S,SYRINGA BLOOMERNG R PUR P20575,"Syringa x 'Penda' P.P. #20,575, Can. P.P. 4071              ",Bloomerang®  Purple Lilac,DCS
OR,072022,SYRINGA PATULA MISS KIM,Syringa pubescens subsp. patula 'Miss Kim'                  ,Miss Kim Korean Lilac                                       ,DCS
OR,071801,SYRINGA V ANGEL WHITE,Syringa vulgaris 'Angel White' (Descanso Hybrid)            ,Angel White Lilac                                           ,DCS
OR,071802,SYRINGA V ANGEL WHITE,Syringa vulgaris 'Angel White' (Descanso Hybrid)            ,Angel White Lilac                                           ,DCS
OR,071805,SYRINGA V ANGEL WHITE,Syringa vulgaris 'Angel White' (Descanso Hybrid)            ,Angel White Lilac                                           ,DCS
OR,071791,SYRINGA V BLUE SKIES R,Syringa vulgaris 'Monore'                                   ,Blue Skies®  Lilac,DCS
OR,071795,SYRINGA V BLUE SKIES R,Syringa vulgaris 'Monore'                                   ,Blue Skies®  Lilac,DCS
OR,072151,SYRINGA V LAVENDER LADY,Syringa vulgaris 'Lavender Lady'                            ,Lavender Lady Lilac                                         ,DCS
OR,072152,SYRINGA V LAVENDER LADY,Syringa vulgaris 'Lavender Lady'                            ,Lavender Lady Lilac                                         ,DCS
OR,071901,SYRINGA V LUDWIG SPAETH,Syringa vulgaris 'Ludwig Spaeth'                            ,Ludwig Spaeth Lilac                                         ,DCS
OR,072145,SYRINGA V PRESIDENT LINCOLN,Syringa vulgaris 'President Lincoln'                        ,President Lincoln Lilac                                     ,DCS
OR,072161,SYRINGA V SENSATION,Syringa vulgaris 'Sensation'                                ,Sensation Lilac                                             ,DCS
OR,072165,SYRINGA V SENSATION,Syringa vulgaris 'Sensation'                                ,Sensation Lilac                                             ,DCS
OR,028425,SYRINGA X DECLARATION NA62975,Syringa x 'Declaration'                                     ,Declaration Lilac                                           ,DCS
OR,072191,SYRINGA X HYA POCAHONTAS,Syringa x hyacinthiflora 'Pocahontas'                       ,Pocahontas Canadian Lilac                                   ,DCS
OR,072195,SYRINGA X HYA POCAHONTAS,Syringa x hyacinthiflora 'Pocahontas'                       ,Pocahontas Canadian Lilac                                   ,DCS
OR,042191,SYRINGA X OLD GLORY NA62974,Syringa X Old Glory (N.A.# 62974)                           ,Old Glory Lilac                                             ,DCS
OR,042192,SYRINGA X OLD GLORY NA62974,Syringa X Old Glory (N.A.# 62974)                           ,Old Glory Lilac                                             ,DCS
OR,042195,SYRINGA X OLD GLORY NA62974,Syringa X Old Glory (N.A.# 62974)                           ,Old Glory Lilac                                             ,DCS
OR,050115,TAXODIUM DIS PEVE MINARET,Taxodium distichum 'Peve Minaret'                           ,Peve Minaret Dwarf Bald Cypress                             ,CON
OR,072341,TAXUS EMERALD SPREADR R P10335,"Taxus cuspidata 'Monloo' P.P. #10,335                       ",Emerald Spreader®  Japanese Yew,CON
OR,028852,TAXUS X MED HUBERS TAWNY GOLD,Taxus x media 'Huber's Tawny Gold'                          ,Huber's Tawny Gold Spreading Yew                            ,CON
OR,012402,TAXUS X MEDIA BERRYHILLI,Taxus x media 'Berryhillii'                                 ,Berryhill Yew                                               ,CON
OR,072302,TAXUS X MEDIA BROWNII,Taxus x media 'Brownii'                                     ,Brown's Yew                                                 ,CON
OR,072321,TAXUS X MEDIA DENSIFORMIS,Taxus x media 'Densiformis'                                 ,Dense Spreading Yew                                         ,CON
OR,072331,TAXUS X MEDIA HICKSII,Taxus x media 'Hicksii'                                     ,Hicks Yew                                                   ,CON
OR,072332,TAXUS X MEDIA HICKSII,Taxus x media 'Hicksii'                                     ,Hicks Yew                                                   ,CON
OR,087055,THUJA KORAIENSIS,Thuja koraiensis                                            ,Korean Arborvitae                                           ,CON
OR,072942,THUJA OC DANICA,Thuja occidentalis 'Danica'                                 ,Danica Arborvitae                                           ,CON
OR,072812,THUJA OC DEGROOT'S SPIRE,Thuja occidentalis 'Degroot's Spire'                        ,Degroot's Spire Arborvitae                                  ,CON
OR,073011,THUJA OC EMERALD,Thuja occidentalis 'Smaragd'                                ,Emerald Green Arborvitae                                    ,CON
OR,073015,THUJA OC EMERALD,Thuja occidentalis 'Smaragd'                                ,Emerald Green Arborvitae                                    ,CON
OR,073019,THUJA OC EMERALD,Thuja occidentalis 'Smaragd'                                ,Emerald Green Arborvitae                                    ,CON
OR,07301M,THUJA OC EMERALD,Thuja occidentalis 'Smaragd'                                ,Emerald Green Arborvitae                                    ,CON
OR,047442,THUJA OC FIRE CHIEF TM P19009,"Thuja occidentalis 'Congabe' P.P. #19,009                   ",Fire Chief™  Globe Arborvitae,CON
OR,072862,THUJA OC GOLDEN GLOBE,Thuja occidentalis 'Golden Globe'                           ,Golden Globe Arborvitae                                     ,CON
OR,072865,THUJA OC GOLDEN GLOBE,Thuja occidentalis 'Golden Globe'                           ,Golden Globe Arborvitae                                     ,CON
OR,055971,THUJA OC GOLDEN TUFFET,Thuja occidentalis 'Golden Tuffet'                          ,Golden Tuffet Arborvitae                                    ,CON
OR,055972,THUJA OC GOLDEN TUFFET,Thuja occidentalis 'Golden Tuffet'                          ,Golden Tuffet Arborvitae                                    ,CON
OR,055975PT,THUJA OC GOLDEN TUFFET,Thuja occidentalis 'Golden Tuffet'                          ,Golden Tuffet Arborvitae                                    ,CON
OR,072922,THUJA OC HETZ MIDGET,Thuja occidentalis 'Hetz Midget'                            ,Hetz Midget Arborvitae                                      ,CON
OR,053931,THUJA OC HIGHLIGHTS TM PP21967,"Thuja occidentalis 'Janed Gold' PP.# 21,967                 ",Highlights™  Arborvitae,CON
OR,053932,THUJA OC HIGHLIGHTS TM PP21967,"Thuja occidentalis 'Janed Gold' PP.# 21,967                 ",Highlights™  Arborvitae,CON
OR,05393M,THUJA OC HIGHLIGHTS TM PP21967,"Thuja occidentalis 'Janed Gold' PP.# 21,967                 ",Highlights™  Arborvitae,CON
OR,072872,THUJA OC LITTLE GIANT,Thuja occidentalis 'Little Giant'                           ,Little Giant Dwarf Arborvitae                               ,CON
OR,072875,THUJA OC LITTLE GIANT,Thuja occidentalis 'Little Giant'                           ,Little Giant Dwarf Arborvitae                               ,CON
OR,031185,THUJA OC MALONYANA,Thuja occidentalis 'Malonyana'                              ,Malonyana Arborvitae                                        ,CON
OR,022175,THUJA OC MR BOWLING BALL R,Thuja occidentalis 'Bobozam'                                ,Mr. Bowling Ball™  Arborvitae,CON
OR,075055,THUJA OC NORTH POLE R PPAF,"Thuja occidentalis 'Art Boe' P.P. #22,174                   ",North Pole™  Arborvitae,CON
OR,073055,THUJA OC RUSHMORE,Thuja occidentalis 'Rushmore'                               ,Rushmore Arborvitae                                         ,CON
OR,072915,THUJA OC YELLOW RIBBON,Thuja occidentalis 'Yellow Ribbon'                          ,Yellow Ribbon Arborvitae                                    ,CON
OR,046822,THUJA OR MORGAN,Thuja orientalis 'Morgan'                                   ,Morgan's Chinese Arborvitae                                 ,CON
OR,019441,THUJA PL GRN GLOBE (GRNE KGEL),Thuja plicata 'Grune Kugel'                                 ,Grune Kugel Western Red Cedar                               ,CON
OR,019442,THUJA PL GRN GLOBE (GRNE KGEL),Thuja plicata 'Grune Kugel'                                 ,Grune Kugel Western Red Cedar                               ,CON
OR,031195,THUJA PLICATA GREEN SPORT,Thuja plicata 'Green Sport'                                 ,Green Sport Western Red Cedar                               ,CON
OR,019455,THUJA PLICATA SUNSHINE,Thuja plicata 'Sunshine'                                    ,Sunshine Western Red Cedar                                  ,CON
OR,066572,THUJA PLICATA WHIPCORD,Thuja plicata 'Whipcord'                                    ,Whipcord Western Red Cedar                                  ,CON
OR,055142,THUJA X EMBER WAVES TM PP25363,"Thuja 'MonPin' P.P.# 25,363                                 ",Ember Waves™  Western Arborvitae,CON
OR,055145,THUJA X EMBER WAVES TM PP25363,"Thuja 'MonPin' P.P.# 25,363                                 ",Ember Waves™  Western Arborvitae,CON
OR,05514UT,THUJA X EMBER WAVES TM PP25363,"Thuja 'MonPin' P.P.# 25,363                                 ",Ember Waves™  Western Arborvitae,CON
OR,034055,THUJOPSIS DOLOBRATA NANA,Thujopsis dolobrata 'Nana'                                  ,False Hiba Cedar                                            ,CON
OR,05124UT,THYMUS PRA PINK CHINTZ,Thymus 'Pink Chintz'                                        ,Pink Chintz Thyme                                           ,PRN
OR,412851,TIARELLA JEEPERS CRPRS PP13437,"Tiarella 'Jeepers Creepers' P.P.# 13,437                    ",Jeepers Creepers Tiarella                                   ,PRN
OR,029675,TILIA TOMENTOSA SATIN SHADOW R,Tilia tomentosa 'Sashazam'                                  ,Satin Shadow®  Linden,TRE
OR,053125TR,TROCHODENDRON ARALIOIDES,Trochodendron aralioides                                    ,Taiwanese Parasol Tree                                      ,TRE
OR,051322,TSUGA C GLDN DUCHESS R PP25503,"Tsuga canadensis 'MonKinn' P.P.#25,503                      ",Golden Duchess®  Eastern Hemlock,CON
OR,07343M,TSUGA CAN EMERALD FOUNTAIN R,Tsuga canadensis 'Monler'                                   ,Emerald Fountain®  Canadian Hemlock,CON
OR,034095,TSUGA CAN GRACILLIS,Tsuga canadensis 'Gracilis'                                 ,Gracilis Hemlock                                            ,CON
OR,038191,TSUGA CAN JEDDELOH,Tsuga canadensis 'Jeddeloh'                                 ,Jeddeloh Canadian Hemlock                                   ,CON
OR,038192,TSUGA CAN JEDDELOH,Tsuga canadensis 'Jeddeloh'                                 ,Jeddeloh Canadian Hemlock                                   ,CON
OR,073285,TSUGA CAN PENDULA,Tsuga canadensis 'Pendula'                                  ,Sargent's Weeping Hemlock                                   ,CON
OR,073287,TSUGA CAN PENDULA,Tsuga canadensis 'Pendula'                                  ,Sargent's Weeping Hemlock                                   ,CON
OR,073265,TSUGA CANADENSIS,Tsuga canadensis                                            ,Canadian Hemlock                                            ,CON
OR,073325,ULMUS GLABRA CAMPERDOWNII,Ulmus glabra 'Camperdownii'                                 ,Camperdown Elm                                              ,TRE
OR,084852,VACC X PINK ICING TM PP23336,"Vaccinium corymbosum 'ZF06-079' P.P.# 23,336                ",BrazelBerries®  Pink Icing™  Blueberry,DCS
OR,021745,VACCINIUM CORY SUNSHINE BLUE,Vaccinium x 'Sunshine Blue' (Southern Highbush)             ,Sunshine Blue Blueberry                                     ,DCS
OR,080362,VACCINIUM CORYMBOSUM CHANDLER,Vaccinium corymbosum 'Chandler' (Northern Highbush)         ,Chandler Midseason Blueberry                                ,DCS
OR,034481,VACCINIUM CORYMBOSUM JUBILEE,Vaccinium corymbosum 'Jubilee' (Southern Highbush)          ,Jubilee Blueberry                                           ,DCS
OR,073401,VACCINIUM CORYMBOSUM NORTHLAND,Vaccinium corymbosum 'Northland' (Northern Highbush)        ,Northland Midseason Blueberry                               ,DCS
OR,073402,VACCINIUM CORYMBOSUM NORTHLAND,Vaccinium corymbosum 'Northland' (Northern Highbush)        ,Northland Midseason Blueberry                               ,DCS
OR,073742,VACCINIUM CORYMBOSUM PATRIOT,Vaccinium corymbosum 'Patriot' (Northern Highbush)          ,Patriot Early Season Blueberry                              ,DCS
OR,073745,VACCINIUM CORYMBOSUM PATRIOT,Vaccinium corymbosum 'Patriot' (Northern Highbush)          ,Patriot Early Season Blueberry                              ,DCS
OR,081712,VACCINIUM PEACH SORBET TM PPAF,"Vaccinium corymbosum 'ZF06-043' P.P.#23,325                 ",BrazelBerries®  Peach Sorbet™  Blueberry,DCS
OR,079551,VERONICA HYB TIDAL POOL PPAF,Veronica 'Tidal Pool' P.P.A.F.                              ,Tidal Pool Prostrate Speedwell                              ,PRN
OR,079481,VERONICA HYB WHITE WATER PPAF,"Veronica x 'Whitewater' P.P.#22,783                         ",Whitewater Speedwell                                        ,PRN
OR,409261,VERONICA MDY BLUES LT BLU PPAF,Veronica spicata 'Novaverlig' P.P.A.F.                      ,Moody Blues Light Blue Speedwell                            ,PRN
OR,409271,VERONICA MDY BLUES MAUVE PPAF,Veronica spicata 'Novavermau' P.P.A.F.                      ,Moody Blues Mauve Speedwell                                 ,PRN
OR,409251,VERONICA MDY BLUES PINK PPAF,Veronica spicata 'Novaverpin' P.P.A.F.                      ,Moody Blues Pink Speedwell                                  ,PRN
OR,07426UT,VERONICA PROSTRATA TREHANE,Veronica prostrata 'Trehane'                                ,Trehane Speedwell                                           ,PRN
OR,073621,VERONICA SPICATA RED FOX,Veronica spicata 'Red Fox'                                  ,Red Fox Spike Speedwell                                     ,PRN
OR,07362UT,VERONICA SPICATA RED FOX,Veronica spicata 'Red Fox'                                  ,Red Fox Spike Speedwell                                     ,PRN
OR,074205,VIB DAVIDII,Viburnum davidii                                            ,David Viburnum                                              ,EVS
OR,074652,VIB OPULUS NANUM,Viburnum opulus 'Nanum'                                     ,Dwarf Cranberry Bush                                        ,DCS
OR,073602,VIB X BURKWOODII,Viburnum x burkwoodii                                       ,Burkwood Viburnum                                           ,EVS
OR,076081,VINCA MINOR ATROPURPUREA,Vinca minor 'Atropurpurea'                                  ,Wine Common Periwinkle                                      ,PRN
OR,07613UT,VINCA MINOR BOWLES',Vinca minor 'Bowles'                                        ,Bowles' Common Periwinkle                                   ,PRN
OR,076041,VIOLA X PURPLE SHOWERS,Viola x 'Purple Showers'                                    ,Purple Showers Viola                                        ,PRN
OR,076395,WEIGELA FL DARK HORSE PP14381,Weigela florida 'Dark Horse' P.P.# 14381                    ,Dark Horse Weigela                                          ,DCS
OR,076541,WEIGELA FL PINK POPPET,Weigela florida 'Plangen'                                   ,Pink Poppet Weigela                                         ,DCS
OR,076545,WEIGELA FL PINK POPPET,Weigela florida 'Plangen'                                   ,Pink Poppet Weigela                                         ,DCS
OR,017575,WEIGELA MAGICAL R FNTSY P13567,Weigela florida 'Kolsunn' P.P.# 13567                       ,Magical®  Fantasy Weigela,DCS
OR,066705,ZELKOVA SERRATA GOLD FALLS TM,Zelkova serrata 'Gold Falls'                                ,Gold Falls™  Zelkova,TRE
