Loc,Item,Description,Botanical Name,Common Name,Product
OR,048992,ABIES BAL TYLER'S BLUE,                                                            ,                                                            ,CON
OR,051315,ABIES CONCOLOR CANDICANS,Abies concolor 'Candicans'                                  ,Candicans White Fir                                         ,CON
OR,021565,ABIES HORSTMANN'S SILBERLOCKE,Abies koreana 'Horstmann's Silberlocke'                     ,Horstmann's Silberlocke Korean Fir                          ,CON
OR,019342,ABIES LAS GLAUCA COMPACTA,Abies lasiocarpa 'Glauca Compacta'                          ,Dwarf Blue Rocky Mountain Fir                               ,CON
OR,030345,ACER CIR MONROE,Acer circinatum 'Monroe'                                    ,Monroe Vine Maple                                           ,TRE
OR,000485,ACER GIN RED RHAPSODY R,Acer ginnala 'Mondy'                                        ,Red Rhapsody®  Amur Maple,TRE
OR,000525,ACER JAPONICUM ACONITIFOLIUM,Acer japonicum 'Aconitifolium'                              ,Fernleaf Full-Moon Maple                                    ,TRE
OR,030355,ACER PAL AOYAGI,Acer palmatum 'Aoyagi'                                      ,Aoyagi Japanese Maple                                       ,TRE
OR,001075,ACER PAL ATROLINEARE,                                                            ,                                                            ,TRE
OR,000702,ACER PAL ATROPURPUREUM-S.,Acer palmatum 'Atropurpureum'                               ,Red-Leaf Japanese Maple                                     ,TRE
OR,000705,ACER PAL ATROPURPUREUM-S.,Acer palmatum 'Atropurpureum'                               ,Red-Leaf Japanese Maple                                     ,TRE
OR,000752,ACER PAL BLOODGOOD,Acer palmatum var. atropurpureum 'Bloodgood'                ,Bloodgood Japanese Maple                                    ,TRE
OR,000755,ACER PAL BLOODGOOD,Acer palmatum var. atropurpureum 'Bloodgood'                ,Bloodgood Japanese Maple                                    ,TRE
OR,000759,ACER PAL BLOODGOOD,Acer palmatum var. atropurpureum 'Bloodgood'                ,Bloodgood Japanese Maple                                    ,TRE
OR,000802,ACER PAL BURGUNDY LACE,Acer palmatum var. atropurpureum 'Burgundy Lace'            ,Burgundy Lace Japanese Maple                                ,TRE
OR,000805,ACER PAL BURGUNDY LACE,Acer palmatum var. atropurpureum 'Burgundy Lace'            ,Burgundy Lace Japanese Maple                                ,TRE
OR,000952ST,ACER PAL CRIMSON QUEEN,Acer palmatum var. dissectum 'Crimson Queen'                ,Crimson Queen Japanese Maple                                ,TRE
OR,000955,ACER PAL CRIMSON QUEEN,Acer palmatum var. dissectum 'Crimson Queen'                ,Crimson Queen Japanese Maple                                ,TRE
OR,000955ST,ACER PAL CRIMSON QUEEN,Acer palmatum var. dissectum 'Crimson Queen'                ,Crimson Queen Japanese Maple                                ,TRE
OR,000845,ACER PAL EMPEROR I R,Acer palmatum 'Wolff'                                       ,Emperor I®  Japanese Maple,TRE
OR,018345,ACER PAL OSAKAZUKI,Acer palmatum 'Osakazuki'                                   ,Osakazuki Japanese Maple                                    ,TRE
OR,01834M,ACER PAL OSAKAZUKI,Acer palmatum 'Osakazuki'                                   ,Osakazuki Japanese Maple                                    ,TRE
OR,001052,ACER PAL OSHIO BENI,Acer palmatum 'Oshio-Beni'                                  ,Oshio-Beni Japanese Maple                                   ,TRE
OR,001055,ACER PAL OSHIO BENI,Acer palmatum 'Oshio-Beni'                                  ,Oshio-Beni Japanese Maple                                   ,TRE
OR,00105M,ACER PAL OSHIO BENI,Acer palmatum 'Oshio-Beni'                                  ,Oshio-Beni Japanese Maple                                   ,TRE
OR,001022,ACER PAL SANGOKAKU,Acer palmatum 'Sangokaku'                                   ,Coral Bark Japanese Maple                                   ,TRE
OR,001212,ACER PAL SHAINA,Acer palmatum 'Shaina'                                      ,Shaina Japanese Maple                                       ,TRE
OR,031825,ACER PAL SHIN DESHOJO,Acer palmatum 'Deshojo'                                     ,Deshojo Japanese Maple                                      ,TRE
OR,03182M,ACER PAL SHIN DESHOJO,Acer palmatum 'Deshojo'                                     ,Deshojo Japanese Maple                                      ,TRE
OR,018332,ACER PAL SHISHIGASHIRA,Acer palmatum 'Shishigashira'                               ,Shishigashira Japanese Maple                                ,TRE
OR,018335,ACER PAL SHISHIGASHIRA,Acer palmatum 'Shishigashira'                               ,Shishigashira Japanese Maple                                ,TRE
OR,033962,ACER PAL TROMPENBURG,Acer palmatum 'Trompenburg'                                 ,Trompenburg Japanese Maple                                  ,TRE
OR,033965,ACER PAL TROMPENBURG,Acer palmatum 'Trompenburg'                                 ,Trompenburg Japanese Maple                                  ,TRE
OR,03396M,ACER PAL TROMPENBURG,Acer palmatum 'Trompenburg'                                 ,Trompenburg Japanese Maple                                  ,TRE
OR,000902ST,ACER PAL WATERFALL,Acer palmatum 'Waterfall'                                   ,Waterfall Japanese Maple                                    ,TRE
OR,000905,ACER PAL WATERFALL,Acer palmatum 'Waterfall'                                   ,Waterfall Japanese Maple                                    ,TRE
OR,000655,ACER PALMATUM,Acer palmatum                                               ,Japanese Maple                                              ,TRE
OR,030335,ACER SHIR AUTUMN MOON,Acer shirasawanum 'Autumn Moon'                             ,Autumn Moon Fullmoon Maple                                  ,TRE
OR,03033M,ACER SHIR AUTUMN MOON,Acer shirasawanum 'Autumn Moon'                             ,Autumn Moon Fullmoon Maple                                  ,TRE
OR,058241,ACHILLEA APRICOT DLGHT PP18738,"Achillea millefolium 'Apricot Delight' P.P.# 18,738         ",Tutti Frutti Apricot Delight Yarrow                         ,PRN
OR,407531,ACHILLEA MILL PRETTY BELINDA,Achillea millefolium 'Pretty Belinda'                       ,Pretty Belinda Yarrow                                       ,PRN
OR,029061,ACHILLEA MILL RED VELVET,Achillea millefolium 'Red Velvet'                           ,Red Velvet Yarrow                                           ,PRN
OR,000511,ACHILLEA OERTEL'S ROSE,Achillea millefolium 'Oertel's Rose'                        ,Oertel's Rose Yarrow                                        ,PRN
OR,096085,ACTINIDIA ARG HARDY MALE,Actinidia arguta (Male)                                     ,Hardy Kiwi (Male)                                           ,VIN
OR,001395,ACTINIDIA ARG ISSAI (FEMALE),Actinidia arguta 'Issai' (Self-fertile female)              ,Hardy Kiwi Vine                                             ,VIN
OR,056411,ACTINIDIA TETRA  VAR MALOIDES,Actinidia tetramera var. maloides                           ,Rosy Crabapple Kiwi                                         ,VIN
OR,056415,ACTINIDIA TETRA  VAR MALOIDES,Actinidia tetramera var. maloides                           ,Rosy Crabapple Kiwi                                         ,VIN
OR,028895,AESCULUS X ARN AUTUMN SPLENDOR,Aesculus x arnoldiana 'Autumn Splendor'                     ,Autumn Splendor Horse Chestnut                              ,TRE
OR,050011,AGAPANTHUS BLUE LEAP,Agapanthus 'Blue Leap'                                      ,Blue Leap Lily of the Nile                                  ,DCS
OR,050012,AGAPANTHUS BLUE LEAP,Agapanthus 'Blue Leap'                                      ,Blue Leap Lily of the Nile                                  ,DCS
OR,050002,AGAPANTHUS INAPTERUS GRASKOP,Agapanthus inapertus 'Graskop'                              ,Graskop Lily of the Nile                                    ,DCS
OR,412511,AGASTACHE KUDOS CORAL PPAF,Agastache 'Kudos Coral' P.P.A.F.                            ,Kudos Coral Dwarf Hummingbird Mint                          ,PRN
OR,021251,AGASTACHE X BLUE FORTUNE,Agastache 'Blue Fortune'                                    ,Blue Fortune Hyssop                                         ,PRN
OR,080301,AJUGA CHOCOLATE CHIP,Ajuga x 'Chocolate Chip'                                    ,Chocolate Chip Carpet Bugle                                 ,PRN
OR,08030UT,AJUGA CHOCOLATE CHIP,Ajuga x 'Chocolate Chip'                                    ,Chocolate Chip Carpet Bugle                                 ,PRN
OR,00189UT,AJUGA REPTANS BRONZE BEAUTY,Ajuga reptans 'Bronze Beauty'                               ,Bronze Beauty Carpet Bugle                                  ,PRN
OR,000591,AJUGA REPTANS BURGUNDY GLOW,Ajuga reptans 'Burgundy Glow'                               ,Burgundy Glow Carpet Bugle                                  ,PRN
OR,000594PTC,AJUGA REPTANS BURGUNDY GLOW,Ajuga reptans 'Burgundy Glow'                               ,Burgundy Glow Carpet Bugle                                  ,PRN
OR,00059UT,AJUGA REPTANS BURGUNDY GLOW,Ajuga reptans 'Burgundy Glow'                               ,Burgundy Glow Carpet Bugle                                  ,PRN
OR,002565,AKEBIA QUINATA SHIRO BANA,Akebia quinata 'Shirobana'                                  ,White Flowered Chocolate Vine                               ,VIN
OR,035341,AMSONIA HUBRICHTII,Amsonia hubrichtii                                          ,Arkansas Blue Star                                          ,PRN
OR,016632,ANDROMEDA POL BLUE ICE,Andromeda polifolia 'Blue Ice'                              ,Blue Ice Bog Rosemary                                       ,EVS
OR,065991,ANEMONE SEPTEMBER CHARM,Anemone x hybrida 'September Charm'                         ,September Charm Japanese Anemone                            ,PRN
OR,038561,ANEMONE X SERENADE,Anemone x hybrida 'Serenade'                                ,Serenade Japanese Anemone                                   ,PRN
OR,039021,ANEMONE X WILD SWAN TM PP23132,"Anemone x 'Macane001' Wild Swan™  P.P.# 23,132",Wild Swan™  Hybrid Anemone,PRN
OR,05908UT,AQUILEGIA C LITTLE LANTERNS,Aquilegia canadensis 'Little Lanterns'                      ,Little Lanterns Columbine                                   ,PRN
OR,055482,ARALIA CORDATA GOTEMBA,Aralia cordata 'Gotemba'                                    ,Gotemba Golden Japanese Spikenard                           ,PRN
OR,003041,ARMERIA MAR BLOODSTONE,Armeria maritima 'Bloodstone'                               ,Bloodstone Thrift                                           ,PRN
OR,019461,ARMERIA MAR RUBRIFOLIA,Armeria maritima 'Rubrifolia'                               ,Red Leaf Thrift                                             ,PRN
OR,003401,ASTER ALMA POTSCHKE,Aster novae-angliae 'Alma Potschke'                         ,Alma Potschke New England Aster                             ,PRN
OR,030091,ASTER FARMINGTON PPAF,Aster novi-belgii 'Baldco' P.P.A.F.                         ,Farmington Michaelmas Daisy                                 ,PRN
OR,003381,ASTER FRIKARTII MOENCH,Aster x frikartii 'Moench'                                  ,Moench Frikartii Aster                                      ,PRN
OR,023891,ASTER WOOD'S BLUE,Aster novi-belgii 'Wood's Blue'                             ,Wood's Blue New York Aster                                  ,PRN
OR,001531,ASTER WOOD'S PINK,Aster novi-belgii 'Wood's Pink'                             ,Woods Pink New York Aster                                   ,PRN
OR,001591,ASTILBE BRIDAL VEIL,Astilbe x arendsii 'Bridal Veil'                            ,Bridal Veil®  Astilbe,PRN
OR,00159UT,ASTILBE BRIDAL VEIL,Astilbe x arendsii 'Bridal Veil'                            ,Bridal Veil®  Astilbe,PRN
OR,003621,ASTILBE CHINENSIS VISIONS,Astilbe chinensis 'Visions'                                 ,Visions Astilbe                                             ,PRN
OR,027501,ASTILBE COLOR FLASH R PP17343,Astilbe x arendsii 'Beauty of Ernst' P.P.# 17343            ,Color Flash®  Astilbe,PRN
OR,003511,ASTILBE DEUTSCHLAND,Astilbe x arendsii 'Deutschland'                            ,Deutschland Astilbe                                         ,PRN
OR,003501,ASTILBE FANAL,Astilbe x arendsii 'Fanal'                                  ,Fanal Astilbe                                               ,PRN
OR,001631,ASTILBE HENNIE GRAAFLAND,Astilbe simplicifolia 'Hennie Graafland'                    ,Hennie Graafland Star Astilbe                               ,PRN
OR,034331,ASTILBE MAGGIE DALEY,Astilbe chinensis 'Maggie Daley'                            ,Maggie Daley Astilbe                                        ,PRN
OR,001681,ASTILBE RED SENTINEL,Astilbe x arendsii 'Red Sentinel'                           ,Red Sentinel Astilbe                                        ,PRN
OR,003541,ASTILBE RHEINLAND,Astilbe x arendsii 'Rheinland'                              ,Rheinland Astilbe                                           ,PRN
OR,00354UT,ASTILBE RHEINLAND,Astilbe x arendsii 'Rheinland'                              ,Rheinland Astilbe                                           ,PRN
OR,023191,ASTRANTIA ABBEY ROAD PP14961,Astrantia major 'Abbey Road' P.P.# 14961                    ,Abbey Road Masterwort                                       ,PRN
OR,078761S,AZ BLM-A-THON TM DB PK PP21477,"Rhododendron x 'RLH1-2P8' P.P. #21,477                      ",Bloom-A-Thon®  Pink Double Reblooming Azalea,RHO
OR,078762S,AZ BLM-A-THON TM DB PK PP21477,"Rhododendron x 'RLH1-2P8' P.P. #21,477                      ",Bloom-A-Thon®  Pink Double Reblooming Azalea,RHO
OR,007075,AZALEA EX CANNON'S DOUBLE,Azalea x 'Cannon's Double' (Exbury hybrid)                  ,Cannon's Double Azalea                                      ,RHO
OR,001811,AZALEA GA KAREN,Azalea x 'Karen' (Gable Hybrid)                             ,Karen Azalea                                                ,RHO
OR,001812,AZALEA GA KAREN,Azalea x 'Karen' (Gable Hybrid)                             ,Karen Azalea                                                ,RHO
OR,008451,AZALEA GA ROSEBUD,Azalea x 'Rosebud' (Gable Hybrid)                           ,Rosebud Azalea                                              ,RHO
OR,008452,AZALEA GA ROSEBUD,Azalea x 'Rosebud' (Gable Hybrid)                           ,Rosebud Azalea                                              ,RHO
OR,002031,AZALEA GD RENEE MICHELLE,Azalea x'Renee Michelle' (Girard hybrid)                    ,Renee Michelle Azalea                                       ,RHO
OR,002032,AZALEA GD RENEE MICHELLE,Azalea x'Renee Michelle' (Girard hybrid)                    ,Renee Michelle Azalea                                       ,RHO
OR,007401,AZALEA GR FUCHSIA,Azalea x 'Girard's Fuchsia' (Girard hybrid)                 ,Girard's Fuchsia Azalea                                     ,RHO
OR,007602,AZALEA GR ROSE,Azalea x 'Girard's Rose' (Girard hybrid)                    ,Girard's Rose Azalea                                        ,RHO
OR,007782,AZALEA NL GOLDEN LIGHTS,Azalea x 'Golden Lights' (Northern Lights hybrid)           ,Golden Lights Azalea                                        ,RHO
OR,049782,AZARA MICRO VARIEGATA,Azara microphylla 'Variegata'                               ,Variegated Box-Leaf Azara                                   ,EVS
OR,049785,AZARA MICRO VARIEGATA,Azara microphylla 'Variegata'                               ,Variegated Box-Leaf Azara                                   ,EVS
OR,049772,AZARA MICROPHYLLA,Azara microphylla                                           ,Box-leaf Azara                                              ,EVS
OR,049775,AZARA MICROPHYLLA,Azara microphylla                                           ,Box-leaf Azara                                              ,EVS
OR,049795,AZARA SERRATA ANDEAN GOLD TM,Azara serrata Andean Gold™ ,Andean Gold™  Saw-toothed Azara,EVS
OR,078461,BACCHARIS MAGELLANICA,Baccharis magellanica                                       ,Christmas Bush                                              ,EVS
OR,053492,BAM-BORINDA BOLIANA (CLUMP),Borinda boliana (Clumping)                                  ,Giant Blue Bamboo                                           ,GRS
OR,025212,BAM-FARGESIA RUFA (CLUMP),Fargesia rufa                                               ,Sunset Glow Bamboo                                          ,GRS
OR,012032,BER GOLDN NUGGET TM P9577 CBR,"Berberis thunbergii 'Monlers' P.P. #9,577, Can. PBR #3489   ",Golden Nugget™  Dwarf Japanese Barberry,DCS
OR,012001,BER T ATROPURPUREA,Berberis thunbergii 'Atropurpurea'                          ,Red Leaf Japanese Barberry                                  ,DCS
OR,012011,BER T CHERRY BOMB R CPBR 3488,Berberis thunbergii 'Monomb' C.P.B.R. #3488                 ,Cherry Bomb®  Japanese Barberry,DCS
OR,012012,BER T CHERRY BOMB R CPBR 3488,Berberis thunbergii 'Monomb' C.P.B.R. #3488                 ,Cherry Bomb®  Japanese Barberry,DCS
OR,012102,BER T HELMOND PILLAR,Berberis thunbergii 'Helmond Pillar'                        ,Helmond Pillar Barberry                                     ,DCS
OR,012105,BER T HELMOND PILLAR,Berberis thunbergii 'Helmond Pillar'                        ,Helmond Pillar Barberry                                     ,DCS
OR,062935,BER T ORANGE ROCKET PP18411,"Berberis thunbergii 'Orange Rocket' P.P.#18,411             ",Orange Rocket Barberry                                      ,DCS
OR,012201,BER T ROSE GLOW,Berberis thunbergii 'Rose Glow'                             ,Rose Glow Japanese Barberry                                 ,DCS
OR,012202,BER T ROSE GLOW,Berberis thunbergii 'Rose Glow'                             ,Rose Glow Japanese Barberry                                 ,DCS
OR,012205,BER T ROSE GLOW,Berberis thunbergii 'Rose Glow'                             ,Rose Glow Japanese Barberry                                 ,DCS
OR,012211,BER T ROYAL BURGUNDY R P9461,Berberis thunbergii 'Gentry' P.P.# 9461                     ,Royal Burgundy®  Barberry,DCS
OR,012212,BER T ROYAL BURGUNDY R P9461,Berberis thunbergii 'Gentry' P.P.# 9461                     ,Royal Burgundy®  Barberry,DCS
OR,029661,BER T ROYAL CLOAK,Berberis thunbergii 'Royal Cloak'                           ,Royal Cloak Japanese Barberry                               ,DCS
OR,029665,BER T ROYAL CLOAK,Berberis thunbergii 'Royal Cloak'                           ,Royal Cloak Japanese Barberry                               ,DCS
OR,022021,BERGENIA COR WINTERGLOW,Bergenia cordifolia 'Winterglut'                            ,Winterglow Bergenia                                         ,PRN
OR,012315,BETULA JACQUEMONTII,Betula utilis var. jacquemontii                             ,Whitebarked Himalayan Birch                                 ,TRE
OR,024715,BETULA N SUMR CASCADE PP15150,Betula nigra 'Summer Cascade' P.P.# 15105                   ,Summer Cascade River Birch                                  ,TRE
OR,002345,BETULA NIGRA DURA HEAT R,Betula nigra 'BNMTF'                                        ,Dura Heat®  River Birch,TRE
OR,012305,BETULA PENDULA (ALBA),Betula pendula                                              ,European White Birch                                        ,TRE
OR,012305MU,BETULA PENDULA (ALBA),Betula pendula                                              ,European White Birch                                        ,TRE
OR,012365,BETULA PENDULA PURPLE RAIN R,Betula pendula 'Monle'                                      ,Purple Rain®  European White Birch,TRE
OR,012415SE,BETULA PENDULA YOUNGII,Betula pendula 'Youngii'                                    ,Young's Weeping Birch                                       ,TRE
OR,012417SE,BETULA PENDULA YOUNGII,Betula pendula 'Youngii'                                    ,Young's Weeping Birch                                       ,TRE
OR,013651,BRUNNERA MAC VARIEGATA,Brunnera macrophylla 'Variegata'                            ,Variegated Siberian Bugloss                                 ,PRN
OR,080811S,BUD LO&BEHLD R ICE CHIP PPAF,Buddleja Lo & Behold®  'Ice Chip' P.P.A.F. Can. P.B.R.,Ice Chip Summer Lilac                                       ,DCS
OR,080812S,BUD LO&BEHLD R ICE CHIP PPAF,Buddleja Lo & Behold®  'Ice Chip' P.P.A.F. Can. P.B.R.,Ice Chip Summer Lilac                                       ,DCS
OR,077392S,BUDDLEJA MISS MOLLY PPAF,"Buddleja x 'Miss Molly' P.P.A.F., C.B.R.A.F.                ",Miss Molly Summer Lilac                                     ,DCS
OR,077395,BUDDLEJA MISS MOLLY PPAF,"Buddleja x 'Miss Molly' P.P.A.F., C.B.R.A.F.                ",Miss Molly Summer Lilac                                     ,DCS
OR,074405,BUDDLEJA X MISS RUBY PPAF,Buddleja (B.davidii x (B. davidii x B. globosa)) x (B. david,Miss Ruby Summer Lilac                                      ,DCS
OR,013825SP,BUXUS GREEN MOUNTAIN,Buxus x 'Green Mountain'                                    ,Green Mountain Boxwood                                      ,EVS
OR,013831,BUXUS MIC WINTER GEM,Buxus microphylla japonica 'Winter Gem'                     ,Winter Gem Boxwood                                          ,EVS
OR,013905,BUXUS S GREEN TOWER R PP15243,"Buxus sempervirens 'Monrue' P.P. #15,243                    ",Green Tower®  Boxwood,EVS
OR,013905SP,BUXUS S GREEN TOWER R PP15243,"Buxus sempervirens 'Monrue' P.P. #15,243                    ",Green Tower®  Boxwood,EVS
OR,013982,BUXUS SEMP SUFFRUTICOSA,Buxus sempervirens 'Suffruticosa'                           ,Dwarf English Boxwood                                       ,EVS
OR,01388EGL,BUXUS SEMP VARIEGATA,Buxus sempervirens 'Variegata'                              ,Variegated English Boxwood                                  ,EVS
OR,01388UT,BUXUS SEMP VARIEGATA,Buxus sempervirens 'Variegata'                              ,Variegated English Boxwood                                  ,EVS
OR,03597UT,BUXUS WEE WILLIE R PP17007,"Buxus sinica var. insularis 'Wee Willie' P.P.# 17,007       ",Wee Willie®  Boxwood,EVS
OR,013991,CALLICARPA BOD PROFUSION,Callicarpa bodinieri 'Profusion'                            ,Profusion Beautyberry                                       ,DCS
OR,013995,CALLICARPA BOD PROFUSION,Callicarpa bodinieri 'Profusion'                            ,Profusion Beautyberry                                       ,DCS
OR,092922,CALLICARPA DICH SUMMER SNOW R,Callicarpa dichotoma Summer Snow® ,Summer Snow®  Beauty Berry,DCS
OR,029051,CALLUNA MRS. RONALD GRAY,Calluna vulgaris 'Mrs. Ronald Gray'                         ,Mrs. Ronald Gray Scotch Heather                             ,EVS
OR,02235UT,CAMPANULA CAR DEEP BLUE CLIPS,Campanula carpatica 'Deep Blue Clips'                       ,Deep Blue Clips Bellflower                                  ,PRN
OR,408421,CAMPANULA GLOM GENTI BLUE PPAF,Campanula glomerata 'Genti Blue'                            ,Genti Blue Bellflower                                       ,PRN
OR,408411,CAMPANULA GLOM GENTI WHITE PAF,Campanula glomerata 'Genti White'                           ,Genti White Bellflower                                      ,PRN
OR,022361,CAMPANULA PORTENSCHLAGIANA,Campanula portenschlagiana                                  ,Dalmatian Bellflower                                        ,PRN
OR,038611,CAMPANULA SAMANTHA,Campanula 'Samantha'                                        ,Samantha Bellflower                                         ,PRN
OR,022495,CARAGANA ARB WALKER,Caragana arborescens 'Walker'                               ,Walker Siberian Peashrub                                    ,TRE
OR,092891,CARY CLA KORBALL BLU BALLOON R,Caryopteris x clandonensis 'Korball' Blue Balloon® ,Blue Balloon®  Bluebeard,DCS
OR,092892,CARY CLA KORBALL BLU BALLOON R,Caryopteris x clandonensis 'Korball' Blue Balloon® ,Blue Balloon®  Bluebeard,DCS
OR,031295,CEANOTHUS CENTENNIAL,Ceanothus 'Centennial'                                      ,Centennial Hybrid Wild Lilac                                ,EVS
OR,023185,CEANOTHUS THY VICTORIA,Ceanothus thyrsiflorus 'Victoria'                           ,Victoria California Lilac                                   ,EVS
OR,074432S,CEANOTHUS X MARIE BLEU TM PPAF,Ceanothus x pallidus 'Minmari' P.P.A.F.                     ,Marie Bleu™  New Jersey Tea,DCS
OR,023305,CEDRUS ATLANTICA GLAUCA,Cedrus atlantica 'Glauca'                                   ,Blue Atlas Cedar                                            ,CON
OR,023315SE,CEDRUS ATLANTICA GLAUCA PNDULA,Cedrus atlantica 'Glauca Pendula'                           ,Weeping Blue Atlas Cedar                                    ,CON
OR,023315ST,CEDRUS ATLANTICA GLAUCA PNDULA,Cedrus atlantica 'Glauca Pendula'                           ,Weeping Blue Atlas Cedar                                    ,CON
OR,023327,CEDRUS ATLANTICA HORSTMANN,Cedrus atlantica 'Horstmann'                                ,Horstmann Blue Atlas Cedar                                  ,CON
OR,023355,CEDRUS DEODARA,Cedrus deodara                                              ,Deodar Cedar                                                ,CON
OR,023357,CEDRUS DEODARA,Cedrus deodara                                              ,Deodar Cedar                                                ,CON
OR,023359,CEDRUS DEODARA,Cedrus deodara                                              ,Deodar Cedar                                                ,CON
OR,023365,CEDRUS DEODARA AUREA,Cedrus deodara 'Aurea'                                      ,Golden Deodar Cedar                                         ,CON
OR,02328MST,CEDRUS DEODARA FEELIN BLUE,Cedrus deodara 'Feelin' Blue'                               ,Feelin' Blue Deodar Cedar                                   ,CON
OR,051275ST,CEDRUS FEELIN SUNNY R PP23886,"Cedrus deodara 'MonKinn' P.P.# 23,886                       ",Feelin' Sunny®  Deodar Cedar,CON
OR,017381,CEPHALOTAXUS HAR FASTIGIATA,Cephalotaxus harringtonia 'Fastigiata'                      ,Upright Japanese Plum Yew                                   ,CON
OR,017382,CEPHALOTAXUS HAR FASTIGIATA,Cephalotaxus harringtonia 'Fastigiata'                      ,Upright Japanese Plum Yew                                   ,CON
OR,017385,CEPHALOTAXUS HAR FASTIGIATA,Cephalotaxus harringtonia 'Fastigiata'                      ,Upright Japanese Plum Yew                                   ,CON
OR,028832,CEPHALOTAXUS HAR PROSTRATA,Cephalotaxus harringtonia 'Prostrata'                       ,Spreading Japanese Plum Yew                                 ,CON
OR,028835,CEPHALOTAXUS HAR PROSTRATA,Cephalotaxus harringtonia 'Prostrata'                       ,Spreading Japanese Plum Yew                                 ,CON
OR,023481,CERATOSTIGMA PLUMBAGINOIDES,Ceratostigma plumbaginoides                                 ,Dwarf Plumbago                                              ,PRN
OR,038425,CERCIS C ACE OF HEARTS PP17161,"Cercis canadensis 'Ace Of Hearts' P.P. #17,161              ",Ace of Hearts Redbud                                        ,TRE
OR,049545,CERCIS C LITTLE WOODY PPAF,"Cercis canadensis 'Little Woody' P.P. #15,854               ",Little Woody Redbud                                         ,TRE
OR,017855,CERCIS LAVENDER TWIST R P10328,"Cercis canadensis 'Covey' P.P. #10,328                      ",Lavender Twist®  Redbud,TRE
OR,074442S,CHAEN DBLTKE TM OR STRM P20950,"Chaenomeles speciosa 'Orange Storm' P.P. #20,950, C.B.R.A.F.",Double Take™  Orange Storm Flowering Quince,DCS
OR,074452S,CHAEN DBLTKE TM PK STRM P20920,"Chaenomeles speciosa 'Pink Storm' P.P.# 20,920, CBRAF       ",Double Take™  Pink Storm Flowering Quince,DCS
OR,033805,CHAM L YVONNE-GUARDIAN R,Chamaecyparis lawsoniana 'Yvonne'                           ,Yvonne Port Orford Cedar - The Guardian®  Series,CON
OR,023655,CHAM NOOT PENDULA,Chamaecyparis nootkatensis 'Pendula'                        ,Weeping Nootka Cypress                                      ,CON
OR,02365M,CHAM NOOT PENDULA,Chamaecyparis nootkatensis 'Pendula'                        ,Weeping Nootka Cypress                                      ,CON
OR,023905,CHAM OBT FILICOIDES,Chamaecyparis obtusa 'Filicoides'                           ,Fernspray False Cypress                                     ,CON
OR,023685,CHAM OBT GRACILIS,Chamaecyparis obtusa 'Gracilis'                             ,Slender Hinoki False Cypress                                ,CON
OR,023912,CHAM OBT TEMPELHOF,Chamaecyparis obtusa 'Tempelhof'                            ,Tempelhof Cypress                                           ,CON
OR,082401,CHAM PIS BABY BLUE,Chamaecyparis pisifera 'Baby Blue'                          ,Baby Blue Sawara Cypress                                    ,CON
OR,082402,CHAM PIS BABY BLUE,Chamaecyparis pisifera 'Baby Blue'                          ,Baby Blue Sawara Cypress                                    ,CON
OR,082405,CHAM PIS BABY BLUE,Chamaecyparis pisifera 'Baby Blue'                          ,Baby Blue Sawara Cypress                                    ,CON
OR,08240UT,CHAM PIS BABY BLUE,Chamaecyparis pisifera 'Baby Blue'                          ,Baby Blue Sawara Cypress                                    ,CON
OR,024031,CHAM PIS FIL GOLDEN CHARM,Chamaecyparis pisifera filifera 'Golden Charm'              ,Golden Charm Thread-Branch Cypress                          ,CON
OR,024035,CHAM PIS FIL GOLDEN CHARM,Chamaecyparis pisifera filifera 'Golden Charm'              ,Golden Charm Thread-Branch Cypress                          ,CON
OR,074782S,CHAM PIS SOFT SERVE R PPAF,Chamaecyparis pisifera 'Dow Whiting' P.P.A.F.               ,Soft Serve®  False Cypress,CON
OR,023822,CHAM PIS SQUARROSA MINIMA,Chamaecyparis pisifera 'Squarrosa Minima'                   ,Miniature Moss False Cypress                                ,CON
OR,024165,CHIONANTHUS RETUSUS,Chionanthus retusus                                         ,Chinese Fringe Tree                                         ,TRE
OR,024185,CHIONANTHUS VIRGINICUS,Chionanthus virginicus                                      ,White Fringe Tree                                           ,TRE
OR,048622,CHOISYA TERN SUNDANCE,Choisya ternata 'Sundance'                                  ,Sundance Mexican Orange Blossom                             ,EVS
OR,412561,CHRY (LEU) REAL CHARMER PPAF,Chrysanthemum 'Real Charmer' P.P.A.F.                       ,Real Charmer Shasta Daisy                                   ,PRN
OR,412571,CHRY (LEU) REAL GALAXY PPAF,Chrysanthemum 'Real Galaxy' P.P.A.F.                        ,Real Galaxy Shasta Daisy                                    ,PRN
OR,407861,CHRY (LEUCA) X REAL GLORY,Chrysanthemum 'Real Glory' P.P.A.F.                         ,Real Glory Shasta Daisy                                     ,PRN
OR,023021,CHRYS (LEUCANTH) X SUP BECKY,Chrysanthemum x superbum 'Becky'                            ,Becky Shasta Daisy                                          ,PRN
OR,050515,CISTUS GRAYSWOOD PINK,Cistus 'Grayswood Pink'                                     ,Grayswood Pink Rock Rose                                    ,EVS
OR,048041,CLEM CENTER STAR TM PP17010,"Clematis x 'Center Star' P.P.# 17,010                       ",Center Star Clematis                                        ,PRN
OR,027251,CLEM INTEGRIFOLIA CAERULEA,Clematis integrifolia 'Caerulea'                            ,Bushy Blue Bell Clematis                                    ,PRN
OR,027431,CLEM MONTANA FREDA,Clematis montana 'Freda'                                    ,Freda Anemone Clematis                                      ,VIN
OR,027435,CLEM MONTANA FREDA,Clematis montana 'Freda'                                    ,Freda Anemone Clematis                                      ,VIN
OR,027401,CLEM MONTANA RUBENS,Clematis montana rubens                                     ,Pink Anemone Clematis                                       ,VIN
OR,021865,CLEM SAPPHIRE INDIGO TMPP17012,"Clematis 'Cleminov 51' P.P. # 17,012                        ",Sapphire Indigo™  Clematis,VIN
OR,055211,CLEM SIEBOLDII,Clematis florida Seiboldii                                  ,Florida Seiboldii Clematis                                  ,VIN
OR,055215,CLEM SIEBOLDII,Clematis florida Seiboldii                                  ,Florida Seiboldii Clematis                                  ,VIN
OR,038002,CLEM TEX PRINCESS DIANA,Clematis texensis 'Princess Diana'                          ,Princess Diana Clematis                                     ,VIN
OR,038005,CLEM TEX PRINCESS DIANA,Clematis texensis 'Princess Diana'                          ,Princess Diana Clematis                                     ,VIN
OR,046272,CLEM VANCOUVER TM FRGRNT STAR,Clematis x 'Fragrant Star'                                  ,Vancouver™  Fragrant Star Clematis,VIN
OR,046275,CLEM VANCOUVER TM FRGRNT STAR,Clematis x 'Fragrant Star'                                  ,Vancouver™  Fragrant Star Clematis,VIN
OR,048742,CLEM VANCOUVER TM STARRY NGHTS,Clematis x 'Starry Nights'                                  ,Vancouver™  Starry Nights Clematis,VIN
OR,048745,CLEM VANCOUVER TM STARRY NGHTS,Clematis x 'Starry Nights'                                  ,Vancouver™  Starry Nights Clematis,VIN
OR,015901,CLEM X BLUE LIGHT R PP15953,Clematis x 'Vanso' P.P.# 15953                              ,Blue Light®  Clematis,VIN
OR,015905,CLEM X BLUE LIGHT R PP15953,Clematis x 'Vanso' P.P.# 15953                              ,Blue Light®  Clematis,VIN
OR,090615,CLEM X CART AVALANCHE,Clematis x cartmanii 'Blaaval'                              ,Avalanche Evergreen Clematis                                ,VIN
OR,027221,CLEM X COMTESSE DE BOUCHAUD,Clematis x 'Comtesse de Bouchaud'                           ,Comtesse De Bouchaud Clematis                               ,VIN
OR,027225,CLEM X COMTESSE DE BOUCHAUD,Clematis x 'Comtesse de Bouchaud'                           ,Comtesse De Bouchaud Clematis                               ,VIN
OR,027265,CLEM X JACKMANII,Clematis x jackmanii                                        ,Jackman Clematis                                            ,VIN
OR,044482,CLEM X JACKMANII SUPERBA,Clematis x jackmanii 'Superba'                              ,Jackman Superba Clematis                                    ,VIN
OR,044485,CLEM X JACKMANII SUPERBA,Clematis x jackmanii 'Superba'                              ,Jackman Superba Clematis                                    ,VIN
OR,055205,CLEM X MRS. SPENCER CASTLE,Clematis 'Mrs. Spencer Castle'                              ,Mrs. Spencer Castle Clematis                                ,VIN
OR,027065,CLEM X MULTI-BLUE,Clematis x 'Multi-blue'                                     ,Multi-Blue Clematis                                         ,VIN
OR,027441,CLEM X NELLY MOSER,Clematis x 'Nelly Moser'                                    ,Nelly Moser Clematis                                        ,VIN
OR,027445,CLEM X NELLY MOSER,Clematis x 'Nelly Moser'                                    ,Nelly Moser Clematis                                        ,VIN
OR,027465,CLEM X NIOBE,Clematis x 'Niobe'                                          ,Niobe Clematis                                              ,VIN
OR,027071,CLEM X PINK CHAMPAGNE,Clematis x 'Pink Champagne'                                 ,Pink Champagne Clematis                                     ,VIN
OR,027072,CLEM X PINK CHAMPAGNE,Clematis x 'Pink Champagne'                                 ,Pink Champagne Clematis                                     ,VIN
OR,027075,CLEM X PINK CHAMPAGNE,Clematis x 'Pink Champagne'                                 ,Pink Champagne Clematis                                     ,VIN
OR,027495,CLEM X ROUGE CARDINAL,Clematis x 'Rouge Cardinal'                                 ,Rouge Cardinal Clematis                                     ,VIN
OR,026372,CLEM X TOKI,Clematis x 'Toki'                                           ,Toki Clematis                                               ,VIN
OR,026375,CLEM X TOKI,Clematis x 'Toki'                                           ,Toki Clematis                                               ,VIN
OR,022431,CLEMATIS INT BLUE RIBBONS,Clematis integrifolia 'Blue Ribbons'                        ,Blue Ribbons Bush Clematis                                  ,PRN
OR,027532,CLETHRA ALN RUBY SPICE,Clethra alnifolia 'Ruby Spice'                              ,Ruby Spice Summersweet                                      ,DCS
OR,055535,CLETHRA BARBINERVIS VARIEGATA,Clethra barbinervis 'Takeda Nishiki'                        ,First Snow®  Japanese Clethra,DCS
OR,078721,CORE BIGBANG TM CSMC EY P22601,"Coreopsis x 'Cosmic Eye' P.P.#22,601                        ",Big Bang™  Cosmic Eye Tickseed,PRN
OR,088891,CORE BIGBANG TM MRCRY RSNG PAF,Coreopsis x 'Mercury Rising' P.P.A.F.                       ,Big Bang™  Mercury Rising Tickseed,PRN
OR,018401,CORE CRUZIN' TM BROAD STRT PAF,"Coreopsis verticillata 'Broad Street' P.P. #24,598          ",Broad Street Tickseed (Cruizin' Series)                     ,PRN
OR,018421,CORE CRUZIN' TM ELCTRC AVE PAF,"Coreopsis verticillata 'Electric Avenue' P.P.#24,688        ",Electric Avenue Tickseed (Cruizin' Series)                  ,PRN
OR,018411,CORE CRUZIN' TM MAIN STRT PAF,"Coreopsis verticillata 'Main Street' P.P.#24,562            ",Main Street Tickseed (Cruizin' Series)                      ,PRN
OR,408551,CORE LIL' BANG TM DAYBREAK PAF,Coreopsis 'Daybreak' P.P.A.F.                               ,Lil' Bang™  Daybreak Tickseed,PRN
OR,408541,CORE LIL' BANG TM RED ELF,Coreopsis x 'Red Elf' P.P.A.F.                              ,Lil' Bang™  Red Elf Tickseed,PRN
OR,408531,CORE LIL' BANG TM STARLIGHT,Coreopsis 'Starlight' P.P.A.F.                              ,Lil' Bang™  Starlight Tickseed,PRN
OR,058261,COREOPSIS VER ROUTE 66 PP20609,"Coreopsis verticillata 'Route 66' P.P.# 20,609              ",Route 66 Tickseed (Cruizin' Series)                         ,PRN
OR,058262,COREOPSIS VER ROUTE 66 PP20609,"Coreopsis verticillata 'Route 66' P.P.# 20,609              ",Route 66 Tickseed (Cruizin' Series)                         ,PRN
OR,027961,COREOPSIS VERT MOONBEAM,Coreopsis verticillata 'Moonbeam'                           ,Moonbeam Threadleaf Tickseed                                ,PRN
OR,027962,COREOPSIS VERT MOONBEAM,Coreopsis verticillata 'Moonbeam'                           ,Moonbeam Threadleaf Tickseed                                ,PRN
OR,027971,COREOPSIS VERT ZAGREB,Coreopsis verticillata 'Zagreb'                             ,Zagreb Threadleaf Tickseed                                  ,PRN
OR,027972,COREOPSIS VERT ZAGREB,Coreopsis verticillata 'Zagreb'                             ,Zagreb Threadleaf Tickseed                                  ,PRN
OR,02797UT,COREOPSIS VERT ZAGREB,Coreopsis verticillata 'Zagreb'                             ,Zagreb Threadleaf Tickseed                                  ,PRN
OR,045281,CORNUS ALBA PRAIRIE FIRE AUREA,Cornus alba 'Prairie Fire'                                  ,Prairie Fire Dogwood                                        ,DCS
OR,027755,CORNUS ALBA SIBIRICA,Cornus alba 'Sibirica'                                      ,Red Twig Dogwood                                            ,DCS
OR,027825,CORNUS SERICEA ISANTI,Cornus sericea 'Isanti'                                     ,Isanti Red-Osier Dogwood                                    ,DCS
OR,027585,CORNUS X STELLAR PINK R,Cornus x 'Rutgan'                                           ,Stellar Pink®  Dogwood,TRE
OR,090462,COROKIA X VIR PHANTOM PP19257,"Corokia x virgata 'Phantom' P.P. #19,257                    ",Phantom Corokia                                             ,EVS
OR,028502,COT APICULATUS,Cotoneaster apiculatus                                      ,Cranberry Cotoneaster                                       ,DCS
OR,028552,COT APICULATUS TOM THUMB,Cotoneaster apiculatus 'Tom Thumb'                          ,Tom Thumb Cranberry Cotoneaster                             ,DCS
OR,02855UT,COT APICULATUS TOM THUMB,Cotoneaster apiculatus 'Tom Thumb'                          ,Tom Thumb Cranberry Cotoneaster                             ,DCS
OR,029001,COT DAM CORAL BEAUTY,Cotoneaster dammeri 'Coral Beauty'                          ,Coral Beauty Cotoneaster                                    ,EVS
OR,029002,COT DAM CORAL BEAUTY,Cotoneaster dammeri 'Coral Beauty'                          ,Coral Beauty Cotoneaster                                    ,EVS
OR,029005,COT DAM CORAL BEAUTY,Cotoneaster dammeri 'Coral Beauty'                          ,Coral Beauty Cotoneaster                                    ,EVS
OR,029101,COT DAM EICHHOLZ,Cotoneaster dammeri 'Eichholz'                              ,Eichholz Cotoneaster                                        ,EVS
OR,029102,COT DAM EICHHOLZ,Cotoneaster dammeri 'Eichholz'                              ,Eichholz Cotoneaster                                        ,EVS
OR,029455,COT HOR PERPUSILLUS,Cotoneaster horizontalis 'Perpusillus'                      ,Prostrate Rock Cotoneaster                                  ,EVS
OR,028311,COT HOR VARIEGATUS,Cotoneaster horizontalis 'Variegatus'                       ,Variegated Rock Cotoneaster                                 ,DCS
OR,030251,COT STREIB'S FINDLING,Cotoneaster dammeri 'Streibs Findling'                      ,Streibs Findling Cotoneaster                                ,EVS
OR,030252,COT STREIB'S FINDLING,Cotoneaster dammeri 'Streibs Findling'                      ,Streibs Findling Cotoneaster                                ,EVS
OR,030255,COT STREIB'S FINDLING,Cotoneaster dammeri 'Streibs Findling'                      ,Streibs Findling Cotoneaster                                ,EVS
OR,028145PT,COTINUS COG ROYAL PURPLE,Cotinus coggygria 'Royal Purple'                            ,Royal Purple Smoke Tree                                     ,DCS
OR,028155,COTINUS X GRACE,Cotinus x 'Grace'                                           ,Grace Smoke Tree                                            ,DCS
OR,057452,CROCOSMIA COLUMBUS,Crocosmia 'Columbus'                                        ,Columbus Montbretia                                         ,PRN
OR,019472,CROCOSMIA EMBERGLOW,Crocosmia 'Emberglow'                                       ,Emberglow Montbretia                                        ,PRN
OR,047572,CUP MAC DONARD GOLD,Cupressus macrocarpa 'Donard Gold'                          ,Donard Gold Monterey Cypress                                ,CON
OR,030732,CUP SEMP TINY TOWER R PP12933,"Cupressus sempervirens 'Monshel' P.P. #12,933 Tiny Tower{{#1",Tiny Tower®  Italian Cypress,CON
OR,031382,CYTISUS ALLGOLD,Cytisus x praecox (C. multiflorus x C. purgans) 'Allgold'   ,Allgold Broom                                               ,DCS
OR,025675,DAVIDIA INVOLUCRATA,Davidia involucrata                                         ,Dove Tree                                                   ,TRE
OR,097991,DELOS JWL OF DSRT GARNT P23471,"Delosperma cooperi 'Jewel of the Desert Garnet' P.P. #23,471",Jewel of Desert Garnet Ice Plant                            ,PRN
OR,084671,DELOS JWL OF DSRT RUBY P23453,"Delosperma cooperi 'Jewel of the Desert Ruby' P.P.#23,453   ",Jewel of the Desert Ruby Ice Plant                          ,PRN
OR,08467UT,DELOS JWL OF DSRT RUBY P23453,"Delosperma cooperi 'Jewel of the Desert Ruby' P.P.#23,453   ",Jewel of the Desert Ruby Ice Plant                          ,PRN
OR,098591,DELOS JWL OF DSRT TOPAZ P23492,"Delosperma cooperi 'Jewel of the Desert Topaz' P.P. #23,492 ",Jewel of the Desert Topaz Ice Plant                         ,PRN
OR,09859UT,DELOS JWL OF DSRT TOPAZ P23492,"Delosperma cooperi 'Jewel of the Desert Topaz' P.P. #23,492 ",Jewel of the Desert Topaz Ice Plant                         ,PRN
OR,034201,DELOSPERMA COOPERI,Delosperma cooperi                                          ,Hardy Ice Plant                                             ,PRN
OR,03420UT,DELOSPERMA COOPERI,Delosperma cooperi                                          ,Hardy Ice Plant                                             ,PRN
OR,048541,DELOSPERMA DY RED MOUNTAIN R,Delosperma dyeri 'Psdold'                                   ,Red Mountain®  Ice Plant,PRN
OR,078741,DELOSPERMA FIRE SPINNER R,Delosperma 'P001S'                                          ,Fire Spinner®  Ice Plant,PRN
OR,09723UT,DELOSPERMA FIRE WONDER PPAF,Delosperma 'Fire Wonder' P.P.A.F.                           ,Wheels of Wonder®  Fire Wonder Ice Plant,PRN
OR,059461,DELOSPERMA MESA VERDE PP13876,Delosperma 'Kelaidis' P.P.# 13876                           ,Mesa Verde®  Ice Plant,PRN
OR,05946UT,DELOSPERMA MESA VERDE PP13876,Delosperma 'Kelaidis' P.P.# 13876                           ,Mesa Verde®  Ice Plant,PRN
OR,029891S,DEUTZIA CHRDNY PERLS R PP16098,"Deutzia gracilis 'Duncan' P.P. #16,098, C.B.R. #2,640       ",Chardonnay Pearls®  Deutzia,DCS
OR,029892S,DEUTZIA CHRDNY PERLS R PP16098,"Deutzia gracilis 'Duncan' P.P. #16,098, C.B.R. #2,640       ",Chardonnay Pearls®  Deutzia,DCS
OR,086222S,DEUTZIA CREME FRAICHE TM,Deutzia gracilis                                            ,Creme Fraiche®  Deutzia,DCS
OR,031571,DEUTZIA GRACILIS NIKKO,Deutzia gracilis 'Nikko'                                    ,Dwarf Nikko Deutzia                                         ,DCS
OR,031572,DEUTZIA GRACILIS NIKKO,Deutzia gracilis 'Nikko'                                    ,Dwarf Nikko Deutzia                                         ,DCS
OR,031595,DEUTZIA HYBRIDA PINK-A-BOO R,Deutzia x 'Monzia'                                          ,Pink-A-Boo®  Deutzia,DCS
OR,091885,DEUTZIA X NIKKO BLUSH NA74356,Deutzia x rosea 'Nikko Blush' (NA74356)                     ,Nikko Blush Deutzia                                         ,DCS
OR,067631,DIANTHUS BAR OESCHBERG,Dianthus barbatus 'Oeschberg'                               ,Oeschberg Sweet William                                     ,PRN
OR,067731,DIANTHUS FIRST LOVE R,Dianthus First Love® ,First Love®  Cheddar Pink,PRN
OR,031331,DIANTHUS FROSTY FIRE,Dianthus x 'Frosty Fire'                                    ,Frosty Fire Cheddar Pink                                    ,PRN
OR,03133UT,DIANTHUS FROSTY FIRE,Dianthus x 'Frosty Fire'                                    ,Frosty Fire Cheddar Pink                                    ,PRN
OR,004801,DICENTRA BURNINGHEARTS PP20797,Dicentra 'Burning Hearts' P.P.A.F.                          ,Burning Hearts Bleeding Heart                               ,PRN
OR,004901,DICENTRA SP VALENTINE R P22739,"Dicentra spectabilis 'Hordival' P.P.#22,739                 ",Valentine®  Bleeding Heart,PRN
OR,004902,DICENTRA SP VALENTINE R P22739,"Dicentra spectabilis 'Hordival' P.P.#22,739                 ",Valentine®  Bleeding Heart,PRN
OR,035621,DICENTRA SPEC GOLD HEART,Dicentra spectabilis 'Gold Heart'                           ,Gold Heart Bleeding Heart                                   ,PRN
OR,035622,DICENTRA SPEC GOLD HEART,Dicentra spectabilis 'Gold Heart'                           ,Gold Heart Bleeding Heart                                   ,PRN
OR,410421,DIGITALIS FXLGT TM RBY GLW PAF,Digitalis x 'Ruby Glow' P.P.A.F.                            ,Foxlight Ruby Glow Foxglove                                 ,PRN
OR,021821,DISPOROPSIS PER SICHUAN JADE,Disporopsis pernyi 'Sichuan Jade'                           ,Sichuan Jade Solomon's Seal                                 ,PRN
OR,049832,DISPORUM CANT GREEN GIANT,Disporum longistylum 'Green Giant'                          ,Chinese Fairy Bells                                         ,PRN
OR,049835,DISPORUM CANT GREEN GIANT,Disporum longistylum 'Green Giant'                          ,Chinese Fairy Bells                                         ,PRN
OR,085821,DISPORUM CANT MOONLIGHT P24556,"Disporum cantoniense 'Moonlight' P.P.#24,556                ",Moonlight Chinese Fairy Bells                               ,PRN
OR,085822,DISPORUM CANT MOONLIGHT P24556,"Disporum cantoniense 'Moonlight' P.P.#24,556                ",Moonlight Chinese Fairy Bells                               ,PRN
OR,080762,DISPORUM CANT NIGHT HERON,Disporum cantoniense 'Night Heron'                          ,Night Heron Chinese Fairy Bells                             ,PRN
OR,050612,DRIMYS LANCEOLATA,Drimys lanceolata                                           ,Mountain Pepper                                             ,EVS
OR,050615,DRIMYS LANCEOLATA,Drimys lanceolata                                           ,Mountain Pepper                                             ,EVS
OR,412611,ECHIN DBL SCP TM CRANBRY PPAF,"Echinacea x purpurea 'Balscanery' P.P.# 24,769              ",Double Scoop™  Cranberry Echinacea,PRN
OR,097211,ECHIN SMBRO TM FLMNCO ORNG,Echinacea purpurea 'Flamenco Orange' P.P.A.F.               ,Sombrero™  Flamenco Orange Coneflower,PRN
OR,086821,ECHIN SMBRO TM HOT CORL P23097,"Echinacea x 'Balsomcor' P.P.#23,097                         ",Sombrero™  Hot Coral Coneflower,PRN
OR,086831,ECHIN SMBRO TM LEMON YLW PPAF,"Echinacea purpurea 'Lemon Yellow' P.P.# 24,768              ",Sombrero™  Lemon Yellow Coneflower,PRN
OR,086841,ECHIN SMBRO TM SALSA RD P23105,"Echinacea x 'Balsomsed' P.P.#23,105                         ",Sombrero™  Salsa Red Coneflower,PRN
OR,007051,ECHIN SUPREME CANTALOUPE PPAF,Echinacea 'Supreme Cantaloupe' P.P.A.F.                     ,Supreme Cantaloupe Coneflower                               ,PRN
OR,412621,ECHIN SUPREME FLAMINGO,"Echinacea purpurea 'Flamingo' P.P. 24,898                   ",Supreme™  Flamingo Echinacea,PRN
OR,407711,ECHIN VANILLA CUPCAKE,"Echinacea 'Vanilla Cupcake' P.P. 24,506                     ",Vanilla Cupcake™  Echinacea,PRN
OR,087021,ECHINACEA CHEYENNE SPIRIT,Echinacea hybrida 'Cheyenne Spirit'                         ,Cheyenne Spirit Echinacea                                   ,PRN
OR,022831,ECHINACEA CRNBRY CUPCAKE PPAF,Echinacea 'Cranberry Cupcake' P.P.A.F.                      ,Cranberry Cupcake Coneflower                                ,PRN
OR,077121,ECHINACEA NOW CHEESIER PPAF,Echinacea 'Now Cheesier' P.P.A.F.                           ,Now Cheesier Coneflower                                     ,PRN
OR,047511,ECHINACEA PNK DBL DLITE P18803,Echinacea purpurea 'Pink Double Delight' P.P.A.F            ,Pink Double Delight Coneflower                              ,PRN
OR,003121,ECHINACEA POWWOW R WHITE,"Echinacea purpurea 'PAS702918' P.P. #7,982,110              ",PowWow®  White Coneflower,PRN
OR,002991,ECHINACEA POWWOW R WILDBERRY,Echinacea purpurea 'PAS702917'                              ,PowWow®  Wild Berry Coneflower,PRN
OR,043401,ECHINACEA PRAIRIE SPLENDOR,Echinacea purpurea 'Prairie Splendor'                       ,Prairie Splendor Coneflower                                 ,PRN
OR,031771,ECHINACEA PUR MAGNUS,Echinacea purpurea 'Magnus'                                 ,Magnus Purple Coneflower                                    ,PRN
OR,039581,ECHINACEA PUR MERLOT PP18814,Echinacea purpurea 'Merlot' P.P.# 18814                     ,Merlot Coneflower                                           ,PRN
OR,018221,ECHINACEA PUR RUBY STAR,Echinacea purpurea 'Ruby Star'                              ,Ruby Star Coneflower                                        ,PRN
OR,01822UT,ECHINACEA PUR RUBY STAR,Echinacea purpurea 'Ruby Star'                              ,Ruby Star Coneflower                                        ,PRN
OR,036281,ECHINACEA SUNDOWN TM PP17659,Echinacea x 'Evan Saul' P.P.# 17659                         ,Sundown Big Sky™  Series Coneflower,PRN
OR,057301,ECHINACEA TOMATO SOUP PPAF,"Echinacea 'Tomato Soup' P.P.# 19,427                        ",Tomato Soup Coneflower                                      ,PRN
OR,032161,ERICA ATROPURPUREA,Erica cinerea 'Atropurpurea'                                ,Purple Bell Heath                                           ,EVS
OR,032162,ERICA ATROPURPUREA,Erica cinerea 'Atropurpurea'                                ,Purple Bell Heath                                           ,EVS
OR,017961,ERICA KRAMER'S RED,Erica x darleyensis 'Kramer's Rote'                         ,Kramer's Red Winter Heath                                   ,EVS
OR,017962,ERICA KRAMER'S RED,Erica x darleyensis 'Kramer's Rote'                         ,Kramer's Red Winter Heath                                   ,EVS
OR,032071,ERICA MEDITERRANEAN PINK,Erica x darleyensis 'Mediterranean Pink'                    ,Mediterranean Pink Heath                                    ,EVS
OR,032072,ERICA MEDITERRANEAN PINK,Erica x darleyensis 'Mediterranean Pink'                    ,Mediterranean Pink Heath                                    ,EVS
OR,032082,ERICA SILBERSCHMELZE,Erica x darleyensis 'Silberschmelze'                        ,White Bell Winter Heath                                     ,EVS
OR,077591,ERYSIMUM GLOW TM ORANGE,Erysimum x hybrida 'Orange'                                 ,Glow™  Orange Wallflower,PRN
OR,077581,ERYSIMUM JENNY BROOK PP20253,"Erysimum 'Jenny Brook' P.P. #20,253 C.P.B.R.                ",Jenny Brooks Wallflower                                     ,PRN
OR,050722,EUCRYPHIA LUC SPRING CREAM,Eucryphia lucida 'Spring Cream'                             ,Variegated Tasmanian Leatherwood                            ,EVS
OR,050725,EUCRYPHIA LUC SPRING CREAM,Eucryphia lucida 'Spring Cream'                             ,Variegated Tasmanian Leatherwood                            ,EVS
OR,019311,EUO A COLE'S COMPACT,Euonymus alatus 'Cole's Compact'                            ,Cole's Compact Burning Bush                                 ,DCS
OR,019312,EUO A COLE'S COMPACT,Euonymus alatus 'Cole's Compact'                            ,Cole's Compact Burning Bush                                 ,DCS
OR,019315,EUO A COLE'S COMPACT,Euonymus alatus 'Cole's Compact'                            ,Cole's Compact Burning Bush                                 ,DCS
OR,033601,EUO ALATUS COMPACTUS,Euonymus alatus 'Compactus'                                 ,Dwarf Burning Bush                                          ,DCS
OR,033651,EUO F CANADALE GOLD,Euonymus fortunei 'Canadale Gold'                           ,Canadale Gold Wintercreeper                                 ,EVS
OR,034001,EUO F EMERALD 'N GOLD,Euonymus fortunei 'Emerald 'n Gold'                         ,Emerald 'n Gold Wintercreeper                               ,EVS
OR,033901,EUO F EMERALD GAIETY,Euonymus fortunei 'Emerald Gaiety'                          ,Emerald Gaiety Wintercreeper                                ,EVS
OR,034301,EUO F GOLDEN PRINCE R,Euonymus fortunei 'Monce'                                   ,Golden Prince®  Wintercreeper,EVS
OR,035855,FAGUS SYL PURPLE FOUNTAIN,Fagus sylvatica 'Purple Fountain'                           ,Purple Fountain Beech                                       ,TRE
OR,035795,FAGUS SYL RIVERSII,Fagus sylvatica 'Riversii'                                  ,River's Purple European Beech                               ,TRE
OR,020515,FAGUS SYL ROHAN OBELISK(RED OB,Fagus sylvatica 'Red Obelisk'                               ,Red Obelisk European Beech                                  ,TRE
OR,035645,FATSIA JAPONICA,Fatsia japonica                                             ,Japanese Aralia                                             ,EVS
OR,03612UT,FERN-ATHYRIUM NIP PICTUM,Athyrium niponicum 'Pictum'                                 ,Japanese Painted Fern                                       ,FRN
OR,005041,FERN-DRYOPTERIS CELSA,Dryopteris celsa                                            ,Log Fern                                                    ,FRN
OR,021222,FERN-DRYOPTERIS ERY BRILLIANCE,Dryopteris erythrosora 'Brilliance'                         ,Brilliance Autumn Fern                                      ,FRN
OR,03626UT,FERN-DRYOPTERIS FELIX-MAS ROB,Dryopteris filix-mas 'Robusta'                              ,Robust Male Fern                                            ,FRN
OR,036455,FERN-MATTEUCCIA STRUTHIOPTERIS,Matteuccia struthiopteris                                   ,European Ostrich Fern                                       ,FRN
OR,083722,FERN-POLYSTICHUM POLYBLEPHARUM,Polystichum polyblepharum                                   ,Tassel Fern                                                 ,FRN
OR,036491,FERN-POLYSTICHUM SET(ANGULARE),Polystichum setiferum                                       ,Soft Shield Fern                                            ,FRN
OR,077431S,FORS X SHOW OFF TM STARLT PAF,"Forsythia x intermedia 'Minfor6' P.P.A.F., C.B.R.A.F.       ",Show Off™  Starlet Forsythia,DCS
OR,017541,FORSYTHIA X MAGICAL R GOLD,Forsythia x intermedia 'Kolgold'                            ,Magical®  Gold Forsythia,DCS
OR,017542,FORSYTHIA X MAGICAL R GOLD,Forsythia x intermedia 'Kolgold'                            ,Magical®  Gold Forsythia,DCS
OR,017545,FORSYTHIA X MAGICAL R GOLD,Forsythia x intermedia 'Kolgold'                            ,Magical®  Gold Forsythia,DCS
OR,074822S,FORSYTHIA X SHOW OFF TM P19321,"Forsythia x intermedia 'Mindor' P.P. #19,321, C.B.R.A.F.    ",Show Off™  Forsythia,DCS
OR,037101,FORSYTHIA X SPRING GLORY,Forsythia x intermedia 'Spring Glory'                       ,Spring Glory Forsythia                                      ,DCS
OR,037105,FORSYTHIA X SPRING GLORY,Forsythia x intermedia 'Spring Glory'                       ,Spring Glory Forsythia                                      ,DCS
OR,037172,FOTHERGILLA GARDENII,Fothergilla gardenii                                        ,Dwarf Fothergilla                                           ,DCS
OR,068341,FRAGARIA TRISTAR,Fragaria Tristar                                            ,Tristar Strawberry                                          ,PRN
OR,086091,FRAGARIA X ANANASSA TOSCANA,Fragaria x ananassa 'Toscana'                               ,Toscana Strawberry                                          ,PRN
OR,073101,FRAGARIA X SAN ANDREAS PP19975,"Fragaria x ananassa 'San Andreas' P.P. #19,975              ",San Andreas Strawberry                                      ,PRN
OR,07310UT,FRAGARIA X SAN ANDREAS PP19975,"Fragaria x ananassa 'San Andreas' P.P. #19,975              ",San Andreas Strawberry                                      ,PRN
OR,068361,FRAGARIA X SEASCAPE R,Fragaria x ananassa 'Seascape'                              ,Seascape Strawberry                                         ,PRN
OR,06836UT,FRAGARIA X SEASCAPE R,Fragaria x ananassa 'Seascape'                              ,Seascape Strawberry                                         ,PRN
OR,081762,FUCHSIA DEBRON'S FNNY VALNTINE,Fuchsia hybrida 'DebRon's Funny Valentine'                  ,DebRon's Funny Valentine Fuchsia                            ,DCS
OR,081772,FUCHSIA DEBRON'S JOAN LOU,Fuchsia hybrida 'DebRon's Joan Lou'                         ,DebRon's Joan Lou Fuchsia                                   ,DCS
OR,051111,FUCHSIA DEBRON'S STORMY NIGHT,Fuchsia x 'DebRon's Stormy Night'                           ,DebRon's Stormy Night Fuchsia                               ,DCS
OR,051112,FUCHSIA DEBRON'S STORMY NIGHT,Fuchsia x 'DebRon's Stormy Night'                           ,DebRon's Stormy Night Fuchsia                               ,DCS
OR,049861,FUCHSIA GENII AUREA,Fuchsia genii                                               ,Hardy Fuchsia                                               ,DCS
OR,049872,FUCHSIA MAGEL WINDCLIFF FLURRY,Fuchsia magellanica 'Windcliff Flurry'                      ,Windcliff Flurry Hardy Fuchsia                              ,DCS
OR,037642,FUCHSIA SANTA CLAUS,Fuchsia hybrida 'Santa Claus'                               ,Santa Claus Fuchsia                                         ,DCS
OR,408811,GAILLARDIA SUNSET CELEBRATION,Gaillardia x grandiflora 'Celebration' P.P.A.F.             ,Celebration Blanket Flower                                  ,PRN
OR,408751,GAILLARDIA SUNSET FLASH PPAF,Gaillardia x grandiflora 'Sunset Flash' P.P.A.F.            ,Sunset Flash Blanket Flower                                 ,PRN
OR,408801,GAILLARDIA SUNSET SNAPPY PPAF,Gaillardia x grandiflora 'Sunset Snappy'                    ,Sunset Snappy Blanket Flower                                ,PRN
OR,037781,GAULTHERIA PRO VERY BERRY,Gaultheria procumbens 'Very Berry'                          ,Very Berry Creeping Wintergreen                             ,EVS
OR,037791,GAULTHERIA PROCUMBENS,Gaultheria procumbens                                       ,Creeping Wintergreen                                        ,EVS
OR,017611,GAULTHERIA RED BARON,Gaultheria procumbens 'Red Baron'                           ,Red Baron Creeping Wintergreen                              ,EVS
OR,412661,GAURA L LITTLE JANIE,Gaura lindhemeri 'Little Janie' P.P.A.F.                    ,Little Janie Gaura                                          ,PRN
OR,086711,GAURA L PINK LADY PP17494,"Gaura lindheimeri 'Pink Lady' P.P.#17,494                   ",Pink Lady Gaura                                             ,PRN
OR,036481,GAURA PASSIONATE RAINBW P17002,"Gaura lindheimeri 'Passionate Rainbow' P.P.# 17,002         ",Passionate Rainbow Gaura                                    ,PRN
OR,048591,GAZANIA LIN COLORADO GOLD R,Gazania linearis 'Colorado Gold'                            ,Colorado Gold®  Treasure Flower,PRN
OR,04859UT,GAZANIA LIN COLORADO GOLD R,Gazania linearis 'Colorado Gold'                            ,Colorado Gold®  Treasure Flower,PRN
OR,038122,GENISTA PIL GOLD FLASH,Genista pilosa 'Gold Flash'                                 ,Gold Flash Broom                                            ,DCS
OR,03828UT,GERANIUM CIN SUBCAULESCENS,Geranium cinereum var. subcaulescens                        ,Black-Eyed Magenta Cranesbill                               ,PRN
OR,023081,GERANIUM ROZANNE PP12175,Geranium x 'Rozanne' P.P.# 12175                            ,Rozanne Cranesbill                                          ,PRN
OR,038331,GERANIUM X CAN BIOKOVO,Geranium x cantabrigiense 'Biokovo'                         ,Biokovo Cranesbill                                          ,PRN
OR,02145UT,GEUM COCC BORISII,Geum coccineum 'Borisii'                                    ,Boris Avens                                                 ,PRN
OR,038355,GINKGO BIL AUTUMN GOLD,Ginkgo biloba 'Autumn Gold'                                 ,Autumn Gold Maidenhair Tree                                 ,TRE
OR,033975,GINKGO BIL JADE BUTTERFLIES,Ginkgo biloba 'Jade Butterfly'                              ,Jade Butterfly Maidenhair Tree                              ,TRE
OR,014012,GR-CAL ACUT KARL FOERSTER,Calamagrostis x acutiflora 'Karl Foerster'                  ,Foerster's Feather Reed Grass                               ,GRS
OR,014082,GR-CALAMAGROSTIS  BRACHYTRICA,Calamagrostis brachytricha                                  ,Korean Feather Reed Grass                                   ,GRS
OR,022581,GR-CAREX BUCHANANII,Carex buchananii                                            ,Fox Red Curly Sedge                                         ,GRS
OR,035931,GR-CAREX DOL KAGA NISHIKI,Carex dolichostachya 'Kaga Nishiki'                         ,Gold Fountains Sedge                                        ,GRS
OR,022591,GR-CAREX ELATA BOWLES GOLDEN,Carex elata 'Bowles Golden'                                 ,Bowles Golden Sedge                                         ,GRS
OR,035832,GR-CAREX MOR ICE DANCE,Carex morrowii 'Ice Dance'                                  ,Ice Dance Japanese Sedge                                    ,GRS
OR,024091,GR-CHASMANTHIUM LATIFOLIUM,Chasmanthium latifolium                                     ,Northern Sea Oats                                           ,GRS
OR,089282,GR-DESCHAMPSIA SCHOTTLAND,Deschampsia caespitosa 'Schottland'                         ,Scottish Tufted Hair Grass                                  ,GRS
OR,031942,GR-ELYMUS ARENARIUS BLUE DUNE,Elymus arenarius 'Blue Dune'                                ,Blue Dune Lyme Grass                                        ,GRS
OR,028051,GR-ERIANTHUS RAVENNAE,Erianthus ravennae                                          ,Hardy Pampas Grass                                          ,GRS
OR,036671,GR-FESTUCA GLAUCA ELIJAH BLUE,Festuca glauca 'Elijah Blue'                                ,Elijah Blue Fescue                                          ,GRS
OR,03667UT,GR-FESTUCA GLAUCA ELIJAH BLUE,Festuca glauca 'Elijah Blue'                                ,Elijah Blue Fescue                                          ,GRS
OR,03591UT,GR-HAKONECHLOA MACRA ALL GOLD,Hakonechloa macra 'All Gold'                                ,All Gold Japanese Forest Grass                              ,GRS
OR,038681,GR-HAKONECHLOA MACRA AUREOLA,Hakonechloa macra 'Aureola'                                 ,Golden Japanese Forest Grass                                ,GRS
OR,061565,GR-MIS SIN GRACILLIMUS,Miscanthus sinensis 'Gracillimus'                           ,Maiden Grass                                                ,GRS
OR,061765,GR-MIS SIN PURPURASCENS,Miscanthus sinensis 'Purpurascens'                          ,Purple Silver Grass                                         ,GRS
OR,005621,GR-MOLINIA CAER ARUND SKYRACER,Molina caerulea subsp. arundinacea 'Skyracer'               ,Skyracer Purple Moor Grass                                  ,GRS
OR,005622,GR-MOLINIA CAER ARUND SKYRACER,Molina caerulea subsp. arundinacea 'Skyracer'               ,Skyracer Purple Moor Grass                                  ,GRS
OR,061701,GR-MOLINIA CAER VARIEGATA,Molinia caerulea 'Variegata'                                ,Variegated Moor Grass                                       ,GRS
OR,022961,GR-PAN VIR NORTHWIND,Panicum virgatum 'Northwind'                                ,Northwind Switch Grass                                      ,GRS
OR,063881,GR-PAN VIR SHENANDOAH,Panicum virgatum 'Shenandoah'                               ,Shenandoah Switch Grass                                     ,GRS
OR,064262,GR-PENN ALO HAMELN,Pennisetum alopecuroides 'Hameln'                           ,Dwarf Fountain Grass                                        ,GRS
OR,06359UT,GR-PENN ALO LITTLE BUNNY,Pennisetum alopecuroides 'Little Bunny'                     ,Little Bunny Dwarf Fountain Grass                           ,GRS
OR,049931,GR-RHODOCOMA CAPENSIS,Rhodocoma capensis                                          ,Giant Cape Restio                                           ,GRS
OR,033202,GUNNERA TINCTORIA,Gunnera tinctoria                                           ,Chilean Prickly Rhubarb                                     ,PRN
OR,039285,HAMAMELIS X INT ARNOLD PROMISE,Hamamelis x intermedia 'Arnold Promise'                     ,Arnold Promise Witch Hazel                                  ,DCS
OR,039235,HAMAMELIS X INT JELENA,Hamamelis x intermedia 'Jelena'                             ,Jelena Witch Hazel                                          ,DCS
OR,056051,HEBE BARNETTII,Hebe albicans 'Barnettii'                                   ,Barnett Hebe                                                ,EVS
OR,050921,HEBE IMBRICATA,Hebe imbricata                                              ,Hebe                                                        ,EVS
OR,050961,HEBE JASPER,Hebe 'Jasper'                                               ,Jasper Hebe                                                 ,EVS
OR,05096UT,HEBE JASPER,Hebe 'Jasper'                                               ,Jasper Hebe                                                 ,EVS
OR,051031,HEBE PIMELEOIDES QUICKSILVER,Hebe pimeleoides 'Quicksilver'                              ,Quicksilver Hebe                                            ,EVS
OR,039462,HEBE PING SUTHERLANDII,Hebe pinguifolia 'Sutherlandii'                             ,Sutherland Hebe                                             ,EVS
OR,412821,HELENIUM AUT CAN CAN,Helenium autumnale 'Can Can'                                ,Can Can Sneezeweed                                          ,PRN
OR,413081,HELIOPSIS HEL SUNSTRUCK P25524,"Heliopsis helianthoides 'Sunstruck' P.P.#25,524             ",Sunstruck False Sunflower                                   ,PRN
OR,067231,HELLE WJEWELS R PAINTED,Helleborus 'Painted'                                        ,Winter Jewels®  Painted Lenten Rose,PRN
OR,075431,HELLEBORUS X DOUBLE FANTASY,Helleborus niger 'Double Fantasy'                           ,Double Fantasy Lenten Rose (Winter Dreams Series)           ,PRN
OR,040511,HEM HAPPY RETURNS,Hemerocallis x 'Happy Returns'                              ,Happy Returns Dwarf Daylily                                 ,PRN
OR,040512,HEM HAPPY RETURNS,Hemerocallis x 'Happy Returns'                              ,Happy Returns Dwarf Daylily                                 ,PRN
OR,040131,HEM MINI PEARL,Hemerocallis x 'Mini Pearl'                                 ,Mini Pearl Dwarf Daylily                                    ,PRN
OR,083984PTC,HEM PINK PLAYMATE,Hemerocallis x 'Pink Playmate'                              ,Pink Playmate Daylily                                       ,PRN
OR,040631,HEM PRAIRIE BLUE EYES,Hemerocallis x 'Prairie Blue Eyes'                          ,Prairie Blue Eyes Daylily                                   ,PRN
OR,083941,HEM SILOAM GUMDROP,Hemerocallis x 'Siloam Gumdrop'                             ,Siloam Gumdrop Daylily                                      ,PRN
OR,064181,HESPERALOE BRK LIGHTS R P21729,"Hesperaloe parviflora 'Perpa' P.P. # 21,729                 ",Brakelights®  Red Yucca,EVS
OR,403231,HEUCHERA BERRY SMOOTHIE P21871,"Heuchera ' Berry Smoothie' P.P.# 21,871 C.O.P.F.            ",Berry Smoothie Coral Bells                                  ,PRN
OR,097171,HEUCHERA CARNIVAL RSE GRNT PAF,Heuchera x hybrida 'Carnival Rose Granita'                  ,Carnival Rose Granita Coral Bells                           ,PRN
OR,036711,HEUCHERA CAROLINE PP20026,"Heuchera x 'Caroline' P.P. #20,026                          ",Caroline Coral Bells                                        ,PRN
OR,403241,HEUCHERA CHERRY COLA P22967,Heuchera 'Cherry Cola' P.P.A.F.                             ,Cherry Cola Heuchera                                        ,PRN
OR,054911,HEUCHERA FIRE CHIEF PP21880,Heuchera x 'Fire Chief' P.P.#21880                          ,Fire Chief Coral Bells                                      ,PRN
OR,023101,HEUCHERA FROSTED VIOLET P15085,Heuchera 'Frosted Violet' P.P.# 15085                       ,Frosted Violet Coral Bells                                  ,PRN
OR,047531,HEUCHERA GEORGIA PEACH PP19375,Heuchera x 'Georgia Peach' P.P.# 19375                      ,Georgia Peach Coral Bells                                   ,PRN
OR,018661,HEUCHERA GREEN SPICE,Heuchera americana 'Green Spice'                            ,Green Spice Coral Bells                                     ,PRN
OR,028871,HEUCHERA MARMALADE PP15945,Heuchera x 'Marmalade' P.P.# 15945                          ,Marmalade Coral Bells                                       ,PRN
OR,045721,HEUCHERA MIDNIGHT ROSE PP18551,Heuchera x 'Midnight Rose' P.P.# 18551                      ,Midnight Rose Coral Bells                                   ,PRN
OR,040451,HEUCHERA PALACE PURPLE,Heuchera micrantha 'Palace Purple'                          ,Palace Purple Coral Bells                                   ,PRN
OR,047541,HEUCHERA PEACH FLAMBEE PP17195,Heuchera x 'Peach Flambe' P.P.# 17195                       ,Peach Flambe Coral Bells                                    ,PRN
OR,036694PTC,HEUCHERA ROSE MAJESTY PP17414,"Heuchera x 'Rose Majesty P.P. #17,414                       ",Rose Majesty Coral Bells                                    ,PRN
OR,054481,HEUCHERELLA GOLD ZEBRA PPAF,Heucherella 'Gold Zebra' PP# 22104 COPF                     ,Gold Zebra Foamy Bells                                      ,PRN
OR,076241,HEUCHERELLA REDSTN FLLS P22394,"Heucherella x 'Redstone Falls' P.P.# 22,394                 ",Redstone Falls Trailing Foamy Bells                         ,PRN
OR,407761,HEUCHERELLA SOLAR ECLIPSE,Heucherella 'Solar Eclipse'                                 ,Solar Eclipse Foamy Bells                                   ,PRN
OR,041171,HEUCHERELLA SWEET TEA PPAF,"Heucherella 'Sweet Tea' P.P.#21,296                         ",Sweet Tea Foamy Bells                                       ,PRN
OR,056365,HOLBOELLIA COR CATHEDRAL GEM,Holboellia coriacea 'Cathedral Gem'                         ,Cathedral Gem Sausage Vine                                  ,VIN
OR,031872,HOSTA ABIQUA DRINKING GOURD,Hosta (H. 'Tokudama' x H. sieboldiana) 'Abiqua Drinking Gour,Abiqua Drinking Gourd Plantain Lily                         ,PRN
OR,036984PTC,HOSTA APHRODITE,Hosta plantaginea 'Aphrodite'                               ,Aphrodite Plantain Lily                                     ,PRN
OR,093061,HOSTA ENTERPRISE,Hosta 'Enterprise'                                          ,Enterprise Hosta                                            ,PRN
OR,093062,HOSTA ENTERPRISE,Hosta 'Enterprise'                                          ,Enterprise Hosta                                            ,PRN
OR,041472,HOSTA EOLA SAPPHIRE,Hosta x 'Eola Sapphire'                                     ,Eola Sapphire Plantain Lily                                 ,PRN
OR,075112,HOSTA FANTASY ISLAND,Hosta 'Fantasy Island'                                      ,Fantasy Island Plantain Lily                                ,PRN
OR,041862,HOSTA FLUCTUANS VARIEG (SAGAE),Hosta x 'Sagae'                                             ,Variegated Plantain Lily                                    ,PRN
OR,041695,HOSTA FRANCEE,Hosta x 'Francee'                                           ,Francee Plantain Lily                                       ,PRN
OR,041532,HOSTA GINKO CRAIG,Hosta x 'Ginko Craig'                                       ,Ginko Craig Plantain Lily                                   ,PRN
OR,04153UT,HOSTA GINKO CRAIG,Hosta x 'Ginko Craig'                                       ,Ginko Craig Plantain Lily                                   ,PRN
OR,041771,HOSTA GOLDEN PRAYERS,Hosta x 'Golden Prayers'                                    ,Golden Prayers Plantain Lily                                ,PRN
OR,04177UT,HOSTA GOLDEN PRAYERS,Hosta x 'Golden Prayers'                                    ,Golden Prayers Plantain Lily                                ,PRN
OR,019911,HOSTA GREAT EXPECTATIONS,Hosta 'Great Expectations'                                  ,Great Expectations Plantain Lily                            ,PRN
OR,017522,HOSTA GUACAMOLE,Hosta x 'Guacamole'                                         ,Guacamole Plantain Lily                                     ,PRN
OR,017525,HOSTA GUACAMOLE,Hosta x 'Guacamole'                                         ,Guacamole Plantain Lily                                     ,PRN
OR,041822,HOSTA KROSSA REGAL,Hosta x 'Krossa Regal'                                      ,Krossa Regal Plantain Lily                                  ,PRN
OR,041825,HOSTA KROSSA REGAL,Hosta x 'Krossa Regal'                                      ,Krossa Regal Plantain Lily                                  ,PRN
OR,006982,HOSTA MINUTEMAN,Hosta x 'Minuteman'                                         ,Minuteman Plantain Lily                                     ,PRN
OR,028392,HOSTA OLIVE BAILEY LANGDON,Hosta x 'Olive Bailey Langdon'                              ,Olive Bailey Langdon Plantain Lily                          ,PRN
OR,028395,HOSTA OLIVE BAILEY LANGDON,Hosta x 'Olive Bailey Langdon'                              ,Olive Bailey Langdon Plantain Lily                          ,PRN
OR,041882,HOSTA PATRIOT,Hosta x 'Patriot'                                           ,Patriot Plantain Lily                                       ,PRN
OR,007012,HOSTA REGAL SPLENDOR,Hosta x 'Regal Splendor'                                    ,Regal Splendor Plantain Lily                                ,PRN
OR,039472,HOSTA ROSEDALE GOLDEN GOOSE,Hosta 'Rosedale Golden Goose'                               ,Rosedale Golden Goose Plantain Lily                         ,PRN
